Nitrogen,Phosphorus,Potassium,pH,Rainfall,Temperature,District_Name,Soil_color,Crop,Fertilizer
108.08,50.55,41.15,6.31,803.74,21.27,Kolhapur,Dark Brown,Wheat,19:19:19 NPK
135.12,75.83,61.91,8.25,1082.59,29.93,Solapur,Black,Sugarcane,MOP
105.06,60.35,37.83,5.92,775.69,22.08,Kolhapur,Dark Brown,Wheat,19:19:19 NPK
147.23,82.16,37.78,8.0,386.51,27.87,Kolhapur,Dark Brown,Maize,SSP
133.53,77.57,43.97,7.88,492.8,25.87,Kolhapur,Dark Brown,Maize,SSP
72.92,48.03,43.87,6.84,577.19,19.72,Satara,Black,Wheat,19:19:19 NPK
129.01,78.2,51.51,8.35,1152.8,29.82,Solapur,Black,Sugarcane,MOP
104.06,53.26,46.03,6.08,834.68,22.77,Kolhapur,Dark Brown,Wheat,19:19:19 NPK
139.78,82.79,140.89,8.28,1404.75,21.62,Pune,Black,Sugarcane,DAP
97.78,45.65,43.28,6.42,646.27,23.76,Sangli,Black,Wheat,Urea
133.35,78.76,131.66,7.03,1034.29,29.51,Satara,Black,Sugarcane,MOP
148.41,82.11,38.21,7.98,362.84,26.92,Kolhapur,Dark Brown,Maize,SSP
107.83,68.71,138.29,7.93,1303.21,29.45,Pune,Black,Sugarcane,MOP
149.47,84.91,37.07,8.21,322.42,29.57,Kolhapur,Dark Brown,Maize,SSP
31.58,40.94,35.87,6.42,751.92,25.9,Satara,Black,Jowar,Urea
101.19,57.67,51.31,6.06,853.0,20.16,Kolhapur,Dark Brown,Wheat,Urea
123.31,61.79,57.56,6.77,699.47,25.55,Sangli,Black,Wheat,Urea
149.24,87.0,30.78,8.27,332.52,24.66,Kolhapur,Dark Brown,Maize,SSP
68.5,56.09,50.49,6.19,592.15,16.15,Kolhapur,Dark Brown,Wheat,19:19:19 NPK
137.56,80.59,137.67,7.57,815.41,30.16,Satara,Black,Sugarcane,Urea
121.57,73.04,119.54,7.44,776.77,23.12,Satara,Black,Sugarcane,Urea
126.1,71.44,61.57,8.25,1175.51,30.29,Solapur,Black,Sugarcane,MOP
141.23,75.92,59.64,7.86,593.78,29.03,Sangli,Black,Maize,MOP
77.46,53.03,42.94,6.31,644.49,15.83,Kolhapur,Dark Brown,Wheat,19:19:19 NPK
29.14,36.7,32.73,6.6,729.74,24.45,Satara,Black,Jowar,Urea
139.81,81.51,142.69,7.24,825.65,26.02,Satara,Black,Sugarcane,Urea
137.56,73.86,134.79,7.49,886.37,22.16,Satara,Black,Sugarcane,Urea
123.33,79.09,65.63,8.47,978.64,26.42,Solapur,Black,Sugarcane,DAP
123.56,55.94,33.91,6.91,940.1,18.13,Sangli,Black,Wheat,19:19:19 NPK
117.99,70.98,141.91,7.92,1246.71,28.55,Pune,Black,Sugarcane,Urea
139.65,80.72,139.57,7.47,906.99,27.8,Satara,Black,Sugarcane,Urea
84.61,41.08,48.11,6.15,901.93,23.75,Kolhapur,Dark Brown,Wheat,Urea
138.06,83.36,146.35,8.43,1474.87,21.82,Pune,Black,Sugarcane,DAP
113.5,70.05,121.61,8.05,1299.61,30.51,Pune,Black,Sugarcane,MOP
131.77,84.39,140.85,6.41,910.87,29.6,Satara,Black,Sugarcane,Urea
146.1,80.29,45.98,7.91,425.6,29.09,Kolhapur,Dark Brown,Maize,MOP
134.41,77.2,50.23,8.26,1165.71,31.31,Solapur,Black,Sugarcane,MOP
92.89,50.78,49.71,6.64,790.42,23.36,Sangli,Black,Wheat,19:19:19 NPK
95.45,57.41,55.11,5.74,856.97,23.7,Kolhapur,Dark Brown,Wheat,Urea
132.94,83.36,136.75,8.46,1356.28,21.92,Pune,Black,Sugarcane,DAP
43.71,48.01,43.89,6.4,761.07,19.43,Satara,Black,Wheat,Urea
93.72,39.52,46.74,6.79,839.19,15.2,Sangli,Black,Wheat,Urea
111.53,42.74,54.35,6.74,752.43,20.79,Sangli,Black,Wheat,19:19:19 NPK
137.93,75.8,44.02,7.21,580.62,23.28,Sangli,Black,Maize,SSP
137.05,76.61,141.42,7.8,1115.59,27.8,Pune,Black,Sugarcane,Urea
45.74,51.16,55.61,6.77,885.21,27.82,Satara,Black,Ginger,Urea
141.33,82.21,117.66,8.32,1197.6,23.86,Pune,Black,Sugarcane,DAP
112.29,58.6,34.28,6.14,925.47,23.41,Kolhapur,Dark Brown,Wheat,19:19:19 NPK
141.56,76.3,43.8,7.79,521.13,26.19,Kolhapur,Dark Brown,Maize,SSP
81.93,46.89,46.21,5.84,851.59,20.57,Kolhapur,Dark Brown,Wheat,Urea
95.23,51.42,50.14,6.03,891.99,24.36,Kolhapur,Dark Brown,Wheat,Urea
129.8,82.2,132.94,6.33,992.67,27.33,Satara,Black,Sugarcane,Urea
128.41,65.96,47.65,6.71,692.04,25.66,Sangli,Black,Maize,SSP
41.49,20.66,25.58,7.57,745.33,28.02,Kolhapur,Dark Brown,Jowar,Urea
136.24,75.2,47.42,7.06,552.26,27.99,Sangli,Black,Maize,SSP
40.44,51.92,111.3,7.97,1236.85,27.82,Kolhapur,Black,Sugarcane,Urea
64.38,38.98,36.45,6.93,526.66,17.54,Satara,Black,Wheat,Urea
135.34,75.45,40.95,6.79,641.51,22.67,Sangli,Black,Maize,Urea
78.27,42.54,41.24,6.96,628.56,16.55,Kolhapur,Dark Brown,Wheat,Urea
111.8,56.41,48.88,5.98,917.61,25.11,Kolhapur,Dark Brown,Wheat,Urea
131.99,81.19,112.49,8.46,1244.55,22.37,Pune,Black,Sugarcane,DAP
124.67,76.12,54.82,8.19,1125.08,32.37,Solapur,Black,Sugarcane,MOP
145.82,80.25,45.67,7.77,436.89,27.7,Kolhapur,Dark Brown,Maize,MOP
129.41,69.54,129.93,8.13,1294.46,31.73,Pune,Black,Sugarcane,MOP
112.24,40.02,48.6,6.49,888.9,17.62,Sangli,Black,Wheat,19:19:19 NPK
141.08,75.82,129.24,7.71,832.78,19.79,Satara,Black,Sugarcane,Urea
139.68,81.78,135.71,8.26,1318.95,23.4,Pune,Black,Sugarcane,DAP
89.86,61.9,52.92,5.76,888.13,24.52,Kolhapur,Dark Brown,Wheat,19:19:19 NPK
131.71,75.2,90.67,8.12,1117.24,28.8,Satara,Black,Sugarcane,MOP
108.7,54.23,39.66,6.09,849.61,22.44,Kolhapur,Dark Brown,Wheat,19:19:19 NPK
134.23,79.04,133.37,8.16,1088.32,31.11,Pune,Black,Sugarcane,MOP
120.04,79.23,138.46,7.07,839.41,27.85,Satara,Black,Sugarcane,MOP
88.85,52.67,31.23,6.39,810.83,24.3,Kolhapur,Dark Brown,Wheat,19:19:19 NPK
138.96,78.66,140.07,6.84,839.85,26.81,Satara,Black,Sugarcane,Urea
139.65,78.73,38.36,7.79,466.08,29.91,Kolhapur,Dark Brown,Maize,MOP
79.62,60.15,103.14,7.89,1135.67,27.8,Kolhapur,Dark Brown,Sugarcane,MOP
61.49,48.42,39.63,6.57,577.4,15.92,Satara,Black,Wheat,Urea
142.4,86.85,40.21,8.47,858.52,31.11,Solapur,Black,Sugarcane,MOP
104.96,51.52,48.79,5.96,816.5,24.13,Kolhapur,Dark Brown,Wheat,19:19:19 NPK
75.22,66.88,62.06,7.38,654.21,28.13,Satara,Black,Moong,MOP
101.31,51.72,41.94,6.38,947.22,24.42,Kolhapur,Dark Brown,Wheat,Urea
138.65,81.36,114.42,8.2,1022.63,28.82,Satara,Black,Sugarcane,DAP
92.58,65.09,42.97,5.92,838.43,23.67,Kolhapur,Dark Brown,Wheat,19:19:19 NPK
112.5,77.01,127.89,7.25,764.12,30.09,Satara,Black,Sugarcane,MOP
116.31,69.56,130.65,7.82,1215.78,28.91,Pune,Black,Sugarcane,MOP
133.95,75.77,136.55,7.21,1052.63,24.9,Pune,Black,Sugarcane,Urea
65.18,47.15,44.39,6.94,605.49,18.0,Satara,Black,Wheat,Urea
79.85,45.59,47.56,6.42,696.96,17.65,Kolhapur,Dark Brown,Wheat,Urea
113.73,49.06,47.0,6.59,879.03,19.18,Sangli,Black,Wheat,19:19:19 NPK
134.55,78.61,43.69,6.96,538.49,24.65,Sangli,Black,Maize,SSP
50.46,48.89,62.05,6.42,703.21,19.75,Satara,Black,Wheat,Urea
124.89,60.03,47.03,6.95,826.91,21.54,Sangli,Black,Wheat,19:19:19 NPK
67.64,56.5,96.49,8.16,1222.6,28.76,Kolhapur,Black,Sugarcane,MOP
130.5,69.92,95.04,7.13,1008.53,21.78,Pune,Black,Wheat,Urea
30.27,47.94,61.67,6.09,875.07,24.05,Satara,Black,Ginger,Urea
131.25,63.98,42.95,7.01,701.64,21.22,Sangli,Black,Maize,19:19:19 NPK
140.86,83.58,144.32,6.95,959.23,29.6,Satara,Black,Sugarcane,Urea
55.95,50.09,46.1,6.5,574.44,21.1,Satara,Black,Wheat,19:19:19 NPK
104.25,41.2,50.32,6.51,849.66,21.21,Sangli,Black,Wheat,19:19:19 NPK
137.65,81.0,119.92,7.87,972.93,29.96,Satara,Black,Sugarcane,MOP
137.9,78.46,81.11,8.23,1118.22,29.99,Satara,Black,Sugarcane,MOP
122.64,73.54,114.31,7.32,972.09,28.34,Pune,Black,Sugarcane,MOP
29.53,35.02,44.24,6.31,695.3,23.81,Satara,Black,Jowar,Urea
140.46,83.81,144.18,7.01,937.12,30.25,Satara,Black,Sugarcane,Urea
139.98,84.23,141.46,6.63,864.21,30.79,Satara,Black,Sugarcane,Urea
42.17,49.08,46.61,6.17,693.76,21.32,Satara,Black,Wheat,Urea
106.6,50.59,48.72,6.06,855.57,23.25,Kolhapur,Dark Brown,Wheat,Urea
90.96,49.99,45.79,6.23,674.36,21.83,Satara,Dark Brown,Wheat,19:19:19 NPK
120.71,66.94,129.74,7.91,1295.46,28.97,Pune,Black,Sugarcane,Urea
145.62,83.96,45.76,7.57,411.77,24.66,Sangli,Black,Maize,SSP
56.96,43.58,38.21,6.47,586.06,17.63,Satara,Black,Wheat,Urea
133.14,73.91,143.88,8.13,1351.87,31.53,Pune,Black,Sugarcane,MOP
138.02,76.12,62.73,8.26,1151.19,31.26,Solapur,Black,Sugarcane,MOP
70.19,52.94,42.09,6.19,558.01,20.38,Satara,Black,Wheat,19:19:19 NPK
126.06,60.99,96.0,7.19,665.9,21.06,Satara,Black,Wheat,Urea
91.06,51.39,49.43,6.2,827.77,19.81,Kolhapur,Dark Brown,Wheat,Urea
116.06,76.03,125.52,6.58,838.4,27.62,Satara,Black,Sugarcane,Urea
100.11,52.97,46.49,6.24,908.46,22.32,Kolhapur,Dark Brown,Wheat,Urea
60.98,52.91,108.17,7.9,1322.94,29.53,Kolhapur,Black,Sugarcane,MOP
134.35,81.38,119.14,8.35,1209.64,24.47,Pune,Black,Sugarcane,DAP
101.01,71.91,141.61,8.08,1357.59,28.9,Pune,Black,Sugarcane,MOP
90.11,73.08,113.27,6.96,839.55,25.12,Satara,Black,Sugarcane,MOP
144.79,84.17,36.16,7.6,471.24,23.04,Sangli,Black,Maize,SSP
141.15,79.45,39.72,7.89,574.32,26.34,Kolhapur,Dark Brown,Maize,Urea
94.31,59.98,45.76,6.07,657.73,18.71,Kolhapur,Dark Brown,Wheat,19:19:19 NPK
128.03,83.2,143.36,8.18,1191.58,25.43,Pune,Black,Sugarcane,DAP
113.37,69.69,137.6,7.94,1180.68,24.44,Pune,Black,Sugarcane,Urea
146.78,81.47,44.84,7.98,394.98,26.9,Kolhapur,Dark Brown,Maize,SSP
147.5,84.57,30.45,8.11,397.56,24.64,Kolhapur,Dark Brown,Maize,SSP
25.55,39.35,44.94,6.25,755.9,21.93,Satara,Black,Ginger,Urea
103.04,57.0,45.15,5.89,893.77,19.95,Kolhapur,Dark Brown,Wheat,Urea
139.8,85.5,140.78,6.44,931.4,29.84,Satara,Black,Sugarcane,Urea
77.92,54.23,55.29,5.91,762.97,16.92,Kolhapur,Dark Brown,Wheat,Urea
136.81,75.61,77.94,8.21,1116.94,30.37,Solapur,Black,Sugarcane,MOP
139.22,81.08,133.1,7.08,912.84,30.24,Satara,Black,Sugarcane,Urea
131.97,73.51,134.62,8.16,1214.03,30.87,Pune,Black,Sugarcane,MOP
55.69,56.92,70.94,6.67,678.46,18.35,Satara,Black,Wheat,19:19:19 NPK
100.29,54.83,47.35,6.02,853.96,24.26,Kolhapur,Dark Brown,Wheat,19:19:19 NPK
130.21,64.11,43.89,7.07,734.23,21.28,Sangli,Black,Maize,SSP
138.05,84.46,145.95,8.45,1447.74,20.33,Pune,Black,Sugarcane,DAP
128.54,80.74,131.46,7.84,979.26,30.69,Satara,Black,Sugarcane,MOP
138.5,82.58,126.94,8.25,1052.92,26.21,Satara,Black,Sugarcane,DAP
137.05,82.54,136.09,6.68,839.68,27.96,Satara,Black,Sugarcane,Urea
135.61,82.02,38.02,8.48,703.76,25.34,Solapur,Black,Sugarcane,MOP
110.41,39.53,46.37,6.43,846.16,21.06,Sangli,Dark Brown,Wheat,Urea
108.32,54.0,37.7,6.86,750.68,19.39,Sangli,Black,Wheat,Urea
145.79,80.9,48.83,7.89,458.69,26.17,Kolhapur,Dark Brown,Maize,SSP
67.87,50.37,47.64,6.28,763.46,19.53,Kolhapur,Dark Brown,Wheat,Urea
139.74,81.85,47.78,8.4,1057.14,30.83,Solapur,Black,Sugarcane,MOP
128.73,82.42,143.49,6.8,896.78,29.54,Satara,Black,Sugarcane,MOP
98.26,51.43,45.94,6.39,835.54,22.8,Kolhapur,Dark Brown,Wheat,Urea
136.8,78.14,143.71,7.62,1211.82,29.19,Pune,Black,Sugarcane,Urea
73.14,64.38,127.75,8.12,1270.99,28.47,Pune,Black,Sugarcane,MOP
147.0,79.37,44.5,7.92,433.92,27.67,Kolhapur,Dark Brown,Maize,SSP
104.61,59.72,48.67,5.79,736.78,21.39,Kolhapur,Dark Brown,Wheat,19:19:19 NPK
71.08,57.51,108.66,8.08,1280.16,29.18,Kolhapur,Black,Sugarcane,MOP
139.82,79.08,143.61,7.6,1024.44,28.71,Satara,Black,Sugarcane,Urea
121.48,52.04,33.93,6.33,932.5,22.9,Kolhapur,Dark Brown,Wheat,19:19:19 NPK
135.07,79.96,143.59,7.99,1079.3,29.7,Pune,Black,Sugarcane,MOP
90.04,74.27,117.45,6.75,1065.51,27.19,Satara,Black,Sugarcane,DAP
118.42,52.36,41.96,6.8,966.64,22.45,Sangli,Black,Wheat,19:19:19 NPK
65.44,53.94,38.44,6.54,636.83,23.1,Satara,Black,Wheat,19:19:19 NPK
39.56,50.34,53.72,6.19,767.06,21.39,Satara,Black,Wheat,Urea
119.43,67.82,119.69,7.04,787.56,22.49,Satara,Black,Sugarcane,Urea
91.47,54.33,57.25,5.99,800.02,17.64,Kolhapur,Dark Brown,Wheat,Urea
135.27,83.23,139.37,6.18,942.49,29.46,Satara,Black,Sugarcane,Urea
134.11,78.58,137.32,7.87,1087.34,30.06,Satara,Black,Sugarcane,MOP
22.86,24.63,40.35,7.1,664.42,27.72,Satara,Black,Jowar,Urea
107.46,79.46,130.65,7.2,1096.1,28.56,Satara,Black,Sugarcane,DAP
87.04,42.93,42.39,6.57,537.17,19.62,Satara,Black,Wheat,19:19:19 NPK
91.57,45.77,56.22,6.12,789.66,21.11,Kolhapur,Dark Brown,Wheat,19:19:19 NPK
78.33,52.13,45.27,6.32,605.56,20.4,Satara,Black,Wheat,19:19:19 NPK
138.37,77.18,44.48,7.19,504.07,25.47,Sangli,Black,Maize,SSP
123.0,83.09,137.23,6.66,907.37,29.76,Satara,Black,Sugarcane,DAP
107.84,54.94,52.83,6.16,798.08,19.87,Kolhapur,Dark Brown,Wheat,Urea
132.93,80.26,58.54,8.35,1154.15,32.17,Solapur,Black,Sugarcane,DAP
97.99,54.91,56.26,6.44,807.93,22.06,Kolhapur,Dark Brown,Wheat,Urea
138.94,84.95,140.24,6.72,851.45,31.29,Satara,Black,Sugarcane,Urea
42.89,25.73,40.18,7.04,657.42,22.52,Kolhapur,Dark Brown,Wheat,Urea
74.9,43.69,53.04,6.44,770.82,20.89,Kolhapur,Dark Brown,Wheat,Urea
62.3,51.93,57.66,6.78,834.68,24.28,Satara,Black,Ginger,Urea
61.21,52.74,48.83,6.13,642.05,17.65,Kolhapur,Dark Brown,Wheat,Urea
134.68,75.17,141.49,8.08,1153.28,26.2,Pune,Black,Sugarcane,Urea
69.48,38.6,39.07,7.56,542.13,15.67,Satara,Black,Wheat,Urea
137.42,77.49,95.07,8.16,1080.36,31.78,Satara,Black,Sugarcane,MOP
109.11,76.09,117.7,6.71,886.71,30.61,Satara,Black,Sugarcane,Urea
126.02,74.16,121.84,7.79,1053.19,29.22,Pune,Black,Sugarcane,MOP
96.61,57.35,54.12,6.19,723.82,16.59,Kolhapur,Dark Brown,Wheat,Urea
43.66,43.9,45.2,6.41,715.34,23.81,Satara,Black,Wheat,Urea
140.23,77.22,138.15,7.45,1082.08,21.53,Pune,Black,Sugarcane,Urea
116.37,50.06,45.82,6.37,907.99,23.46,Kolhapur,Dark Brown,Wheat,19:19:19 NPK
44.61,50.25,113.76,7.91,1282.27,27.12,Kolhapur,Black,Sugarcane,MOP
92.19,48.17,44.09,6.88,745.5,20.49,Kolhapur,Dark Brown,Wheat,Urea
131.99,71.64,50.1,7.23,602.03,26.3,Sangli,Black,Maize,SSP
94.73,75.57,111.26,6.53,999.24,32.63,Satara,Black,Sugarcane,Urea
126.96,81.37,131.23,7.24,929.52,30.42,Satara,Black,Sugarcane,DAP
137.97,83.42,138.45,7.08,868.58,32.75,Satara,Black,Sugarcane,DAP
103.54,46.9,48.33,6.42,841.66,19.57,Kolhapur,Dark Brown,Wheat,19:19:19 NPK
117.88,74.39,96.06,8.11,1166.87,30.84,Solapur,Black,Sugarcane,MOP
40.28,58.69,74.81,6.03,957.53,22.89,Satara,Black,Ginger,Urea
145.86,81.6,47.16,7.62,458.33,25.57,Sangli,Black,Maize,SSP
141.16,74.61,99.17,7.64,912.51,30.86,Pune,Dark Brown,Sugarcane,MOP
146.72,82.62,31.2,8.03,378.34,30.78,Sangli,Black,Maize,MOP
119.14,66.7,90.96,6.72,676.75,22.2,Satara,Black,Wheat,Urea
133.41,83.56,137.74,8.49,1327.2,20.48,Pune,Black,Sugarcane,DAP
96.5,62.73,55.03,6.94,665.86,28.78,Sangli,Black,Moong,MOP
128.77,77.85,134.68,7.06,985.65,29.74,Satara,Black,Sugarcane,MOP
99.87,56.72,44.03,6.2,915.0,22.46,Kolhapur,Dark Brown,Wheat,19:19:19 NPK
123.89,59.93,39.11,6.98,710.07,20.37,Sangli,Black,Maize,SSP
49.5,58.73,110.73,7.48,1149.94,25.07,Pune,Black,Ginger,DAP
78.3,40.48,38.13,7.16,714.93,17.53,Kolhapur,Dark Brown,Wheat,Urea
142.59,83.0,146.38,6.87,1058.94,32.52,Satara,Black,Sugarcane,Urea
125.25,82.61,139.61,6.83,790.92,25.91,Satara,Black,Sugarcane,MOP
128.25,73.57,144.44,8.05,1364.3,30.12,Pune,Black,Sugarcane,Urea
139.68,77.26,41.29,7.4,549.8,28.15,Sangli,Black,Maize,SSP
127.92,66.83,67.69,7.67,703.8,28.48,Kolhapur,Dark Brown,Maize,MOP
142.4,81.73,45.97,8.41,1044.06,27.7,Solapur,Black,Sugarcane,MOP
40.67,40.41,35.98,6.48,703.37,23.85,Satara,Black,Jowar,Urea
81.65,52.04,59.39,6.76,642.79,22.34,Sangli,Black,Wheat,19:19:19 NPK
87.52,47.72,41.6,6.04,756.06,16.79,Kolhapur,Dark Brown,Wheat,19:19:19 NPK
138.06,83.9,134.57,7.77,863.08,29.92,Satara,Black,Sugarcane,DAP
96.71,48.81,49.21,6.4,883.5,21.23,Kolhapur,Dark Brown,Wheat,Urea
147.12,79.43,53.35,8.11,400.81,30.89,Kolhapur,Dark Brown,Maize,MOP
133.41,73.54,130.41,8.12,1249.97,31.07,Pune,Black,Sugarcane,MOP
143.18,80.83,39.17,8.46,783.85,26.52,Solapur,Black,Sugarcane,MOP
133.9,75.49,97.99,8.02,1069.17,29.96,Satara,Black,Sugarcane,MOP
105.23,48.58,44.37,6.14,879.49,20.72,Kolhapur,Dark Brown,Wheat,19:19:19 NPK
138.75,82.04,139.21,7.1,868.02,27.19,Satara,Black,Sugarcane,Urea
134.78,78.92,110.3,7.97,999.88,29.07,Satara,Black,Sugarcane,MOP
91.95,63.83,45.99,5.78,962.94,25.04,Kolhapur,Dark Brown,Wheat,19:19:19 NPK
97.7,65.69,62.1,5.68,831.4,23.78,Kolhapur,Dark Brown,Wheat,19:19:19 NPK
98.93,53.74,46.98,5.98,860.23,23.0,Kolhapur,Dark Brown,Wheat,Urea
142.14,82.32,32.2,7.81,520.73,25.33,Kolhapur,Dark Brown,Maize,Urea
140.55,76.59,138.39,7.76,1302.85,27.63,Pune,Black,Sugarcane,Urea
127.95,76.98,34.02,6.81,607.04,21.58,Sangli,Black,Maize,SSP
143.32,80.53,45.06,7.83,487.39,27.54,Kolhapur,Dark Brown,Maize,SSP
101.18,57.76,52.02,5.81,902.95,22.95,Kolhapur,Dark Brown,Wheat,Urea
105.27,56.04,40.62,5.9,762.1,22.28,Kolhapur,Dark Brown,Wheat,19:19:19 NPK
116.08,44.42,51.14,6.49,776.4,19.46,Sangli,Black,Wheat,19:19:19 NPK
134.84,76.01,52.25,8.27,1168.75,31.3,Solapur,Black,Sugarcane,MOP
132.1,68.64,48.27,6.93,600.71,23.41,Sangli,Black,Maize,SSP
136.34,78.94,138.61,7.06,891.29,27.75,Satara,Black,Sugarcane,Urea
136.76,83.56,136.53,7.5,854.04,28.69,Satara,Black,Sugarcane,MOP
50.46,47.01,48.06,6.32,754.68,22.93,Satara,Black,Jowar,Urea
136.33,77.51,42.04,7.23,634.5,21.9,Sangli,Black,Maize,Urea
90.65,59.81,50.0,5.98,753.54,19.05,Kolhapur,Dark Brown,Wheat,Urea
75.76,71.64,119.75,7.48,1216.1,26.91,Satara,Black,Sugarcane,DAP
109.33,54.39,46.93,6.15,838.2,23.35,Kolhapur,Dark Brown,Wheat,19:19:19 NPK
110.34,59.99,33.82,6.17,1001.17,23.51,Kolhapur,Dark Brown,Wheat,19:19:19 NPK
111.67,55.17,42.61,7.16,771.73,18.88,Sangli,Black,Wheat,Urea
85.94,45.19,41.14,6.54,640.69,17.32,Kolhapur,Dark Brown,Wheat,Urea
71.82,61.81,132.87,7.92,1336.81,27.55,Kolhapur,Black,Sugarcane,Urea
113.8,60.07,43.76,6.93,698.05,21.57,Sangli,Black,Wheat,Urea
146.74,85.85,47.46,7.55,429.23,22.32,Sangli,Black,Maize,SSP
99.08,41.42,41.35,6.77,763.95,19.1,Kolhapur,Dark Brown,Wheat,Urea
101.67,51.54,47.36,6.09,841.34,19.5,Kolhapur,Dark Brown,Wheat,Urea
94.91,60.41,51.09,5.74,899.94,22.21,Kolhapur,Dark Brown,Wheat,Urea
76.48,46.67,31.99,6.61,630.18,21.99,Satara,Black,Wheat,19:19:19 NPK
148.86,84.64,36.69,8.1,353.26,25.94,Kolhapur,Dark Brown,Maize,SSP
133.59,82.71,140.73,8.41,1387.91,20.84,Pune,Black,Sugarcane,DAP
134.51,79.53,122.0,7.76,990.35,31.7,Satara,Black,Sugarcane,DAP
101.13,69.42,134.68,7.98,1276.32,27.4,Pune,Black,Sugarcane,Urea
98.45,59.53,108.58,7.94,1192.84,27.95,Kolhapur,Black,Sugarcane,MOP
128.14,58.51,38.68,6.64,854.33,24.17,Kolhapur,Dark Brown,Wheat,19:19:19 NPK
122.91,81.44,134.76,6.49,941.76,25.77,Satara,Black,Sugarcane,DAP
90.43,62.43,51.22,5.73,865.26,22.38,Kolhapur,Dark Brown,Wheat,Urea
106.41,54.7,49.96,6.28,901.8,23.03,Kolhapur,Dark Brown,Wheat,Urea
77.07,49.9,49.95,6.33,568.95,17.12,Kolhapur,Dark Brown,Wheat,19:19:19 NPK
135.84,78.88,124.14,7.64,978.76,31.85,Satara,Black,Sugarcane,MOP
91.33,52.23,52.35,5.79,803.63,20.73,Kolhapur,Dark Brown,Wheat,Urea
23.79,21.41,43.83,7.72,801.25,25.71,Pune,Black,Urad,DAP
136.61,76.47,85.76,7.34,1000.75,22.97,Pune,Black,Sugarcane,Urea
35.27,40.68,34.67,6.82,650.57,27.89,Satara,Black,Jowar,Urea
96.36,47.66,54.45,6.0,789.77,22.03,Kolhapur,Dark Brown,Wheat,Urea
132.36,70.34,93.1,8.13,1188.23,30.18,Solapur,Black,Sugarcane,MOP
28.24,43.86,52.17,6.46,882.21,26.28,Satara,Black,Ginger,Urea
114.65,82.79,53.74,8.46,836.64,31.92,Solapur,Black,Cotton,DAP
103.43,48.9,55.45,6.0,797.54,23.88,Kolhapur,Dark Brown,Wheat,19:19:19 NPK
130.74,73.13,102.85,8.19,1141.88,30.57,Solapur,Black,Sugarcane,MOP
119.46,61.51,75.24,7.43,937.42,18.94,Pune,Black,Wheat,Urea
136.62,84.28,139.46,6.87,971.91,29.29,Satara,Black,Sugarcane,DAP
144.68,80.43,45.36,7.61,550.74,26.64,Kolhapur,Dark Brown,Maize,SSP
107.41,44.41,47.61,6.22,863.04,19.13,Kolhapur,Dark Brown,Wheat,19:19:19 NPK
127.13,74.41,138.28,7.95,1188.16,30.29,Pune,Black,Sugarcane,MOP
116.17,54.21,68.74,7.24,926.46,17.64,Sangli,Black,Wheat,Urea
50.48,53.65,54.63,6.3,641.57,18.04,Satara,Black,Wheat,19:19:19 NPK
144.7,79.25,65.71,7.24,728.82,28.89,Sangli,Black,Maize,Urea
121.87,77.32,136.23,8.08,1336.1,26.5,Pune,Black,Sugarcane,DAP
140.62,86.2,143.81,6.58,897.47,28.15,Satara,Black,Sugarcane,DAP
125.22,70.3,65.22,7.76,661.54,27.63,Kolhapur,Dark Brown,Maize,MOP
103.27,53.16,44.58,6.38,812.05,20.04,Kolhapur,Dark Brown,Wheat,19:19:19 NPK
144.01,81.49,140.58,7.47,868.65,22.68,Satara,Black,Sugarcane,Urea
99.91,52.88,43.93,6.19,867.76,23.13,Kolhapur,Dark Brown,Wheat,Urea
148.82,85.69,29.93,8.24,341.65,26.54,Kolhapur,Dark Brown,Maize,SSP
142.37,83.51,142.69,6.48,988.8,32.39,Satara,Black,Sugarcane,Urea
98.78,53.15,40.71,6.12,702.02,21.12,Kolhapur,Dark Brown,Wheat,19:19:19 NPK
105.18,80.01,129.53,6.53,1003.33,26.82,Satara,Black,Sugarcane,DAP
132.91,75.85,40.65,7.79,499.61,28.95,Kolhapur,Dark Brown,Maize,MOP
137.44,73.77,124.75,7.89,1126.55,30.88,Pune,Black,Sugarcane,MOP
137.27,76.44,54.95,8.28,1163.32,29.7,Solapur,Black,Sugarcane,MOP
107.47,53.28,49.07,6.09,767.58,22.89,Kolhapur,Dark Brown,Wheat,19:19:19 NPK
145.15,76.09,45.45,7.8,494.23,27.92,Kolhapur,Dark Brown,Maize,MOP
133.4,73.4,64.81,8.22,1162.8,30.73,Solapur,Black,Sugarcane,MOP
94.23,47.81,44.46,6.31,670.6,20.4,Kolhapur,Dark Brown,Wheat,19:19:19 NPK
141.39,78.67,51.68,7.57,602.8,28.3,Sangli,Black,Maize,MOP
107.63,48.86,45.14,6.62,784.05,19.04,Sangli,Black,Wheat,Urea
109.41,52.82,43.1,6.31,873.13,22.38,Kolhapur,Dark Brown,Wheat,19:19:19 NPK
135.18,83.71,143.62,8.38,1391.23,22.03,Pune,Black,Sugarcane,DAP
146.42,77.18,44.21,7.86,451.04,29.49,Kolhapur,Dark Brown,Maize,MOP
89.0,51.58,39.64,6.38,708.54,21.14,Satara,Dark Brown,Wheat,19:19:19 NPK
107.48,52.85,63.38,6.96,779.73,21.17,Sangli,Black,Wheat,19:19:19 NPK
143.7,80.75,44.93,7.3,543.45,25.49,Sangli,Black,Maize,Urea
108.07,67.37,63.07,7.1,756.32,27.27,Sangli,Black,Maize,MOP
54.09,24.05,49.65,6.95,684.61,19.56,Kolhapur,Dark Brown,Wheat,Urea
143.62,84.01,144.47,6.47,909.59,30.52,Satara,Black,Sugarcane,Urea
116.29,64.9,49.03,7.0,722.68,23.37,Sangli,Black,Maize,MOP
136.81,78.71,37.95,7.53,662.31,19.27,Sangli,Black,Maize,Urea
120.22,59.32,47.57,6.86,669.32,20.12,Sangli,Black,Maize,SSP
95.5,40.93,51.23,6.35,853.85,23.07,Kolhapur,Dark Brown,Wheat,Urea
124.64,53.06,35.07,6.5,907.28,21.85,Kolhapur,Dark Brown,Wheat,19:19:19 NPK
145.91,82.65,42.47,7.8,484.43,22.83,Kolhapur,Dark Brown,Maize,SSP
139.07,84.98,141.15,7.03,782.75,29.61,Satara,Black,Sugarcane,DAP
33.02,49.62,85.32,7.43,1105.25,24.8,Satara,Black,Ginger,DAP
131.81,65.11,44.85,7.07,761.25,22.98,Sangli,Black,Maize,SSP
112.49,56.13,38.16,6.23,1016.91,23.55,Kolhapur,Dark Brown,Wheat,19:19:19 NPK
112.07,65.18,96.57,6.68,811.39,28.35,Satara,Black,Sugarcane,MOP
100.54,79.02,130.79,7.14,1156.51,27.27,Satara,Black,Sugarcane,DAP
123.8,78.5,125.26,6.55,920.78,31.03,Satara,Black,Sugarcane,Urea
136.12,84.49,142.58,7.82,1056.75,26.31,Satara,Black,Sugarcane,DAP
97.96,57.64,42.05,5.92,747.34,17.37,Kolhapur,Dark Brown,Wheat,19:19:19 NPK
134.6,75.94,47.86,8.3,1106.25,28.99,Solapur,Black,Sugarcane,MOP
80.15,64.08,71.58,7.07,705.07,26.29,Sangli,Black,Wheat,MOP
136.89,78.13,81.8,8.26,1132.94,30.65,Solapur,Black,Sugarcane,MOP
63.1,41.9,40.04,6.79,510.92,18.55,Satara,Black,Wheat,Urea
78.21,55.22,66.68,6.88,611.83,19.09,Satara,Black,Wheat,19:19:19 NPK
91.49,56.06,48.9,5.91,935.82,24.06,Kolhapur,Dark Brown,Wheat,Urea
122.54,57.31,49.2,6.94,766.86,19.52,Sangli,Black,Maize,SSP
48.12,58.42,63.54,6.15,756.14,17.85,Satara,Black,Wheat,19:19:19 NPK
143.97,81.48,41.61,7.37,498.79,25.46,Sangli,Black,Maize,SSP
129.92,74.1,56.6,7.73,903.22,21.99,Kolhapur,Dark Brown,Maize,Urea
141.62,86.18,35.95,8.48,875.15,32.48,Solapur,Black,Sugarcane,MOP
135.06,85.24,143.18,7.25,927.85,26.49,Satara,Black,Sugarcane,DAP
64.08,41.09,39.83,6.88,476.3,17.78,Satara,Black,Wheat,Urea
93.12,57.02,55.29,5.79,852.58,19.88,Kolhapur,Dark Brown,Wheat,Urea
137.61,73.93,67.63,7.41,880.04,25.83,Kolhapur,Dark Brown,Maize,Urea
147.17,82.54,47.7,7.7,418.73,26.12,Kolhapur,Dark Brown,Maize,SSP
126.26,52.71,44.25,6.72,918.17,17.76,Sangli,Black,Wheat,19:19:19 NPK
139.79,78.49,47.93,8.35,1103.92,30.54,Solapur,Black,Sugarcane,MOP
95.19,69.42,60.93,5.59,792.22,23.48,Kolhapur,Dark Brown,Wheat,19:19:19 NPK
133.99,71.31,40.31,7.24,727.01,23.98,Sangli,Black,Maize,SSP
139.98,75.42,39.27,8.39,1078.35,29.86,Solapur,Black,Sugarcane,MOP
118.24,61.75,44.78,7.0,571.91,21.12,Sangli,Black,Maize,SSP
94.46,64.44,79.41,7.67,926.99,26.24,Kolhapur,Dark Brown,Maize,Urea
128.36,74.21,47.23,8.31,1130.63,29.98,Solapur,Black,Sugarcane,MOP
113.01,49.16,37.13,6.37,928.68,22.44,Kolhapur,Dark Brown,Wheat,19:19:19 NPK
141.5,80.06,44.73,8.42,1056.62,29.7,Solapur,Black,Sugarcane,MOP
132.54,83.42,146.19,7.3,944.03,29.09,Satara,Black,Sugarcane,MOP
104.63,63.59,104.2,6.75,802.54,23.88,Satara,Black,Sugarcane,Urea
75.96,61.07,109.72,7.97,1202.89,26.31,Kolhapur,Black,Sugarcane,MOP
80.85,66.64,128.26,8.01,1254.38,28.38,Pune,Black,Sugarcane,MOP
96.22,53.44,41.21,5.88,1015.9,26.92,Kolhapur,Dark Brown,Wheat,Urea
138.3,77.67,70.81,8.2,1157.31,29.89,Solapur,Black,Sugarcane,MOP
144.16,85.52,146.41,7.07,834.44,29.94,Satara,Black,Sugarcane,Urea
101.72,56.51,51.21,6.19,788.96,23.13,Kolhapur,Dark Brown,Wheat,19:19:19 NPK
28.37,40.95,42.01,6.67,743.88,31.28,Satara,Black,Ginger,Urea
137.51,84.76,146.47,6.91,852.41,28.93,Satara,Black,Sugarcane,MOP
113.2,46.15,50.88,6.53,828.45,19.21,Kolhapur,Dark Brown,Wheat,19:19:19 NPK
131.45,80.18,144.17,7.65,1074.58,28.62,Pune,Black,Sugarcane,Urea
144.33,82.98,141.22,6.96,950.84,30.23,Satara,Black,Sugarcane,Urea
27.14,31.55,36.48,6.5,661.96,27.03,Satara,Black,Jowar,Urea
101.04,54.08,35.65,6.19,812.73,21.58,Kolhapur,Dark Brown,Wheat,19:19:19 NPK
51.86,61.28,62.85,6.33,786.03,19.45,Satara,Black,Wheat,19:19:19 NPK
108.87,51.16,52.73,6.78,708.85,21.13,Sangli,Black,Wheat,19:19:19 NPK
123.92,70.94,39.99,7.87,494.02,29.15,Kolhapur,Dark Brown,Maize,MOP
116.02,49.72,55.86,6.7,762.49,18.23,Sangli,Black,Wheat,Urea
69.16,62.33,70.62,6.67,680.36,23.71,Satara,Black,Wheat,19:19:19 NPK
130.14,74.27,127.96,6.98,734.33,24.75,Satara,Black,Sugarcane,Urea
139.83,82.88,142.03,7.23,899.0,29.23,Satara,Black,Sugarcane,Urea
84.88,49.22,54.32,6.94,526.19,19.06,Satara,Black,Wheat,Urea
139.62,81.58,137.9,7.28,790.02,28.37,Satara,Black,Sugarcane,Urea
118.4,63.85,50.47,6.86,643.69,23.11,Sangli,Black,Maize,SSP
105.46,46.18,49.03,6.77,843.61,16.4,Sangli,Black,Wheat,19:19:19 NPK
102.98,75.96,118.19,5.99,987.17,26.24,Satara,Black,Sugarcane,Urea
49.6,35.49,28.8,7.15,777.04,28.35,Kolhapur,Black,Jowar,Urea
138.43,85.04,142.85,6.89,844.8,28.68,Satara,Black,Sugarcane,MOP
122.17,73.74,62.59,8.24,1103.97,30.22,Solapur,Black,Sugarcane,MOP
41.26,54.95,39.03,6.22,706.38,19.43,Satara,Black,Wheat,19:19:19 NPK
137.47,81.96,128.65,8.24,1119.65,28.17,Satara,Black,Sugarcane,DAP
74.19,59.77,73.02,6.26,632.4,21.66,Satara,Black,Wheat,19:19:19 NPK
147.36,80.96,44.41,7.93,406.94,29.87,Sangli,Black,Maize,MOP
137.03,70.98,82.21,7.44,960.54,26.85,Kolhapur,Dark Brown,Maize,Urea
121.88,64.64,119.82,8.12,1258.48,30.06,Pune,Black,Sugarcane,MOP
103.87,47.14,52.53,6.18,763.31,21.62,Kolhapur,Dark Brown,Wheat,19:19:19 NPK
29.36,40.57,34.91,6.77,665.08,28.82,Satara,Black,Jowar,Urea
138.83,80.04,129.6,7.48,950.67,30.3,Satara,Black,Sugarcane,Urea
87.78,64.23,85.37,6.83,658.54,19.14,Satara,Black,Wheat,19:19:19 NPK
73.84,48.83,45.33,6.95,700.87,19.85,Kolhapur,Dark Brown,Wheat,Urea
132.22,67.75,90.62,8.15,1196.51,29.61,Solapur,Black,Sugarcane,MOP
139.76,81.75,122.65,8.3,1071.56,26.74,Satara,Black,Sugarcane,DAP
103.2,54.35,49.07,6.05,783.83,19.73,Kolhapur,Dark Brown,Wheat,19:19:19 NPK
79.01,71.95,116.74,6.76,1086.22,21.17,Satara,Black,Ginger,DAP
105.39,60.17,37.98,5.95,780.55,22.14,Kolhapur,Dark Brown,Wheat,19:19:19 NPK
140.08,78.41,44.6,7.81,502.6,28.62,Kolhapur,Dark Brown,Maize,SSP
44.4,56.98,51.45,6.16,760.8,16.55,Satara,Black,Wheat,19:19:19 NPK
102.26,57.38,51.29,6.11,891.85,23.55,Kolhapur,Dark Brown,Wheat,19:19:19 NPK
131.99,75.8,119.49,8.25,1215.09,30.61,Pune,Black,Sugarcane,MOP
84.79,62.27,56.58,5.73,911.71,25.1,Kolhapur,Dark Brown,Wheat,Urea
123.69,68.47,98.06,7.54,797.06,21.71,Satara,Black,Sugarcane,Urea
87.55,49.62,50.24,6.0,879.71,19.34,Kolhapur,Dark Brown,Wheat,Urea
125.3,69.21,120.6,8.07,1260.55,29.81,Pune,Black,Sugarcane,MOP
126.45,78.26,54.71,8.38,1174.21,29.53,Solapur,Black,Sugarcane,MOP
74.43,52.68,42.55,6.38,723.93,19.66,Kolhapur,Dark Brown,Wheat,19:19:19 NPK
116.08,69.77,139.87,7.8,1282.24,28.14,Pune,Black,Sugarcane,MOP
103.29,50.85,51.99,5.97,802.47,20.71,Kolhapur,Dark Brown,Wheat,19:19:19 NPK
113.92,52.24,35.38,6.35,946.31,20.77,Kolhapur,Dark Brown,Wheat,19:19:19 NPK
123.74,74.0,121.37,8.03,1188.38,29.3,Satara,Black,Sugarcane,MOP
88.98,58.39,51.7,5.72,876.44,23.68,Kolhapur,Dark Brown,Wheat,Urea
143.8,76.86,44.57,8.05,441.94,29.91,Kolhapur,Dark Brown,Maize,MOP
130.35,74.26,142.6,7.87,1303.68,31.48,Pune,Black,Sugarcane,MOP
82.17,60.73,81.26,7.13,616.76,25.52,Satara,Black,Wheat,19:19:19 NPK
137.09,77.93,73.46,7.13,662.65,30.96,Sangli,Black,Maize,MOP
132.51,70.89,62.74,8.29,1159.56,29.39,Solapur,Black,Sugarcane,MOP
130.51,77.73,142.5,8.0,1152.32,30.04,Pune,Black,Sugarcane,MOP
49.27,58.69,65.82,7.81,886.04,25.06,Kolhapur,Dark Brown,Maize,Urea
111.61,47.18,43.8,6.61,940.64,20.2,Sangli,Black,Wheat,19:19:19 NPK
95.44,43.57,47.7,6.36,664.08,17.97,Kolhapur,Dark Brown,Wheat,19:19:19 NPK
92.3,56.21,64.45,7.22,785.26,21.7,Sangli,Black,Wheat,19:19:19 NPK
50.41,48.2,52.92,6.64,675.58,19.9,Satara,Black,Wheat,Urea
139.99,80.4,88.48,8.35,1112.74,27.32,Solapur,Black,Sugarcane,DAP
96.97,62.7,32.39,5.81,798.21,21.21,Kolhapur,Dark Brown,Wheat,19:19:19 NPK
112.85,55.92,51.52,6.06,720.9,19.55,Kolhapur,Dark Brown,Wheat,19:19:19 NPK
103.41,70.11,119.43,6.32,916.38,24.53,Satara,Black,Sugarcane,Urea
59.21,58.65,88.58,7.86,1073.0,26.14,Kolhapur,Dark Brown,Sugarcane,Urea
118.63,55.44,45.41,6.65,781.48,22.6,Sangli,Black,Wheat,Urea
38.99,53.63,74.82,6.54,978.04,28.52,Satara,Black,Ginger,Urea
102.11,77.83,128.53,6.47,1014.95,29.95,Satara,Black,Sugarcane,DAP
75.98,41.83,54.17,6.5,785.48,20.18,Kolhapur,Dark Brown,Wheat,Urea
101.43,79.59,132.35,7.02,1016.86,23.15,Satara,Black,Sugarcane,DAP
98.59,58.91,52.51,5.94,830.33,17.96,Kolhapur,Dark Brown,Wheat,Urea
136.41,77.21,50.81,7.08,658.24,25.11,Sangli,Black,Maize,Urea
130.28,76.56,144.99,8.0,1218.66,30.32,Pune,Black,Sugarcane,MOP
97.07,43.56,49.27,6.41,888.46,14.46,Sangli,Black,Wheat,Urea
123.79,67.08,55.75,6.91,641.12,27.36,Sangli,Black,Maize,SSP
139.87,84.87,135.83,7.01,895.7,28.89,Satara,Black,Sugarcane,DAP
78.7,56.17,43.94,5.94,703.46,18.2,Kolhapur,Dark Brown,Wheat,19:19:19 NPK
103.81,60.0,39.77,5.84,789.93,20.03,Kolhapur,Dark Brown,Wheat,19:19:19 NPK
129.31,80.87,37.2,8.47,771.34,27.8,Solapur,Black,Sugarcane,DAP
137.29,77.78,41.88,7.32,669.93,20.68,Sangli,Black,Maize,Urea
136.26,81.38,135.02,7.54,970.9,30.08,Satara,Black,Sugarcane,DAP
125.42,79.68,136.49,7.58,1018.58,32.01,Pune,Black,Sugarcane,MOP
138.29,84.23,138.54,7.31,876.98,27.77,Satara,Black,Sugarcane,DAP
96.59,44.57,45.62,6.63,910.04,24.85,Kolhapur,Dark Brown,Wheat,Urea
134.29,76.72,128.22,8.19,1173.34,31.43,Pune,Black,Sugarcane,MOP
52.15,46.07,42.52,6.45,734.76,20.84,Kolhapur,Dark Brown,Wheat,Urea
42.92,59.61,75.27,6.12,1013.71,22.33,Satara,Black,Ginger,Urea
141.3,81.74,47.42,8.41,1026.79,29.71,Solapur,Black,Sugarcane,MOP
88.71,74.23,125.84,7.4,1113.36,28.24,Satara,Black,Sugarcane,DAP
138.02,75.62,135.68,7.68,1061.79,29.71,Satara,Black,Sugarcane,Urea
117.39,44.86,53.82,6.61,846.11,19.79,Sangli,Dark Brown,Wheat,19:19:19 NPK
142.26,78.62,101.41,7.24,809.2,32.35,Pune,Black,Maize,MOP
98.45,44.79,44.59,6.62,681.36,19.58,Kolhapur,Dark Brown,Wheat,19:19:19 NPK
67.62,44.82,49.14,6.23,684.24,19.34,Kolhapur,Dark Brown,Wheat,Urea
140.92,81.77,143.39,7.04,1000.28,29.53,Satara,Black,Sugarcane,Urea
54.28,57.73,105.97,8.01,1275.39,28.83,Kolhapur,Black,Sugarcane,MOP
136.87,75.8,48.88,7.3,590.03,30.09,Sangli,Black,Maize,MOP
119.06,73.41,40.24,7.51,771.07,18.78,Sangli,Black,Wheat,Urea
63.15,41.34,36.48,6.95,505.38,15.65,Satara,Black,Wheat,Urea
134.41,68.2,45.14,7.15,658.24,21.87,Sangli,Black,Maize,MOP
114.94,66.71,42.64,7.3,652.1,26.21,Sangli,Black,Maize,MOP
139.24,82.46,138.71,7.88,1218.48,23.62,Pune,Black,Sugarcane,DAP
97.9,55.92,51.71,6.08,900.42,23.94,Kolhapur,Dark Brown,Wheat,Urea
132.86,81.59,141.33,7.75,990.61,29.09,Satara,Black,Sugarcane,MOP
52.26,54.23,114.57,7.89,1258.17,27.27,Kolhapur,Black,Sugarcane,MOP
140.09,80.69,107.66,8.1,1046.69,29.77,Satara,Black,Sugarcane,MOP
136.5,83.09,143.62,8.21,1326.63,22.7,Pune,Black,Sugarcane,DAP
102.03,71.54,137.55,8.06,1333.71,24.92,Pune,Black,Sugarcane,DAP
98.67,47.98,43.14,6.4,984.72,25.43,Kolhapur,Dark Brown,Wheat,Urea
89.81,54.77,53.75,6.08,874.65,23.64,Kolhapur,Dark Brown,Wheat,19:19:19 NPK
131.07,64.24,37.32,7.12,724.63,21.15,Sangli,Black,Wheat,19:19:19 NPK
137.66,78.09,140.02,7.62,1224.13,28.31,Pune,Black,Sugarcane,MOP
32.73,38.59,37.03,6.52,773.48,29.23,Satara,Black,Jowar,Urea
138.68,81.87,142.85,6.79,911.44,28.29,Satara,Black,Sugarcane,Urea
141.48,83.13,137.73,6.73,1007.58,32.73,Satara,Black,Sugarcane,Urea
71.52,56.82,107.16,8.12,1307.75,28.86,Kolhapur,Black,Sugarcane,MOP
134.3,83.48,137.95,7.01,885.65,30.22,Satara,Black,Sugarcane,DAP
145.94,83.2,40.84,7.75,415.4,23.92,Sangli,Black,Maize,SSP
132.46,80.14,38.27,7.61,623.9,22.04,Kolhapur,Dark Brown,Maize,Urea
148.63,85.02,34.36,8.05,345.2,28.66,Sangli,Black,Maize,SSP
41.52,48.27,40.41,7.03,787.92,21.9,Satara,Black,Ginger,Urea
88.96,43.38,48.1,6.74,605.4,16.09,Kolhapur,Dark Brown,Wheat,19:19:19 NPK
94.33,59.32,54.08,5.72,816.43,20.59,Kolhapur,Dark Brown,Wheat,19:19:19 NPK
141.37,83.71,144.45,7.46,874.59,28.68,Satara,Black,Sugarcane,Urea
133.44,77.72,51.23,8.32,1176.89,30.46,Solapur,Black,Sugarcane,MOP
104.1,50.59,36.79,6.14,781.19,20.36,Kolhapur,Dark Brown,Wheat,19:19:19 NPK
141.38,83.21,131.24,7.81,1017.36,27.82,Satara,Black,Sugarcane,DAP
98.64,40.93,48.73,6.33,880.44,18.0,Sangli,Black,Wheat,19:19:19 NPK
114.0,64.46,82.86,8.26,1276.94,29.75,Solapur,Black,Sugarcane,MOP
97.94,43.12,48.48,6.38,817.88,17.29,Kolhapur,Dark Brown,Wheat,19:19:19 NPK
68.29,63.38,80.3,7.83,1038.65,26.67,Kolhapur,Dark Brown,Maize,Urea
99.0,78.32,124.44,6.06,1050.59,29.08,Satara,Black,Sugarcane,Urea
128.88,74.32,144.64,7.84,1312.23,30.21,Pune,Black,Sugarcane,MOP
89.53,57.4,46.12,6.12,650.2,18.77,Kolhapur,Dark Brown,Wheat,19:19:19 NPK
129.68,67.19,116.41,7.47,1076.41,23.59,Pune,Black,Sugarcane,Urea
77.68,60.48,61.24,6.56,649.65,22.51,Satara,Black,Wheat,19:19:19 NPK
130.95,70.71,103.34,7.72,1117.12,20.81,Pune,Black,Sugarcane,Urea
138.63,77.67,142.98,7.67,1231.08,27.54,Pune,Black,Sugarcane,Urea
140.02,85.24,146.55,7.24,807.29,29.91,Satara,Black,Sugarcane,Urea
137.26,84.95,147.78,7.56,965.5,32.59,Pune,Black,Sugarcane,MOP
71.52,52.34,49.17,6.94,701.89,23.01,Satara,Black,Wheat,19:19:19 NPK
140.62,72.27,55.14,8.34,1147.2,29.99,Solapur,Black,Sugarcane,MOP
138.81,76.41,47.32,7.13,547.85,25.76,Sangli,Black,Maize,SSP
130.53,71.01,48.51,6.98,555.54,29.08,Sangli,Black,Maize,SSP
50.63,43.78,36.68,6.63,588.45,20.89,Satara,Black,Wheat,Urea
92.1,44.94,43.47,6.97,719.48,18.98,Kolhapur,Dark Brown,Wheat,Urea
86.46,59.91,58.57,5.78,858.97,23.5,Kolhapur,Dark Brown,Wheat,19:19:19 NPK
70.0,57.34,54.66,6.32,593.16,18.89,Satara,Black,Wheat,19:19:19 NPK
80.35,75.71,131.2,6.83,1068.05,25.8,Satara,Black,Sugarcane,DAP
110.81,57.47,41.45,6.02,903.96,23.87,Kolhapur,Dark Brown,Wheat,19:19:19 NPK
58.32,69.91,75.13,6.35,681.61,28.12,Satara,Black,Moong,19:19:19 NPK
82.84,56.37,53.53,5.87,913.89,23.56,Kolhapur,Dark Brown,Wheat,Urea
23.85,21.86,38.1,6.91,720.9,26.21,Satara,Black,Jowar,Urea
56.93,52.95,55.36,6.1,798.93,20.31,Satara,Black,Wheat,Urea
138.4,77.56,44.87,7.18,532.68,28.36,Sangli,Black,Maize,SSP
137.37,78.15,142.22,7.35,1213.15,29.99,Pune,Black,Sugarcane,Urea
121.74,76.0,128.55,6.44,971.62,28.69,Satara,Black,Sugarcane,Urea
141.92,78.89,43.0,7.35,656.1,24.67,Sangli,Black,Maize,Urea
78.34,49.45,40.19,6.3,623.62,21.82,Satara,Black,Wheat,19:19:19 NPK
95.85,41.18,51.56,6.49,873.03,19.06,Sangli,Black,Wheat,19:19:19 NPK
120.25,62.3,97.62,7.33,696.97,22.22,Satara,Black,Sugarcane,Urea
62.36,44.15,49.95,7.03,731.47,20.38,Kolhapur,Dark Brown,Wheat,Urea
122.94,82.9,139.82,7.33,1016.05,27.03,Satara,Black,Sugarcane,DAP
138.55,83.53,133.17,6.92,842.02,30.92,Satara,Black,Sugarcane,Urea
29.47,46.88,54.66,6.44,798.28,28.79,Satara,Black,Ginger,Urea
49.73,48.62,51.22,6.55,717.71,23.95,Satara,Black,Ginger,Urea
65.0,39.58,36.62,6.92,497.09,16.53,Satara,Black,Wheat,Urea
44.46,47.9,43.91,6.32,733.42,19.74,Satara,Black,Wheat,Urea
131.54,75.07,144.32,7.88,1288.18,29.44,Pune,Black,Sugarcane,MOP
66.18,67.65,95.54,6.3,958.08,29.18,Satara,Black,Ginger,Urea
131.42,69.38,135.13,7.71,1249.74,29.45,Pune,Black,Sugarcane,MOP
137.72,79.14,135.33,7.38,961.37,28.21,Satara,Black,Sugarcane,Urea
139.93,77.88,46.71,6.67,628.31,26.33,Sangli,Black,Maize,Urea
131.54,78.77,120.95,7.66,1001.47,30.36,Satara,Black,Sugarcane,MOP
126.86,69.62,142.11,7.9,1329.41,26.28,Pune,Black,Sugarcane,Urea
102.12,48.18,48.56,6.21,692.47,22.01,Kolhapur,Dark Brown,Wheat,19:19:19 NPK
84.48,56.63,39.56,6.05,633.28,18.08,Kolhapur,Dark Brown,Wheat,19:19:19 NPK
74.83,42.35,43.86,6.68,519.89,16.58,Satara,Black,Wheat,Urea
137.71,83.01,137.5,6.99,918.03,31.06,Satara,Black,Sugarcane,Urea
132.94,82.02,135.34,7.6,886.33,31.18,Satara,Black,Sugarcane,MOP
140.89,72.51,57.67,7.63,597.18,30.0,Kolhapur,Dark Brown,Maize,MOP
132.37,81.76,93.24,8.44,1112.79,25.4,Pune,Black,Sugarcane,DAP
138.64,78.56,71.09,8.33,1100.31,28.61,Solapur,Black,Sugarcane,MOP
55.07,50.32,59.81,6.37,842.66,21.76,Satara,Black,Wheat,Urea
143.18,83.68,43.77,8.46,894.38,25.5,Solapur,Black,Sugarcane,MOP
86.32,72.16,32.76,5.72,959.66,26.92,Kolhapur,Dark Brown,Wheat,19:19:19 NPK
125.19,74.19,141.36,7.96,1249.23,29.63,Pune,Black,Sugarcane,MOP
118.67,63.9,35.83,5.94,845.14,22.74,Kolhapur,Dark Brown,Wheat,19:19:19 NPK
140.47,83.12,146.78,7.44,916.17,29.03,Satara,Black,Sugarcane,Urea
132.58,75.72,103.32,8.2,1085.56,29.46,Satara,Black,Sugarcane,MOP
78.2,49.72,50.62,6.52,544.33,22.66,Satara,Black,Wheat,19:19:19 NPK
135.7,80.52,145.83,7.64,1175.67,32.25,Pune,Black,Sugarcane,MOP
122.38,64.64,48.75,6.84,824.64,26.61,Sangli,Black,Maize,MOP
140.72,75.95,136.94,7.82,1305.92,31.34,Pune,Black,Sugarcane,MOP
118.63,53.72,46.52,6.62,930.96,23.0,Sangli,Black,Wheat,19:19:19 NPK
141.04,79.5,141.4,7.15,1020.73,30.38,Satara,Black,Sugarcane,Urea
139.61,79.25,44.28,7.22,572.17,25.89,Sangli,Black,Maize,SSP
131.2,83.67,141.82,7.66,1081.99,24.76,Satara,Black,Sugarcane,DAP
104.15,60.74,50.78,5.79,775.97,23.13,Kolhapur,Dark Brown,Wheat,19:19:19 NPK
90.95,56.26,48.95,5.81,829.3,19.69,Kolhapur,Dark Brown,Wheat,Urea
91.68,57.52,51.9,5.84,926.72,23.91,Kolhapur,Dark Brown,Wheat,Urea
129.23,75.98,35.16,7.16,556.08,21.02,Sangli,Black,Maize,Urea
111.92,79.8,130.29,6.98,923.63,24.48,Satara,Black,Sugarcane,DAP
60.82,43.7,41.37,6.67,584.87,17.03,Satara,Black,Wheat,Urea
106.45,60.35,106.12,8.13,1258.56,30.56,Kolhapur,Black,Sugarcane,MOP
97.3,54.54,35.49,6.24,671.7,20.02,Kolhapur,Dark Brown,Wheat,19:19:19 NPK
95.52,47.84,42.76,6.76,679.0,18.11,Kolhapur,Dark Brown,Wheat,Urea
31.5,51.73,60.68,6.2,910.04,27.2,Satara,Black,Ginger,Urea
128.47,78.43,140.97,7.63,986.25,27.12,Satara,Black,Sugarcane,MOP
118.94,74.16,53.61,8.25,1112.83,29.26,Solapur,Black,Sugarcane,MOP
109.51,52.63,45.27,6.09,734.78,20.19,Kolhapur,Dark Brown,Wheat,19:19:19 NPK
125.21,55.78,48.17,6.75,701.31,19.02,Sangli,Black,Maize,SSP
102.3,67.87,140.43,7.97,1348.97,29.57,Pune,Black,Sugarcane,MOP
133.59,79.88,141.67,8.15,1117.22,31.84,Pune,Black,Sugarcane,MOP
134.31,81.37,60.96,8.45,1042.38,23.49,Solapur,Black,Sugarcane,DAP
87.47,46.64,58.57,6.65,818.34,19.55,Kolhapur,Dark Brown,Wheat,Urea
102.69,53.98,50.33,6.04,875.07,24.43,Kolhapur,Dark Brown,Wheat,19:19:19 NPK
132.51,72.93,62.14,8.26,1152.0,30.1,Solapur,Black,Sugarcane,MOP
100.59,42.87,43.79,6.34,751.09,16.98,Kolhapur,Dark Brown,Wheat,19:19:19 NPK
145.91,82.02,53.14,7.69,519.3,25.01,Kolhapur,Dark Brown,Maize,SSP
101.09,55.57,48.6,6.09,776.4,18.95,Kolhapur,Dark Brown,Wheat,19:19:19 NPK
120.91,80.97,133.66,6.74,921.27,26.17,Satara,Black,Sugarcane,MOP
131.69,78.97,142.02,8.05,1142.42,32.12,Pune,Black,Sugarcane,MOP
133.97,84.06,144.76,8.19,1240.89,24.04,Pune,Black,Sugarcane,DAP
47.98,60.14,87.66,6.37,1014.96,28.62,Satara,Black,Ginger,Urea
52.57,46.8,40.58,6.86,622.68,18.11,Satara,Black,Wheat,Urea
118.42,71.35,135.07,8.03,1329.08,29.72,Pune,Black,Sugarcane,MOP
101.47,48.87,48.53,6.45,831.41,22.27,Kolhapur,Dark Brown,Wheat,19:19:19 NPK
91.43,51.41,52.1,6.35,759.24,19.76,Kolhapur,Dark Brown,Wheat,Urea
120.35,69.75,108.89,8.18,1215.09,30.09,Pune,Black,Sugarcane,MOP
94.42,39.89,49.29,6.74,832.6,21.79,Kolhapur,Dark Brown,Wheat,Urea
122.76,76.21,117.24,6.38,1018.75,29.2,Satara,Black,Sugarcane,Urea
147.35,80.91,47.45,7.81,404.86,27.24,Kolhapur,Dark Brown,Maize,SSP
137.75,84.63,142.38,7.98,930.98,25.36,Satara,Black,Sugarcane,DAP
38.01,49.85,71.49,6.84,979.42,27.74,Satara,Black,Ginger,Urea
83.83,53.15,49.27,6.42,706.14,20.3,Kolhapur,Dark Brown,Wheat,Urea
148.29,83.5,41.82,7.82,374.88,27.79,Kolhapur,Dark Brown,Maize,SSP
96.76,38.98,40.77,7.27,744.61,15.62,Sangli,Black,Wheat,Urea
130.69,83.68,143.64,8.09,1145.96,23.94,Pune,Black,Sugarcane,DAP
109.64,72.88,122.95,6.61,900.83,25.28,Satara,Black,Sugarcane,Urea
48.32,54.07,110.55,7.93,1300.17,28.09,Kolhapur,Black,Sugarcane,MOP
139.14,85.8,144.53,6.34,895.23,29.58,Satara,Black,Sugarcane,Urea
47.26,53.24,51.95,6.09,742.32,18.47,Satara,Black,Wheat,Urea
98.41,63.99,60.12,5.71,796.86,20.57,Kolhapur,Dark Brown,Wheat,19:19:19 NPK
139.66,76.48,74.54,7.38,784.19,28.77,Pune,Black,Maize,MOP
149.11,85.18,45.05,8.11,336.92,26.25,Sangli,Black,Maize,SSP
89.44,75.32,115.21,6.15,937.16,25.62,Satara,Black,Sugarcane,MOP
116.05,59.41,50.49,6.89,686.41,20.86,Sangli,Black,Maize,SSP
121.12,54.31,52.11,6.82,771.86,19.81,Sangli,Black,Wheat,19:19:19 NPK
104.1,61.52,125.38,7.91,1258.67,27.38,Kolhapur,Black,Sugarcane,Urea
48.85,55.91,39.86,6.27,719.3,20.38,Satara,Black,Wheat,19:19:19 NPK
77.66,72.73,104.43,6.26,879.47,23.87,Satara,Black,Sugarcane,19:19:19 NPK
108.22,57.69,42.16,6.07,856.56,21.23,Kolhapur,Dark Brown,Wheat,19:19:19 NPK
93.74,54.39,42.46,6.16,673.2,22.15,Kolhapur,Dark Brown,Wheat,19:19:19 NPK
124.38,72.98,144.83,7.91,1324.1,28.37,Pune,Black,Sugarcane,Urea
131.88,78.37,130.68,7.83,946.89,29.18,Satara,Black,Sugarcane,MOP
36.1,46.57,42.3,6.43,848.6,28.24,Satara,Black,Ginger,Urea
144.59,76.68,47.43,7.69,574.67,27.41,Kolhapur,Dark Brown,Maize,SSP
89.07,52.44,52.33,6.29,750.88,18.44,Kolhapur,Dark Brown,Wheat,Urea
139.03,76.85,45.52,7.42,610.22,29.74,Sangli,Black,Maize,MOP
142.06,76.17,69.3,7.46,798.87,27.59,Kolhapur,Dark Brown,Maize,Urea
131.1,82.92,143.73,7.94,1390.56,23.42,Pune,Black,Sugarcane,DAP
110.85,63.94,48.97,7.62,712.85,27.1,Kolhapur,Dark Brown,Maize,MOP
129.44,80.91,141.71,7.07,885.56,30.96,Satara,Black,Sugarcane,MOP
141.94,79.4,85.11,8.26,1144.22,29.96,Solapur,Black,Sugarcane,MOP
105.57,53.77,48.24,5.98,788.55,19.28,Kolhapur,Dark Brown,Wheat,19:19:19 NPK
134.48,81.28,142.48,7.64,998.84,30.65,Satara,Black,Sugarcane,MOP
131.46,71.48,136.83,7.9,1321.48,22.97,Pune,Black,Sugarcane,Urea
68.76,43.74,41.37,6.63,585.44,15.36,Kolhapur,Dark Brown,Wheat,Urea
139.84,76.66,71.16,8.3,1152.25,31.95,Solapur,Black,Sugarcane,MOP
142.76,80.85,41.4,7.52,605.26,26.5,Kolhapur,Dark Brown,Maize,Urea
118.01,50.46,40.6,6.3,878.84,20.27,Kolhapur,Dark Brown,Wheat,19:19:19 NPK
98.74,47.69,44.02,6.18,983.16,22.07,Kolhapur,Dark Brown,Wheat,19:19:19 NPK
65.4,38.7,38.77,7.44,529.42,16.05,Satara,Black,Wheat,Urea
142.99,77.79,69.45,7.26,800.4,26.02,Sangli,Black,Maize,Urea
96.5,57.05,47.68,5.85,910.7,24.57,Kolhapur,Dark Brown,Wheat,Urea
90.68,52.6,50.33,6.16,653.09,18.69,Kolhapur,Dark Brown,Wheat,19:19:19 NPK
138.43,78.51,56.65,7.2,643.02,24.63,Sangli,Dark Brown,Maize,Urea
112.36,81.97,30.57,8.5,541.75,22.04,Solapur,Black,Cotton,DAP
44.85,56.24,110.93,7.97,1255.8,26.31,Kolhapur,Black,Sugarcane,Urea
108.4,74.95,109.48,6.44,1131.05,31.57,Satara,Black,Sugarcane,Urea
139.76,79.31,43.39,7.37,587.12,28.29,Sangli,Black,Maize,SSP
132.99,71.73,58.59,8.29,1216.1,31.72,Solapur,Black,Sugarcane,MOP
126.09,66.34,110.43,7.75,1062.37,28.31,Kolhapur,Black,Sugarcane,MOP
133.07,77.19,43.06,7.34,692.19,19.85,Sangli,Black,Maize,Urea
90.21,71.08,107.79,6.49,785.27,25.43,Satara,Black,Sugarcane,19:19:19 NPK
103.47,56.39,48.77,6.09,783.51,19.44,Kolhapur,Dark Brown,Wheat,19:19:19 NPK
140.08,84.42,143.85,6.85,907.59,30.67,Satara,Black,Sugarcane,MOP
132.47,81.41,140.21,7.94,1034.95,30.14,Satara,Black,Sugarcane,MOP
92.32,56.32,44.55,5.92,960.5,25.74,Kolhapur,Dark Brown,Wheat,Urea
101.25,57.77,39.22,5.98,763.08,22.09,Kolhapur,Dark Brown,Wheat,19:19:19 NPK
133.19,75.02,42.91,7.28,685.82,22.15,Sangli,Black,Maize,Urea
74.02,72.48,123.2,7.06,1111.6,26.49,Satara,Black,Sugarcane,DAP
89.7,49.9,45.79,5.97,940.57,23.7,Kolhapur,Dark Brown,Wheat,Urea
128.57,75.29,45.33,7.57,790.33,21.17,Kolhapur,Dark Brown,Maize,Urea
98.61,63.51,35.7,5.88,783.93,22.75,Kolhapur,Dark Brown,Wheat,19:19:19 NPK
90.41,44.95,51.82,6.25,824.49,21.81,Kolhapur,Dark Brown,Wheat,Urea
120.58,70.56,37.44,7.2,557.51,19.46,Sangli,Black,Maize,SSP
148.39,84.41,43.17,8.06,352.42,24.41,Kolhapur,Dark Brown,Maize,SSP
134.94,81.46,140.52,7.73,908.62,29.44,Satara,Black,Sugarcane,MOP
22.73,14.79,27.22,7.88,624.66,28.8,Kolhapur,Black,Urad,Urea
140.42,82.93,141.52,6.79,820.67,28.42,Satara,Black,Sugarcane,Urea
119.95,63.66,133.2,7.8,1307.73,29.92,Pune,Black,Sugarcane,MOP
38.18,54.82,93.18,7.78,1050.58,26.23,Kolhapur,Dark Brown,Maize,MOP
131.49,78.23,139.74,7.83,1135.66,31.53,Pune,Black,Sugarcane,MOP
138.74,81.02,32.93,7.75,586.24,24.1,Kolhapur,Dark Brown,Maize,Urea
132.09,71.72,99.83,7.73,1057.93,26.7,Kolhapur,Dark Brown,Sugarcane,Urea
119.89,79.24,134.73,6.99,930.33,28.68,Satara,Black,Sugarcane,MOP
129.35,82.86,137.11,7.28,1014.13,30.38,Satara,Black,Sugarcane,DAP
138.87,78.55,144.1,7.43,1101.2,26.89,Satara,Black,Sugarcane,Urea
82.53,44.89,44.35,6.61,592.29,21.65,Satara,Black,Wheat,19:19:19 NPK
77.48,75.19,118.63,6.76,1072.16,27.17,Satara,Black,Sugarcane,DAP
113.06,59.06,88.98,6.82,582.57,22.87,Satara,Black,Wheat,Urea
101.43,51.22,43.43,6.12,918.09,23.18,Kolhapur,Dark Brown,Wheat,19:19:19 NPK
128.44,71.36,134.25,7.97,1341.64,25.5,Pune,Black,Sugarcane,Urea
117.68,68.94,83.0,7.81,950.27,26.39,Kolhapur,Dark Brown,Maize,Urea
110.33,73.83,69.09,8.18,1144.43,30.77,Solapur,Black,Sugarcane,MOP
118.59,59.45,53.38,6.52,768.08,24.16,Sangli,Black,Maize,Urea
132.04,82.36,39.99,8.48,701.46,30.95,Solapur,Black,Cotton,DAP
137.82,74.62,49.42,7.83,569.34,28.1,Kolhapur,Dark Brown,Maize,SSP
131.85,73.96,76.23,8.29,1070.85,29.79,Solapur,Black,Sugarcane,MOP
121.38,53.78,41.57,6.57,841.98,20.53,Kolhapur,Dark Brown,Wheat,19:19:19 NPK
139.72,80.11,50.46,8.38,1077.43,28.27,Solapur,Black,Sugarcane,MOP
78.44,72.94,128.24,7.17,1184.82,25.0,Satara,Black,Sugarcane,DAP
143.99,83.62,43.68,7.42,472.94,22.2,Sangli,Black,Maize,SSP
90.84,39.96,51.19,6.33,748.27,20.07,Kolhapur,Dark Brown,Wheat,19:19:19 NPK
141.37,76.41,80.87,7.58,733.98,32.03,Sangli,Black,Maize,MOP
104.38,68.66,77.99,8.19,1257.54,29.27,Solapur,Black,Sugarcane,MOP
130.94,73.32,49.08,6.9,723.93,25.17,Sangli,Black,Maize,Urea
99.56,68.55,110.84,6.8,856.02,22.0,Satara,Black,Sugarcane,Urea
112.82,79.74,127.9,6.42,911.03,22.3,Satara,Black,Sugarcane,DAP
55.04,57.07,44.77,6.06,636.19,17.53,Satara,Black,Wheat,19:19:19 NPK
103.68,52.33,49.3,6.01,868.85,22.92,Kolhapur,Dark Brown,Wheat,Urea
65.98,52.83,45.75,6.45,691.4,17.81,Kolhapur,Dark Brown,Wheat,Urea
131.28,73.61,133.61,8.01,1256.63,30.01,Pune,Black,Sugarcane,MOP
134.21,70.5,99.24,8.28,1237.91,31.41,Pune,Black,Sugarcane,MOP
135.67,84.72,139.59,6.71,855.09,28.89,Satara,Black,Sugarcane,Urea
98.97,42.58,51.94,6.38,872.8,20.3,Kolhapur,Dark Brown,Wheat,19:19:19 NPK
22.88,13.73,22.41,8.01,562.61,29.97,Kolhapur,Black,Urad,Urea
138.26,83.05,50.93,8.41,1057.14,30.49,Solapur,Black,Sugarcane,MOP
137.67,82.26,136.48,7.74,954.41,29.69,Satara,Black,Sugarcane,DAP
128.44,75.53,130.65,7.21,1049.21,29.06,Satara,Black,Sugarcane,MOP
139.66,79.27,45.13,7.41,540.0,27.94,Sangli,Black,Maize,SSP
104.02,46.61,47.79,6.32,778.92,20.41,Kolhapur,Dark Brown,Wheat,19:19:19 NPK
142.39,80.52,91.17,8.35,1089.76,28.37,Solapur,Black,Sugarcane,DAP
82.77,75.32,130.44,7.03,1168.28,23.59,Satara,Black,Sugarcane,DAP
139.23,75.54,141.05,7.2,1035.51,26.44,Pune,Black,Sugarcane,Urea
108.58,44.24,43.57,6.21,794.65,19.9,Kolhapur,Dark Brown,Wheat,19:19:19 NPK
113.57,45.63,47.47,6.38,867.79,18.43,Kolhapur,Dark Brown,Wheat,19:19:19 NPK
143.83,81.41,61.04,7.52,660.11,26.01,Sangli,Black,Maize,SSP
138.93,70.55,51.01,8.33,1110.63,29.36,Solapur,Black,Sugarcane,MOP
136.54,80.77,130.2,7.95,991.24,30.24,Satara,Black,Sugarcane,MOP
139.23,79.84,143.01,7.02,819.76,23.92,Satara,Black,Sugarcane,Urea
143.6,74.7,46.91,7.93,454.84,31.49,Kolhapur,Dark Brown,Maize,MOP
119.67,54.94,40.74,6.71,950.51,19.0,Kolhapur,Dark Brown,Wheat,19:19:19 NPK
94.28,50.69,61.55,6.33,799.16,19.78,Kolhapur,Dark Brown,Wheat,Urea
133.56,70.24,46.96,7.1,711.15,25.94,Sangli,Black,Maize,MOP
123.59,51.95,41.25,6.55,911.01,19.76,Kolhapur,Dark Brown,Wheat,19:19:19 NPK
135.36,83.84,146.27,7.23,1004.96,32.32,Satara,Black,Sugarcane,MOP
141.09,77.53,136.53,7.43,1151.64,24.5,Pune,Black,Sugarcane,Urea
101.24,59.24,47.26,6.1,983.03,25.29,Kolhapur,Dark Brown,Wheat,19:19:19 NPK
122.25,82.3,143.22,8.07,1302.54,26.71,Pune,Black,Sugarcane,DAP
93.61,72.68,107.2,6.21,947.46,28.35,Satara,Black,Sugarcane,Urea
101.51,54.37,46.84,6.03,824.75,21.42,Kolhapur,Dark Brown,Wheat,Urea
51.4,44.25,48.07,6.53,660.71,20.16,Kolhapur,Dark Brown,Wheat,Urea
100.07,41.7,41.62,6.95,798.88,18.24,Sangli,Black,Wheat,Urea
133.93,78.29,146.0,7.84,1199.43,27.58,Pune,Black,Sugarcane,Urea
141.41,73.67,134.72,7.95,1280.61,32.4,Pune,Black,Sugarcane,MOP
130.2,73.27,141.6,7.75,1305.95,29.7,Pune,Black,Sugarcane,Urea
107.81,57.0,44.84,5.94,788.02,20.7,Kolhapur,Dark Brown,Wheat,19:19:19 NPK
136.6,66.93,101.18,7.72,1001.87,30.81,Kolhapur,Black,Sugarcane,MOP
139.44,81.78,133.43,6.99,881.21,32.74,Satara,Black,Sugarcane,Urea
136.5,74.29,132.82,7.81,1170.72,30.73,Pune,Black,Sugarcane,MOP
135.75,75.58,83.85,8.11,1155.85,32.4,Satara,Black,Sugarcane,MOP
123.35,59.43,57.75,6.96,831.82,22.77,Sangli,Black,Wheat,19:19:19 NPK
140.4,80.66,49.38,8.39,1138.66,29.68,Solapur,Black,Sugarcane,MOP
54.28,59.65,65.54,6.22,870.89,21.6,Satara,Black,Ginger,Urea
25.5,39.7,38.91,6.27,795.35,26.05,Satara,Black,Ginger,Urea
133.62,80.29,145.11,7.78,1079.15,29.86,Pune,Black,Sugarcane,MOP
104.01,53.3,43.4,6.12,885.78,22.4,Kolhapur,Dark Brown,Wheat,19:19:19 NPK
53.05,30.69,46.67,6.97,696.96,23.21,Kolhapur,Dark Brown,Wheat,Urea
138.41,78.96,36.17,7.69,699.9,22.81,Kolhapur,Dark Brown,Maize,Urea
89.89,54.65,52.27,6.22,682.31,20.05,Kolhapur,Dark Brown,Wheat,19:19:19 NPK
105.27,43.99,41.6,6.13,887.02,20.06,Kolhapur,Dark Brown,Wheat,19:19:19 NPK
85.78,49.71,45.2,6.24,679.03,19.36,Kolhapur,Dark Brown,Wheat,19:19:19 NPK
102.65,59.78,48.72,5.87,776.95,23.62,Kolhapur,Dark Brown,Wheat,19:19:19 NPK
139.7,82.1,127.08,7.77,957.31,29.85,Satara,Black,Sugarcane,MOP
143.19,76.19,48.06,7.88,458.34,29.0,Kolhapur,Dark Brown,Maize,MOP
116.76,49.3,47.86,6.64,888.16,19.27,Sangli,Black,Wheat,19:19:19 NPK
91.24,62.13,65.59,7.17,675.49,26.37,Sangli,Black,Wheat,MOP
70.65,58.75,55.65,5.93,791.08,19.54,Kolhapur,Dark Brown,Wheat,Ammonium Sulphate
133.91,68.79,66.0,7.71,697.87,30.11,Kolhapur,Dark Brown,Maize,MOP
85.0,57.82,95.53,6.84,643.0,20.54,Satara,Black,Wheat,Urea
148.39,83.0,36.04,8.05,342.24,26.97,Kolhapur,Dark Brown,Maize,SSP
124.39,66.43,38.18,6.77,662.49,23.12,Sangli,Black,Wheat,Urea
36.11,47.67,41.76,6.62,824.81,26.41,Satara,Black,Ginger,Urea
132.25,66.0,116.56,7.44,870.98,22.28,Satara,Black,Sugarcane,Urea
125.84,81.4,135.89,6.74,949.28,27.24,Satara,Black,Sugarcane,DAP
68.23,51.43,55.15,6.21,718.82,19.61,Kolhapur,Dark Brown,Wheat,Urea
118.18,74.77,62.05,8.31,1191.98,30.01,Solapur,Black,Sugarcane,MOP
126.66,78.39,86.64,8.17,1173.7,32.76,Satara,Black,Sugarcane,DAP
86.75,48.97,47.05,6.08,903.19,25.18,Kolhapur,Dark Brown,Wheat,Urea
133.66,71.35,130.51,8.12,1275.57,30.65,Pune,Black,Sugarcane,MOP
137.35,80.22,141.86,7.61,1217.23,32.64,Pune,Black,Sugarcane,MOP
141.92,80.2,142.7,7.28,1174.05,29.92,Pune,Black,Sugarcane,Urea
131.28,79.74,143.33,7.56,1035.46,28.08,Satara,Black,Sugarcane,MOP
103.77,52.59,40.19,6.21,918.72,21.71,Kolhapur,Dark Brown,Wheat,19:19:19 NPK
50.11,56.16,86.29,8.12,1267.63,26.68,Kolhapur,Black,Sugarcane,MOP
115.26,62.43,39.82,6.97,797.24,22.23,Sangli,Black,Wheat,19:19:19 NPK
134.51,76.71,41.83,6.97,579.86,23.93,Sangli,Black,Maize,SSP
139.71,84.52,144.41,7.63,924.93,30.73,Satara,Black,Sugarcane,Urea
139.62,76.72,99.3,7.38,1013.92,26.38,Pune,Black,Sugarcane,Urea
101.92,45.4,44.93,6.27,939.61,21.44,Kolhapur,Dark Brown,Wheat,19:19:19 NPK
133.39,75.0,137.95,7.88,1306.08,23.13,Pune,Black,Sugarcane,Urea
140.34,81.12,142.65,7.07,1043.62,31.08,Satara,Black,Sugarcane,Urea
138.16,81.71,51.57,8.4,1086.13,28.44,Solapur,Black,Sugarcane,MOP
100.21,57.42,44.64,5.93,772.83,19.67,Kolhapur,Dark Brown,Wheat,19:19:19 NPK
135.83,79.55,82.54,8.35,1134.02,29.4,Solapur,Black,Sugarcane,DAP
59.17,55.12,67.61,6.32,656.49,19.26,Satara,Black,Wheat,Urea
48.13,56.87,107.96,7.91,1266.05,25.69,Kolhapur,Black,Sugarcane,Urea
137.9,82.89,141.18,7.3,854.94,28.86,Satara,Black,Sugarcane,MOP
61.07,53.81,46.78,6.0,754.13,17.38,Kolhapur,Dark Brown,Wheat,Urea
112.88,57.11,39.79,6.81,844.02,22.41,Sangli,Black,Wheat,19:19:19 NPK
141.95,76.39,52.12,7.48,581.59,30.12,Sangli,Dark Brown,Maize,MOP
141.84,85.05,144.39,7.01,819.65,29.23,Satara,Black,Sugarcane,Urea
123.95,82.03,137.38,7.15,1047.38,28.82,Satara,Black,Sugarcane,DAP
105.51,55.84,49.23,6.14,829.15,20.13,Kolhapur,Dark Brown,Wheat,Urea
126.43,77.04,106.19,7.15,782.87,30.89,Satara,Black,Sugarcane,MOP
108.61,57.79,50.84,5.98,759.62,18.7,Kolhapur,Dark Brown,Wheat,19:19:19 NPK
111.84,71.81,140.06,7.85,1255.79,27.93,Pune,Black,Sugarcane,Urea
132.87,74.32,44.56,7.39,577.16,28.16,Sangli,Black,Maize,MOP
143.98,82.12,52.38,7.62,574.28,21.61,Kolhapur,Dark Brown,Maize,Urea
92.72,54.25,43.38,6.0,940.82,22.1,Kolhapur,Dark Brown,Wheat,Urea
132.04,81.82,128.42,7.14,982.21,31.8,Satara,Black,Sugarcane,Urea
138.9,81.71,127.31,8.01,984.27,27.12,Satara,Black,Sugarcane,DAP
75.1,54.45,120.8,7.83,1260.43,27.18,Kolhapur,Black,Sugarcane,MOP
70.02,49.17,61.25,6.06,690.87,17.08,Kolhapur,Dark Brown,Wheat,19:19:19 NPK
99.84,51.57,50.2,6.08,856.05,22.58,Kolhapur,Dark Brown,Wheat,19:19:19 NPK
118.81,61.31,52.82,7.14,720.57,23.38,Sangli,Black,Maize,19:19:19 NPK
97.07,63.1,68.68,7.86,867.61,28.17,Kolhapur,Dark Brown,Maize,MOP
136.12,82.63,146.34,7.12,1041.64,31.57,Pune,Black,Sugarcane,Urea
138.64,77.39,136.88,7.37,933.36,27.55,Satara,Black,Sugarcane,Urea
87.22,61.12,83.38,8.1,1315.69,29.33,Kolhapur,Black,Sugarcane,MOP
122.32,62.56,51.65,6.86,692.37,21.29,Sangli,Black,Maize,SSP
134.32,79.37,124.52,7.74,990.78,27.57,Satara,Black,Sugarcane,DAP
141.95,81.19,51.06,8.43,1001.67,28.03,Solapur,Black,Sugarcane,MOP
126.99,67.68,47.94,7.0,722.44,26.09,Sangli,Black,Maize,SSP
116.53,48.32,52.97,6.71,835.09,21.1,Sangli,Black,Wheat,19:19:19 NPK
134.38,71.73,43.8,7.3,630.23,24.22,Sangli,Black,Maize,MOP
119.97,51.11,39.96,6.62,954.89,23.06,Kolhapur,Dark Brown,Wheat,19:19:19 NPK
89.87,41.4,39.4,7.54,635.21,15.71,Satara,Black,Wheat,Urea
133.49,70.05,118.89,7.76,1133.86,28.77,Pune,Black,Sugarcane,MOP
148.38,83.85,39.7,8.14,358.14,27.83,Sangli,Black,Maize,MOP
121.84,70.16,39.02,7.29,673.42,18.43,Sangli,Black,Wheat,Urea
135.75,83.39,136.41,8.33,1069.05,23.77,Satara,Black,Sugarcane,DAP
70.54,69.66,116.21,6.3,1051.78,24.33,Satara,Black,Sugarcane,DAP
112.17,71.88,40.47,7.74,653.34,25.27,Kolhapur,Dark Brown,Maize,Urea
97.55,57.72,48.21,5.87,899.58,21.23,Kolhapur,Dark Brown,Wheat,Urea
110.05,47.69,54.1,6.52,737.46,22.57,Sangli,Black,Wheat,19:19:19 NPK
110.07,47.99,48.9,6.42,811.73,20.26,Kolhapur,Dark Brown,Wheat,19:19:19 NPK
92.17,48.23,40.52,6.7,615.27,22.6,Sangli,Black,Wheat,Urea
118.65,62.5,92.37,8.22,1168.85,30.57,Solapur,Black,Sugarcane,MOP
141.63,79.92,38.59,8.41,1079.34,28.32,Solapur,Black,Sugarcane,MOP
135.27,77.86,91.73,8.32,1119.81,27.97,Solapur,Black,Sugarcane,DAP
133.47,84.16,146.78,8.47,1457.97,20.45,Pune,Black,Sugarcane,DAP
138.17,77.56,75.29,8.18,1070.71,31.07,Solapur,Black,Sugarcane,MOP
98.4,59.22,51.1,6.15,710.46,18.24,Kolhapur,Dark Brown,Wheat,Urea
114.37,67.86,138.99,7.89,1317.76,27.73,Pune,Black,Sugarcane,MOP
55.65,68.13,89.19,6.12,908.59,24.46,Satara,Black,Ginger,MOP
142.47,78.23,52.27,7.6,644.77,24.48,Kolhapur,Dark Brown,Maize,Urea
93.72,63.07,94.22,8.02,1255.77,28.29,Kolhapur,Black,Sugarcane,MOP
90.14,53.35,56.91,5.85,750.69,19.57,Kolhapur,Dark Brown,Wheat,Urea
141.21,84.82,144.65,6.78,808.21,31.63,Satara,Black,Sugarcane,Urea
96.19,50.81,48.01,6.15,986.27,27.64,Kolhapur,Dark Brown,Wheat,Urea
129.3,81.34,104.66,8.44,1153.28,25.75,Pune,Black,Sugarcane,DAP
66.22,49.08,52.33,6.38,758.32,17.17,Kolhapur,Dark Brown,Wheat,Urea
75.12,37.16,35.61,7.22,518.99,15.07,Satara,Black,Wheat,Urea
115.06,67.17,38.2,5.87,988.72,24.66,Kolhapur,Dark Brown,Wheat,19:19:19 NPK
128.19,71.05,99.35,8.06,1216.6,30.47,Pune,Black,Sugarcane,MOP
78.5,60.21,77.7,7.2,758.41,23.54,Satara,Black,Wheat,MOP
107.22,70.79,117.97,7.04,997.63,28.08,Satara,Black,Sugarcane,MOP
130.79,70.54,83.72,8.22,1133.34,29.83,Solapur,Black,Sugarcane,MOP
92.56,62.33,49.62,5.87,787.26,18.13,Kolhapur,Dark Brown,Wheat,19:19:19 NPK
147.72,80.63,42.79,8.12,378.93,31.16,Sangli,Dark Brown,Maize,MOP
99.88,53.08,43.61,6.37,885.28,24.07,Kolhapur,Dark Brown,Wheat,Urea
144.29,78.07,49.3,7.59,483.5,27.9,Sangli,Dark Brown,Maize,SSP
137.86,79.97,102.83,8.34,1067.93,26.46,Satara,Black,Sugarcane,DAP
140.49,76.82,108.56,7.52,980.43,32.33,Pune,Black,Sugarcane,MOP
115.0,58.92,53.63,6.45,740.31,24.12,Sangli,Black,Wheat,Urea
136.46,75.7,140.19,7.61,1199.01,24.45,Pune,Black,Sugarcane,Urea
138.41,77.66,77.44,8.21,1209.24,32.92,Solapur,Black,Sugarcane,MOP
140.47,82.72,144.33,7.14,897.78,30.55,Satara,Black,Sugarcane,Urea
132.28,83.74,134.65,6.8,914.93,28.42,Satara,Black,Sugarcane,DAP
79.77,47.96,60.37,6.25,825.17,18.47,Kolhapur,Dark Brown,Wheat,Urea
32.93,48.59,49.53,6.25,869.75,20.99,Satara,Black,Ginger,Urea
93.88,59.04,49.04,5.77,963.32,24.45,Kolhapur,Dark Brown,Wheat,Urea
95.23,60.01,56.35,5.82,850.81,23.85,Kolhapur,Dark Brown,Wheat,19:19:19 NPK
102.8,51.43,45.0,6.25,724.86,21.01,Kolhapur,Dark Brown,Wheat,19:19:19 NPK
88.73,75.87,117.09,6.23,1011.84,26.92,Satara,Black,Sugarcane,DAP
93.92,66.79,108.72,7.03,753.98,23.61,Satara,Black,Sugarcane,MOP
142.31,78.09,50.52,7.56,721.03,28.22,Kolhapur,Dark Brown,Maize,Urea
118.8,58.71,47.26,6.62,801.46,17.07,Sangli,Black,Maize,SSP
57.74,61.37,114.02,7.68,1077.98,29.28,Pune,Black,Ginger,DAP
141.65,82.84,142.31,6.83,858.48,27.54,Satara,Black,Sugarcane,Urea
96.98,63.76,27.23,6.96,693.54,23.75,Solapur,Black,Wheat,19:19:19 NPK
140.41,79.61,140.51,7.34,919.69,26.1,Satara,Black,Sugarcane,Urea
121.68,73.06,130.63,6.67,840.44,24.16,Satara,Black,Sugarcane,Urea
68.59,48.63,45.38,6.45,604.02,25.19,Satara,Black,Wheat,19:19:19 NPK
88.41,58.5,49.55,5.97,905.41,21.86,Kolhapur,Dark Brown,Wheat,Urea
70.71,51.47,48.09,6.3,764.18,19.31,Kolhapur,Dark Brown,Wheat,Urea
72.24,69.27,100.04,6.24,930.95,21.94,Satara,Black,Ginger,Ammonium Sulphate
132.76,83.34,142.17,8.17,1182.12,25.94,Pune,Black,Sugarcane,DAP
104.35,56.06,52.0,5.96,830.13,22.7,Kolhapur,Dark Brown,Wheat,19:19:19 NPK
96.32,54.1,55.4,6.19,785.44,21.09,Kolhapur,Dark Brown,Wheat,Urea
99.98,58.4,39.41,6.11,756.38,20.37,Kolhapur,Dark Brown,Wheat,19:19:19 NPK
102.63,50.68,46.1,6.33,908.27,26.82,Kolhapur,Dark Brown,Wheat,Urea
101.3,50.75,43.88,6.21,1000.46,22.39,Kolhapur,Dark Brown,Wheat,19:19:19 NPK
133.04,80.22,132.24,7.66,987.44,30.15,Satara,Black,Sugarcane,MOP
139.56,80.53,142.5,7.09,989.81,27.55,Satara,Black,Sugarcane,Urea
142.24,72.27,36.93,8.15,431.75,31.21,Kolhapur,Dark Brown,Maize,MOP
144.13,84.39,38.12,8.46,949.74,29.46,Solapur,Black,Sugarcane,MOP
135.68,72.13,132.56,8.16,1268.57,31.99,Pune,Black,Sugarcane,MOP
130.1,78.22,136.05,6.59,835.86,26.85,Satara,Black,Sugarcane,Urea
140.53,84.46,140.66,6.68,832.55,29.89,Satara,Black,Sugarcane,Urea
134.13,78.91,101.36,8.25,1091.81,30.18,Satara,Black,Sugarcane,DAP
97.04,58.18,66.02,6.72,701.12,24.33,Sangli,Black,Wheat,19:19:19 NPK
103.71,59.82,48.23,5.84,747.08,23.42,Kolhapur,Dark Brown,Wheat,19:19:19 NPK
76.73,42.12,42.65,7.03,620.2,17.87,Satara,Black,Wheat,Urea
104.07,54.51,40.15,6.17,829.9,24.09,Kolhapur,Dark Brown,Wheat,19:19:19 NPK
106.2,44.02,49.96,6.59,846.89,15.92,Sangli,Black,Wheat,19:19:19 NPK
101.0,44.21,47.29,6.34,699.45,18.71,Kolhapur,Dark Brown,Wheat,19:19:19 NPK
106.3,54.53,43.11,6.04,733.24,21.99,Kolhapur,Dark Brown,Wheat,19:19:19 NPK
115.88,76.84,130.62,6.9,747.73,22.94,Satara,Black,Sugarcane,MOP
94.33,48.98,49.37,6.46,606.72,17.25,Kolhapur,Dark Brown,Wheat,19:19:19 NPK
146.51,83.87,43.22,7.55,464.85,26.56,Sangli,Black,Maize,SSP
113.73,48.34,56.21,6.71,688.74,24.86,Sangli,Black,Wheat,Urea
140.41,78.54,135.67,7.03,1102.38,27.78,Pune,Black,Sugarcane,Urea
100.23,43.82,47.79,6.92,812.99,18.61,Kolhapur,Dark Brown,Wheat,Urea
101.6,46.45,46.05,6.63,782.86,20.78,Sangli,Black,Wheat,Urea
89.05,44.73,43.03,6.54,633.64,18.24,Kolhapur,Dark Brown,Wheat,Urea
81.14,68.67,86.65,6.46,955.51,26.09,Satara,Black,Ginger,Urea
142.39,83.63,146.0,7.17,863.43,29.62,Satara,Black,Sugarcane,Urea
126.21,68.53,104.18,6.79,916.64,25.26,Pune,Black,Sugarcane,Urea
41.77,59.08,60.77,6.37,856.28,19.71,Satara,Black,Ginger,19:19:19 NPK
143.6,82.05,142.82,7.28,918.84,27.28,Satara,Black,Sugarcane,Urea
104.02,56.69,58.11,6.92,695.08,25.61,Sangli,Black,Wheat,19:19:19 NPK
141.85,75.51,118.21,7.75,934.76,31.89,Pune,Black,Sugarcane,MOP
138.92,85.25,139.8,7.84,937.68,26.55,Satara,Black,Sugarcane,DAP
95.43,54.43,49.19,5.92,903.03,23.5,Kolhapur,Dark Brown,Wheat,Urea
142.84,78.8,112.92,7.55,859.34,29.95,Pune,Black,Sugarcane,MOP
110.76,51.17,43.72,6.21,817.51,21.62,Kolhapur,Dark Brown,Wheat,19:19:19 NPK
139.82,81.52,51.86,8.44,1052.21,26.98,Solapur,Black,Sugarcane,MOP
148.42,83.12,36.07,8.06,385.16,25.37,Kolhapur,Dark Brown,Maize,SSP
143.59,79.54,43.88,7.64,537.28,25.57,Kolhapur,Dark Brown,Maize,Urea
73.31,48.23,69.21,6.83,613.44,19.91,Satara,Black,Wheat,Urea
105.62,45.21,47.87,6.29,735.76,21.18,Kolhapur,Dark Brown,Wheat,19:19:19 NPK
86.56,67.37,103.95,7.0,709.37,23.72,Satara,Black,Sugarcane,MOP
138.6,83.84,139.67,7.21,916.06,32.01,Satara,Black,Sugarcane,MOP
142.22,74.93,69.94,7.68,706.76,31.91,Sangli,Black,Maize,MOP
80.85,44.27,42.84,6.64,564.72,17.94,Kolhapur,Dark Brown,Wheat,Urea
126.36,74.2,103.14,8.1,1193.01,31.82,Pune,Black,Sugarcane,MOP
35.81,55.29,62.05,6.01,855.53,26.73,Satara,Black,Ginger,Urea
109.39,55.26,43.48,6.06,786.37,21.79,Kolhapur,Dark Brown,Wheat,19:19:19 NPK
55.38,55.27,106.54,7.9,1203.84,28.06,Kolhapur,Black,Sugarcane,MOP
140.36,83.02,134.47,8.19,1229.28,24.27,Pune,Black,Sugarcane,DAP
130.74,76.59,145.8,7.84,1265.86,31.29,Pune,Black,Sugarcane,MOP
48.78,54.27,56.6,6.26,815.69,25.22,Satara,Black,Ginger,Urea
145.92,83.22,42.11,7.85,409.62,21.13,Sangli,Black,Maize,SSP
133.44,72.23,132.52,7.69,1326.49,24.45,Pune,Black,Sugarcane,Urea
95.5,55.15,56.1,6.19,730.82,19.96,Kolhapur,Dark Brown,Wheat,Urea
72.34,49.73,46.6,6.52,700.75,18.74,Kolhapur,Dark Brown,Wheat,Urea
92.37,52.58,44.23,5.99,974.8,25.88,Kolhapur,Dark Brown,Wheat,Urea
110.63,53.14,44.6,6.14,789.34,21.72,Kolhapur,Dark Brown,Wheat,19:19:19 NPK
92.0,57.84,46.31,5.76,903.97,21.99,Kolhapur,Dark Brown,Wheat,Urea
108.64,48.76,50.19,6.55,808.44,17.1,Kolhapur,Dark Brown,Wheat,19:19:19 NPK
133.86,79.44,67.65,8.44,1077.73,24.35,Solapur,Black,Sugarcane,DAP
116.54,78.18,70.1,8.4,1142.15,31.78,Solapur,Black,Sugarcane,DAP
136.08,81.15,138.23,7.88,970.45,28.21,Satara,Black,Sugarcane,MOP
107.74,70.13,41.16,7.86,593.11,27.17,Kolhapur,Dark Brown,Maize,SSP
88.81,57.24,44.39,5.91,686.81,20.08,Kolhapur,Dark Brown,Wheat,19:19:19 NPK
133.1,74.27,144.07,8.01,1295.9,30.76,Pune,Black,Sugarcane,MOP
84.19,72.46,111.87,6.41,828.22,21.71,Satara,Black,Sugarcane,19:19:19 NPK
124.49,73.16,127.91,6.76,736.5,24.72,Satara,Black,Sugarcane,Urea
112.48,74.9,118.82,6.39,855.26,27.82,Satara,Black,Sugarcane,Urea
119.91,66.23,96.75,8.07,1193.41,30.31,Solapur,Black,Sugarcane,MOP
86.2,57.57,55.19,6.04,737.87,17.93,Kolhapur,Dark Brown,Wheat,Urea
75.2,57.57,98.43,8.02,1288.63,29.43,Kolhapur,Black,Sugarcane,MOP
135.07,79.95,116.18,7.69,1011.82,32.61,Satara,Black,Sugarcane,MOP
102.62,54.46,42.31,6.28,785.05,20.18,Kolhapur,Dark Brown,Wheat,19:19:19 NPK
141.46,84.83,146.97,6.63,859.65,30.4,Satara,Black,Sugarcane,Urea
71.42,49.6,39.6,6.47,603.46,20.53,Satara,Black,Wheat,19:19:19 NPK
91.33,49.9,45.97,6.5,697.29,19.8,Kolhapur,Dark Brown,Wheat,Urea
65.07,48.29,50.63,6.92,700.07,23.21,Satara,Black,Wheat,Urea
66.71,50.97,38.1,6.42,611.87,21.02,Satara,Black,Wheat,19:19:19 NPK
109.69,43.44,54.36,6.47,838.2,15.76,Sangli,Black,Wheat,19:19:19 NPK
25.54,17.23,24.77,7.73,651.75,29.2,Kolhapur,Black,Urad,Urea
138.86,83.32,128.94,8.35,1102.5,24.42,Pune,Black,Sugarcane,DAP
135.14,81.18,93.51,8.34,1116.54,29.23,Solapur,Black,Sugarcane,DAP
140.46,81.33,145.73,7.51,1061.65,27.64,Satara,Black,Sugarcane,Urea
139.18,75.7,120.22,7.21,1018.33,26.26,Pune,Black,Sugarcane,Urea
129.96,70.9,122.78,7.08,631.47,22.67,Satara,Black,Sugarcane,Urea
65.9,45.49,45.93,6.47,533.13,19.96,Satara,Black,Wheat,19:19:19 NPK
99.62,53.16,43.19,6.37,893.23,22.02,Kolhapur,Dark Brown,Wheat,Urea
95.38,50.13,42.3,6.34,608.92,17.63,Kolhapur,Dark Brown,Wheat,19:19:19 NPK
138.75,81.99,145.53,7.39,1074.13,29.98,Satara,Black,Sugarcane,Urea
138.9,81.95,141.34,7.17,894.92,31.13,Satara,Black,Sugarcane,Urea
108.18,59.2,50.82,7.38,861.89,17.95,Sangli,Black,Wheat,Urea
100.41,55.78,44.99,6.11,741.06,22.4,Kolhapur,Dark Brown,Wheat,19:19:19 NPK
100.63,59.66,53.84,5.87,993.72,26.38,Kolhapur,Dark Brown,Wheat,Urea
30.08,46.0,43.9,6.08,844.13,25.88,Satara,Black,Ginger,Urea
140.77,86.24,141.04,6.72,791.91,31.38,Satara,Black,Sugarcane,Urea
114.37,50.44,40.32,6.45,926.59,19.37,Kolhapur,Dark Brown,Wheat,19:19:19 NPK
87.75,54.64,54.91,6.0,780.57,18.02,Kolhapur,Dark Brown,Wheat,Urea
66.86,69.91,96.34,6.75,1128.25,19.28,Satara,Black,Ginger,DAP
112.43,77.45,116.51,6.44,1197.01,28.64,Satara,Black,Sugarcane,Urea
100.25,57.89,49.86,5.83,848.0,21.87,Kolhapur,Dark Brown,Wheat,Urea
81.2,51.35,40.49,6.39,671.41,22.36,Satara,Black,Wheat,19:19:19 NPK
97.45,53.57,44.67,6.26,906.97,22.16,Kolhapur,Dark Brown,Wheat,Urea
137.87,83.72,137.79,6.75,896.3,30.39,Satara,Black,Sugarcane,Urea
107.25,62.24,92.78,7.91,949.8,28.13,Kolhapur,Dark Brown,Sugarcane,MOP
141.64,83.97,141.65,6.48,918.73,33.82,Satara,Black,Sugarcane,Urea
126.48,80.05,113.31,8.45,1206.28,24.39,Pune,Black,Sugarcane,DAP
99.83,51.35,45.35,6.38,652.7,20.37,Kolhapur,Dark Brown,Wheat,19:19:19 NPK
96.79,50.88,52.16,5.96,919.26,22.37,Kolhapur,Dark Brown,Wheat,Urea
102.45,53.64,48.86,6.52,871.71,22.53,Kolhapur,Dark Brown,Wheat,Urea
33.25,43.36,44.07,6.05,716.8,21.07,Satara,Black,Jowar,Urea
46.71,61.02,100.42,7.95,1136.55,25.99,Kolhapur,Dark Brown,Sugarcane,Urea
109.92,38.15,43.52,6.56,802.44,16.74,Kolhapur,Dark Brown,Wheat,19:19:19 NPK
145.16,82.43,43.97,7.51,502.67,22.78,Kolhapur,Dark Brown,Maize,Urea
133.68,83.17,144.1,8.17,1354.7,23.79,Pune,Black,Sugarcane,DAP
109.93,58.31,52.2,6.06,745.34,17.59,Kolhapur,Dark Brown,Wheat,19:19:19 NPK
123.59,70.38,43.2,7.64,607.96,28.4,Kolhapur,Dark Brown,Maize,MOP
148.11,83.94,34.07,8.18,362.13,25.54,Kolhapur,Dark Brown,Maize,SSP
44.91,52.7,44.2,5.87,694.61,18.2,Kolhapur,Dark Brown,Wheat,19:19:19 NPK
21.7,18.13,31.84,7.72,607.81,26.85,Pune,Black,Jowar,DAP
130.64,82.74,106.1,8.46,1188.3,23.89,Pune,Black,Sugarcane,DAP
146.09,80.68,51.54,7.75,512.5,26.13,Kolhapur,Dark Brown,Maize,SSP
138.94,84.0,139.21,7.61,815.51,25.44,Satara,Black,Sugarcane,DAP
133.59,82.59,142.2,7.69,935.07,30.92,Satara,Black,Sugarcane,MOP
126.45,62.03,85.55,6.84,793.99,24.31,Satara,Black,Wheat,Urea
138.37,82.72,129.76,8.26,1078.05,24.38,Pune,Black,Sugarcane,DAP
80.74,39.46,50.15,7.62,658.88,14.89,Satara,Black,Wheat,Urea
127.07,83.46,144.51,8.15,1333.59,24.22,Pune,Black,Sugarcane,DAP
140.45,74.08,45.91,7.59,688.64,28.7,Kolhapur,Dark Brown,Maize,Urea
56.22,44.09,40.08,6.7,511.81,16.17,Satara,Black,Wheat,Urea
93.63,40.89,58.84,6.46,788.09,19.01,Kolhapur,Dark Brown,Wheat,Urea
134.67,75.4,129.47,8.19,1209.74,31.84,Pune,Black,Sugarcane,MOP
71.44,59.91,74.14,6.45,601.39,23.28,Satara,Black,Wheat,19:19:19 NPK
137.74,75.78,140.08,7.72,1189.27,30.41,Pune,Black,Sugarcane,Urea
78.18,48.01,53.51,6.56,775.98,20.54,Kolhapur,Dark Brown,Wheat,Urea
113.51,49.29,55.46,6.91,799.28,18.28,Sangli,Black,Wheat,19:19:19 NPK
80.43,43.59,53.73,6.36,821.24,20.86,Kolhapur,Dark Brown,Wheat,Urea
84.09,71.42,94.94,7.92,1047.9,25.59,Kolhapur,Dark Brown,Maize,Urea
109.91,63.74,34.32,5.96,894.52,22.71,Kolhapur,Dark Brown,Wheat,19:19:19 NPK
119.98,76.24,68.71,8.34,1061.59,32.69,Solapur,Black,Sugarcane,DAP
97.5,53.46,56.08,6.63,682.67,23.68,Sangli,Black,Wheat,19:19:19 NPK
128.81,70.46,136.55,7.95,1316.82,30.75,Pune,Black,Sugarcane,MOP
146.6,78.94,46.0,7.94,406.11,30.8,Kolhapur,Dark Brown,Maize,MOP
73.73,47.09,45.59,6.39,596.78,16.72,Kolhapur,Dark Brown,Wheat,Urea
117.98,53.31,44.75,6.79,851.22,19.82,Sangli,Black,Wheat,19:19:19 NPK
134.56,80.43,126.31,7.79,904.15,27.14,Satara,Black,Sugarcane,MOP
131.14,77.57,85.3,8.05,1144.82,33.47,Satara,Black,Sugarcane,DAP
145.38,82.04,45.58,7.52,483.16,25.62,Kolhapur,Dark Brown,Maize,SSP
137.85,78.44,40.23,7.65,495.32,26.79,Sangli,Black,Maize,MOP
110.48,66.98,139.48,7.97,1381.29,27.92,Pune,Black,Sugarcane,Urea
133.86,80.73,128.19,7.89,1019.89,30.49,Satara,Black,Sugarcane,DAP
111.23,56.91,34.03,6.19,1049.17,22.43,Kolhapur,Dark Brown,Wheat,19:19:19 NPK
139.36,84.7,136.73,6.65,973.12,31.19,Satara,Black,Sugarcane,Urea
144.5,81.17,32.5,7.86,498.03,26.04,Kolhapur,Dark Brown,Maize,Urea
99.96,57.65,44.83,6.15,824.13,20.53,Kolhapur,Dark Brown,Wheat,19:19:19 NPK
133.02,79.94,122.1,6.97,1082.19,31.6,Satara,Black,Sugarcane,Urea
139.14,77.09,49.81,7.32,751.79,22.27,Sangli,Dark Brown,Maize,Urea
117.12,65.03,34.38,6.98,662.01,19.52,Sangli,Black,Wheat,Urea
145.6,80.66,38.63,7.66,544.76,22.83,Kolhapur,Dark Brown,Maize,Urea
136.04,84.78,139.77,7.65,882.8,28.6,Satara,Black,Sugarcane,DAP
117.12,70.01,55.65,8.34,1171.05,28.26,Solapur,Black,Sugarcane,MOP
99.76,63.53,40.99,5.93,868.84,23.23,Kolhapur,Dark Brown,Wheat,19:19:19 NPK
97.32,63.75,108.89,8.12,1246.32,30.2,Kolhapur,Black,Sugarcane,MOP
133.64,80.65,130.23,8.1,1024.74,28.46,Satara,Black,Sugarcane,DAP
71.59,62.08,96.31,7.8,1242.72,26.64,Kolhapur,Black,Sugarcane,Urea
147.66,81.43,42.63,7.94,386.26,30.87,Sangli,Black,Maize,MOP
142.31,82.07,41.85,8.42,1032.07,29.21,Solapur,Black,Sugarcane,MOP
138.48,78.05,143.55,7.87,1341.25,25.65,Pune,Black,Sugarcane,Urea
84.53,64.0,111.81,8.01,1304.94,29.69,Pune,Black,Sugarcane,MOP
115.33,69.73,66.79,8.18,1215.16,30.03,Solapur,Black,Sugarcane,MOP
130.81,76.05,130.85,6.6,949.94,30.74,Pune,Black,Sugarcane,Urea
106.44,54.11,44.44,6.49,738.42,22.23,Sangli,Black,Wheat,Urea
137.46,80.05,117.06,7.81,1012.8,31.06,Satara,Black,Sugarcane,MOP
101.59,39.9,49.63,6.67,861.45,16.8,Kolhapur,Dark Brown,Wheat,Urea
82.75,44.72,40.93,6.62,530.99,16.88,Satara,Dark Brown,Wheat,19:19:19 NPK
41.35,50.08,103.58,7.82,1257.3,27.22,Kolhapur,Black,Sugarcane,MOP
97.39,56.61,51.41,6.37,800.85,18.8,Kolhapur,Dark Brown,Wheat,Urea
143.37,80.44,39.94,7.5,568.41,28.88,Kolhapur,Dark Brown,Maize,Urea
124.37,70.12,67.85,7.05,699.27,27.75,Sangli,Black,Maize,MOP
93.97,60.89,50.35,5.89,831.67,24.27,Kolhapur,Dark Brown,Wheat,19:19:19 NPK
99.59,66.17,90.5,7.84,1138.06,25.4,Kolhapur,Black,Sugarcane,Urea
138.91,83.23,134.34,8.07,1002.68,27.4,Satara,Black,Sugarcane,DAP
44.41,46.54,46.79,6.62,717.84,22.02,Satara,Black,Wheat,Urea
125.07,83.71,143.32,7.58,1080.17,26.36,Satara,Black,Sugarcane,DAP
139.0,76.1,89.72,8.01,1089.33,32.75,Solapur,Black,Sugarcane,MOP
117.17,68.64,132.49,8.1,1310.26,30.79,Pune,Black,Sugarcane,MOP
145.61,82.56,47.43,7.5,480.54,25.58,Sangli,Black,Maize,SSP
119.18,71.97,140.55,8.03,1247.53,29.57,Pune,Black,Sugarcane,MOP
41.31,56.33,67.22,6.06,872.55,21.13,Satara,Black,Ginger,Urea
27.36,30.65,38.44,7.12,850.25,28.85,Satara,Black,Ginger,Urea
134.53,69.59,126.96,7.7,1155.12,20.05,Pune,Black,Sugarcane,Urea
89.95,39.53,43.87,6.94,854.02,24.68,Kolhapur,Dark Brown,Wheat,Urea
103.96,76.39,111.37,7.04,976.61,23.15,Satara,Black,Sugarcane,MOP
102.87,68.76,81.58,7.76,1135.23,26.08,Kolhapur,Dark Brown,Sugarcane,Urea
113.19,72.33,65.11,8.09,1135.6,30.85,Solapur,Black,Sugarcane,MOP
139.41,84.47,139.21,7.56,987.4,25.21,Satara,Black,Sugarcane,DAP
123.46,72.79,126.23,6.87,921.92,23.59,Satara,Black,Sugarcane,Urea
138.49,83.53,140.23,7.11,1032.87,28.84,Satara,Black,Sugarcane,DAP
148.89,86.94,44.95,7.93,363.37,22.91,Sangli,Black,Maize,SSP
65.98,55.98,50.55,5.93,830.71,18.05,Kolhapur,Dark Brown,Wheat,Urea
54.04,57.92,45.41,5.94,712.85,16.58,Kolhapur,Dark Brown,Wheat,19:19:19 NPK
62.9,59.15,97.13,7.98,1106.5,29.2,Kolhapur,Black,Sugarcane,MOP
116.37,72.58,114.19,6.38,961.12,25.74,Satara,Black,Sugarcane,Urea
146.8,82.56,33.99,8.02,418.48,29.03,Kolhapur,Dark Brown,Maize,SSP
123.46,67.62,43.36,7.05,703.67,21.95,Sangli,Black,Wheat,Urea
110.15,44.89,44.73,6.28,784.33,19.89,Kolhapur,Dark Brown,Wheat,19:19:19 NPK
136.66,83.91,144.96,7.47,856.21,30.38,Satara,Black,Sugarcane,MOP
95.54,50.39,48.45,6.34,877.33,24.89,Kolhapur,Dark Brown,Wheat,Urea
134.86,78.44,135.7,7.16,1076.92,30.94,Pune,Black,Sugarcane,MOP
103.78,57.49,44.78,6.04,858.57,20.42,Kolhapur,Dark Brown,Wheat,19:19:19 NPK
98.19,57.6,49.25,5.87,955.52,26.77,Kolhapur,Dark Brown,Wheat,Urea
108.45,47.17,40.75,6.8,843.51,20.5,Sangli,Black,Wheat,Urea
123.19,69.93,114.12,8.2,1290.97,30.4,Pune,Black,Sugarcane,MOP
141.94,76.78,58.35,6.91,721.5,26.93,Sangli,Black,Maize,Urea
135.8,76.15,46.16,6.8,615.73,26.42,Sangli,Black,Maize,Urea
113.26,40.93,48.67,6.66,785.43,17.84,Sangli,Dark Brown,Wheat,19:19:19 NPK
134.16,77.58,95.4,7.98,1125.57,31.89,Satara,Black,Sugarcane,MOP
135.18,72.38,111.02,7.69,1174.46,25.8,Pune,Black,Sugarcane,Urea
69.28,62.09,76.02,6.41,982.23,25.74,Satara,Black,Ginger,Urea
23.88,19.19,40.41,7.06,624.64,24.02,Kolhapur,Black,Jowar,Urea
66.04,56.73,86.31,7.98,1257.97,29.06,Kolhapur,Black,Sugarcane,MOP
98.24,55.45,53.68,6.08,822.43,19.47,Kolhapur,Dark Brown,Wheat,Urea
135.89,78.33,126.46,8.16,1063.54,30.33,Satara,Black,Sugarcane,MOP
106.64,77.84,118.38,6.37,1027.63,31.76,Satara,Black,Sugarcane,Urea
133.69,80.63,97.89,8.39,1144.85,27.71,Solapur,Black,Sugarcane,DAP
115.04,78.59,61.75,8.28,1146.38,31.35,Solapur,Black,Sugarcane,MOP
32.85,45.28,44.92,6.13,776.44,23.63,Satara,Black,Jowar,Urea
133.44,71.29,100.36,8.22,1244.45,30.73,Pune,Black,Sugarcane,MOP
93.39,56.33,51.85,6.12,749.24,18.46,Kolhapur,Dark Brown,Wheat,19:19:19 NPK
141.63,79.45,44.59,7.64,531.97,28.13,Kolhapur,Dark Brown,Maize,SSP
133.23,76.5,98.78,8.05,1075.88,30.55,Satara,Black,Sugarcane,MOP
136.89,82.7,142.12,7.76,995.92,31.32,Satara,Black,Sugarcane,MOP
91.82,53.79,44.81,6.32,853.54,22.79,Kolhapur,Dark Brown,Wheat,Urea
96.18,52.1,54.4,6.5,659.21,18.51,Kolhapur,Dark Brown,Wheat,Urea
131.63,82.01,138.22,7.64,961.21,29.41,Satara,Black,Sugarcane,DAP
82.3,39.84,38.4,7.08,628.65,16.68,Kolhapur,Dark Brown,Wheat,Urea
122.31,57.37,42.16,6.68,881.32,18.94,Sangli,Black,Wheat,19:19:19 NPK
91.12,55.97,44.5,5.87,955.84,24.25,Kolhapur,Dark Brown,Wheat,Urea
60.5,61.05,121.88,8.07,1316.32,27.74,Kolhapur,Black,Sugarcane,Urea
126.15,68.31,111.46,7.03,783.01,26.07,Satara,Black,Sugarcane,Urea
131.81,66.65,99.59,7.4,960.37,22.4,Pune,Black,Sugarcane,Urea
96.11,60.87,40.9,6.04,834.02,21.17,Kolhapur,Dark Brown,Wheat,19:19:19 NPK
149.59,83.79,29.51,8.33,318.69,31.24,Sangli,Black,Maize,MOP
40.55,52.26,55.78,6.04,806.62,20.75,Satara,Black,Ginger,Urea
60.05,40.78,39.83,7.38,529.81,18.19,Satara,Black,Wheat,Urea
141.97,82.34,44.19,7.18,490.71,22.65,Sangli,Black,Maize,SSP
118.56,58.14,56.93,6.68,625.97,23.51,Sangli,Black,Maize,Urea
130.08,73.25,115.39,7.22,904.22,23.2,Satara,Black,Sugarcane,Urea
61.91,53.01,73.15,6.32,718.58,20.91,Satara,Black,Wheat,Urea
103.43,51.3,48.16,6.38,770.03,23.42,Sangli,Black,Wheat,19:19:19 NPK
34.5,52.12,67.36,6.22,976.91,21.31,Satara,Black,Ginger,Urea
129.78,72.78,59.77,8.22,1179.28,30.57,Solapur,Black,Sugarcane,MOP
133.77,84.75,142.45,7.39,921.07,24.55,Satara,Black,Sugarcane,DAP
114.42,61.16,73.05,7.08,931.37,21.66,Sangli,Black,Wheat,Urea
148.73,85.15,32.4,8.19,335.72,26.18,Kolhapur,Dark Brown,Maize,SSP
141.09,77.46,137.25,7.21,831.76,22.88,Satara,Black,Sugarcane,Urea
148.12,81.96,42.95,8.03,362.24,29.75,Sangli,Black,Maize,MOP
134.25,83.53,133.7,6.82,898.18,30.51,Satara,Black,Sugarcane,Urea
131.92,64.69,51.61,7.07,698.0,27.26,Sangli,Black,Maize,SSP
83.45,53.19,70.26,7.03,619.49,19.46,Satara,Black,Wheat,Urea
133.1,78.58,143.11,7.59,1189.23,30.98,Pune,Black,Sugarcane,MOP
135.14,75.55,67.38,8.19,1159.05,30.6,Solapur,Black,Sugarcane,MOP
82.84,39.81,51.69,6.7,800.31,21.76,Kolhapur,Dark Brown,Wheat,Urea
102.81,55.95,52.08,6.15,741.69,18.26,Kolhapur,Dark Brown,Wheat,Urea
87.24,53.4,48.39,6.09,680.03,16.56,Kolhapur,Dark Brown,Wheat,Urea
133.71,83.38,139.45,7.71,855.51,28.79,Satara,Black,Sugarcane,DAP
98.68,72.61,103.35,6.61,950.36,26.73,Satara,Black,Sugarcane,Urea
66.66,56.57,110.86,7.89,1270.69,27.95,Kolhapur,Black,Sugarcane,MOP
53.34,64.11,89.77,6.71,1049.25,21.85,Satara,Black,Ginger,DAP
80.99,69.94,96.4,6.4,888.18,26.52,Satara,Black,Sugarcane,MOP
135.63,74.0,124.59,7.21,1144.23,27.69,Pune,Black,Sugarcane,Urea
137.69,84.81,141.13,6.39,950.82,31.57,Satara,Black,Sugarcane,Urea
54.28,53.49,45.56,6.22,631.79,17.24,Satara,Black,Wheat,19:19:19 NPK
141.06,82.76,35.27,7.74,570.1,24.53,Kolhapur,Dark Brown,Maize,Urea
72.16,44.64,41.56,6.88,656.67,18.48,Kolhapur,Dark Brown,Wheat,Urea
112.73,64.06,98.8,6.87,855.63,24.63,Pune,Black,Sugarcane,Urea
135.46,82.97,143.08,7.87,962.59,30.52,Satara,Black,Sugarcane,MOP
37.66,60.0,86.87,7.86,1079.83,24.95,Kolhapur,Dark Brown,Maize,Urea
146.66,84.71,43.79,7.63,467.66,21.64,Kolhapur,Dark Brown,Maize,SSP
129.92,71.83,76.0,8.11,1162.53,30.24,Solapur,Black,Sugarcane,MOP
143.97,76.79,45.59,7.47,652.98,27.25,Kolhapur,Dark Brown,Maize,SSP
141.4,83.01,130.98,7.61,980.66,28.8,Satara,Black,Sugarcane,MOP
95.01,49.73,41.91,6.47,850.28,24.1,Kolhapur,Dark Brown,Wheat,Urea
88.67,74.07,116.26,7.29,1014.35,30.02,Satara,Black,Sugarcane,DAP
142.99,83.76,132.17,8.3,1259.21,22.68,Pune,Black,Sugarcane,DAP
120.24,73.28,121.44,6.51,965.18,24.84,Satara,Black,Sugarcane,Urea
120.25,57.1,33.91,6.21,944.58,22.99,Kolhapur,Dark Brown,Wheat,19:19:19 NPK
88.29,44.43,47.58,6.24,824.08,23.11,Kolhapur,Dark Brown,Wheat,Urea
87.47,56.49,56.04,6.14,734.83,18.3,Kolhapur,Dark Brown,Wheat,Urea
148.68,84.18,40.35,7.92,354.31,29.55,Kolhapur,Dark Brown,Maize,SSP
105.84,71.55,104.49,6.2,982.62,25.71,Satara,Black,Sugarcane,Urea
127.94,73.87,33.35,7.43,531.34,26.6,Sangli,Black,Maize,MOP
104.26,66.65,132.45,7.93,1232.53,29.12,Pune,Black,Sugarcane,MOP
137.35,75.8,63.66,8.31,1074.95,28.77,Solapur,Black,Sugarcane,MOP
97.94,40.8,47.71,6.68,575.98,17.15,Kolhapur,Dark Brown,Wheat,19:19:19 NPK
139.63,85.22,142.46,6.7,920.17,27.83,Satara,Black,Sugarcane,MOP
47.92,55.15,59.15,6.68,801.13,30.22,Satara,Black,Ginger,Urea
130.58,77.71,140.24,7.79,1149.94,29.96,Pune,Black,Sugarcane,MOP
106.52,61.59,37.94,5.99,807.92,22.0,Kolhapur,Dark Brown,Wheat,19:19:19 NPK
51.32,47.34,36.54,6.24,642.04,19.43,Satara,Black,Wheat,19:19:19 NPK
140.2,72.57,111.03,8.27,1222.86,31.77,Pune,Black,Sugarcane,MOP
136.24,79.19,102.86,8.14,1034.68,31.38,Satara,Black,Sugarcane,MOP
52.82,30.59,57.53,6.99,721.88,19.64,Kolhapur,Dark Brown,Wheat,Urea
40.73,57.89,84.14,6.59,1031.25,20.82,Satara,Black,Ginger,DAP
99.46,50.83,54.47,6.14,724.98,21.97,Kolhapur,Dark Brown,Wheat,19:19:19 NPK
95.55,51.3,75.1,7.15,620.76,18.78,Satara,Black,Wheat,Urea
126.28,74.09,133.13,8.07,1222.11,30.43,Pune,Black,Sugarcane,MOP
138.41,76.31,49.57,8.27,1141.29,31.62,Solapur,Black,Sugarcane,MOP
127.35,70.74,89.34,7.66,1043.75,25.48,Kolhapur,Dark Brown,Sugarcane,Urea
90.39,46.7,42.34,6.4,590.28,19.96,Satara,Dark Brown,Wheat,19:19:19 NPK
93.4,52.67,47.5,6.21,684.39,19.94,Kolhapur,Dark Brown,Wheat,19:19:19 NPK
128.01,72.08,143.13,8.08,1331.24,30.75,Pune,Black,Sugarcane,MOP
98.87,54.14,40.74,5.99,773.53,19.11,Kolhapur,Dark Brown,Wheat,19:19:19 NPK
141.79,79.57,47.43,8.37,1081.44,31.31,Solapur,Black,Sugarcane,MOP
108.8,47.74,47.75,6.39,810.13,22.08,Kolhapur,Dark Brown,Wheat,19:19:19 NPK
110.23,46.03,50.13,6.66,889.28,18.97,Sangli,Black,Wheat,19:19:19 NPK
124.16,79.71,144.11,8.31,1459.15,23.08,Pune,Black,Sugarcane,DAP
137.88,75.37,136.72,7.54,1197.5,25.81,Pune,Black,Sugarcane,Urea
55.41,59.21,80.26,6.1,890.78,24.97,Satara,Black,Ginger,Urea
148.16,84.15,47.82,7.78,392.73,25.23,Sangli,Black,Maize,SSP
134.41,75.4,113.65,8.11,1181.63,30.39,Satara,Black,Sugarcane,MOP
140.93,76.08,50.39,7.32,722.59,29.1,Kolhapur,Dark Brown,Maize,Urea
137.84,76.22,41.89,7.78,491.63,29.47,Kolhapur,Dark Brown,Maize,MOP
142.87,79.7,49.43,7.23,538.34,28.51,Sangli,Black,Maize,SSP
97.64,47.45,42.8,6.52,615.02,16.28,Kolhapur,Dark Brown,Wheat,19:19:19 NPK
100.65,41.32,46.52,6.52,799.51,18.71,Sangli,Black,Wheat,19:19:19 NPK
141.16,81.58,43.57,7.33,462.45,25.39,Sangli,Black,Maize,SSP
98.18,55.24,55.74,6.13,790.92,19.97,Kolhapur,Dark Brown,Wheat,Urea
86.45,70.75,110.94,6.28,877.64,25.31,Satara,Black,Sugarcane,MOP
77.61,61.21,90.57,8.11,1258.64,30.65,Kolhapur,Black,Sugarcane,MOP
40.72,53.08,112.44,7.92,1242.59,26.59,Kolhapur,Black,Sugarcane,MOP
120.07,63.25,45.93,6.93,687.04,23.92,Sangli,Black,Maize,Urea
139.78,79.65,47.83,7.55,499.57,28.67,Sangli,Black,Maize,SSP
95.06,60.73,45.28,5.84,884.31,22.86,Kolhapur,Dark Brown,Wheat,Urea
98.04,55.46,51.82,5.98,779.6,18.98,Kolhapur,Dark Brown,Wheat,Urea
141.14,79.08,133.71,7.26,853.62,24.52,Satara,Black,Sugarcane,Urea
47.86,58.39,52.64,5.92,810.24,19.59,Satara,Black,Wheat,Ammonium Sulphate
95.64,56.07,47.54,6.13,871.72,21.75,Kolhapur,Dark Brown,Wheat,Urea
129.17,77.63,51.86,8.37,1145.86,28.48,Solapur,Black,Sugarcane,MOP
121.53,82.33,140.62,8.43,1328.36,22.81,Pune,Black,Sugarcane,DAP
39.05,55.81,81.68,8.14,1093.33,25.5,Kolhapur,Dark Brown,Sugarcane,MOP
135.87,72.14,78.18,7.34,1004.95,24.95,Pune,Black,Maize,Urea
141.62,80.11,54.08,8.37,1107.7,28.98,Solapur,Black,Sugarcane,MOP
124.11,53.74,43.85,6.76,818.1,19.16,Sangli,Black,Wheat,19:19:19 NPK
126.52,82.86,144.31,8.42,1403.56,24.83,Pune,Black,Sugarcane,DAP
128.65,64.92,119.6,7.79,932.74,19.37,Satara,Black,Sugarcane,Urea
140.39,74.78,43.32,8.36,1084.5,29.61,Solapur,Black,Sugarcane,MOP
86.93,47.87,60.53,6.19,834.7,19.87,Kolhapur,Dark Brown,Wheat,Urea
100.25,56.26,43.56,7.19,726.82,18.51,Sangli,Black,Wheat,Urea
98.88,49.33,51.87,6.56,815.66,19.31,Sangli,Black,Wheat,19:19:19 NPK
135.11,75.0,46.28,6.65,625.16,26.7,Sangli,Black,Maize,Urea
133.03,66.35,109.86,7.4,890.17,20.19,Satara,Black,Sugarcane,Urea
136.83,83.97,137.69,7.28,929.87,25.55,Satara,Black,Sugarcane,MOP
136.55,84.54,140.68,7.06,954.75,27.05,Satara,Black,Sugarcane,DAP
137.08,81.4,115.02,8.09,1034.57,30.23,Satara,Black,Sugarcane,MOP
108.44,58.83,31.87,5.95,761.6,20.25,Kolhapur,Dark Brown,Wheat,19:19:19 NPK
100.62,49.69,45.03,6.06,797.56,20.14,Kolhapur,Dark Brown,Wheat,19:19:19 NPK
139.89,78.11,44.29,7.36,568.06,21.79,Kolhapur,Dark Brown,Maize,Urea
127.34,60.02,44.29,7.05,814.3,23.8,Sangli,Black,Maize,SSP
140.0,84.59,142.17,6.8,861.18,30.73,Satara,Black,Sugarcane,Urea
115.41,58.69,39.45,6.16,869.75,23.05,Kolhapur,Dark Brown,Wheat,19:19:19 NPK
101.16,54.5,51.0,6.19,748.17,19.82,Kolhapur,Dark Brown,Wheat,19:19:19 NPK
83.75,55.81,59.49,6.0,758.28,17.71,Kolhapur,Dark Brown,Wheat,Urea
136.54,78.2,126.24,7.67,1085.67,33.69,Pune,Black,Sugarcane,MOP
129.68,82.37,134.86,8.46,1364.32,23.17,Pune,Black,Sugarcane,DAP
81.56,43.34,42.33,6.69,577.36,21.23,Satara,Black,Wheat,Urea
137.84,75.8,62.29,8.23,1142.78,31.24,Solapur,Black,Sugarcane,MOP
81.66,29.92,55.68,6.69,755.41,20.22,Kolhapur,Dark Brown,Wheat,Urea
140.05,75.29,42.48,7.33,743.24,25.8,Kolhapur,Dark Brown,Maize,Urea
117.15,55.94,42.69,6.7,754.43,21.7,Sangli,Black,Maize,Urea
125.33,72.13,126.87,7.51,1118.87,22.96,Pune,Black,Sugarcane,Urea
107.06,60.79,95.07,6.75,712.09,24.38,Satara,Black,Sugarcane,Urea
70.99,45.16,60.22,6.53,549.69,20.46,Satara,Black,Wheat,Urea
140.64,79.33,43.08,8.37,1094.9,30.04,Solapur,Black,Sugarcane,MOP
40.2,50.58,52.94,6.12,879.82,23.0,Satara,Black,Ginger,Urea
93.37,55.92,48.83,5.96,964.61,24.26,Kolhapur,Dark Brown,Wheat,Urea
140.72,80.01,48.1,7.48,556.33,29.13,Sangli,Black,Maize,MOP
102.47,55.24,62.39,6.69,612.04,20.19,Satara,Black,Wheat,Urea
89.71,75.21,118.3,6.59,982.82,27.31,Satara,Black,Sugarcane,DAP
131.97,79.51,66.96,8.36,1141.18,28.73,Solapur,Black,Sugarcane,DAP
138.87,85.13,144.44,7.2,843.87,31.88,Satara,Black,Sugarcane,MOP
139.35,80.69,45.59,8.46,889.62,26.64,Solapur,Black,Sugarcane,MOP
129.12,65.22,107.48,7.37,1037.64,18.45,Pune,Black,Wheat,Urea
80.26,53.59,58.34,5.96,855.41,18.23,Kolhapur,Dark Brown,Wheat,Urea
124.72,72.86,67.84,7.79,814.29,26.76,Kolhapur,Dark Brown,Maize,Urea
145.12,83.24,34.4,7.85,484.15,25.72,Kolhapur,Dark Brown,Maize,Urea
90.39,73.0,125.48,7.31,1144.91,28.76,Satara,Black,Sugarcane,DAP
114.24,52.85,50.26,6.78,776.28,22.04,Sangli,Dark Brown,Wheat,19:19:19 NPK
105.44,53.08,46.07,6.12,823.77,22.73,Kolhapur,Dark Brown,Wheat,19:19:19 NPK
130.26,75.45,127.4,7.87,1068.3,28.56,Satara,Black,Sugarcane,Urea
134.95,79.41,118.28,8.01,980.8,31.09,Satara,Black,Sugarcane,MOP
134.98,73.61,57.11,8.2,1183.67,29.24,Solapur,Black,Sugarcane,MOP
130.29,83.39,140.87,7.77,850.36,28.98,Satara,Black,Sugarcane,DAP
109.35,53.8,51.17,6.05,771.87,19.26,Kolhapur,Dark Brown,Wheat,19:19:19 NPK
135.84,80.15,42.38,8.46,922.06,23.73,Solapur,Black,Sugarcane,DAP
50.85,45.05,42.1,6.53,678.2,18.6,Kolhapur,Dark Brown,Wheat,Urea
86.68,57.92,81.34,7.96,1045.52,26.2,Kolhapur,Dark Brown,Sugarcane,MOP
86.27,47.91,50.46,6.84,735.83,21.1,Kolhapur,Dark Brown,Wheat,Urea
118.17,58.4,63.99,7.02,857.01,22.67,Sangli,Black,Wheat,Urea
125.96,71.97,47.16,7.72,568.54,26.85,Kolhapur,Dark Brown,Maize,MOP
148.47,86.33,29.56,8.1,335.96,23.88,Kolhapur,Dark Brown,Maize,SSP
134.42,82.3,134.74,7.62,911.59,30.29,Satara,Black,Sugarcane,MOP
41.17,42.94,40.13,6.86,644.44,21.97,Kolhapur,Black,Wheat,Urea
138.19,82.23,126.95,7.78,906.02,30.79,Satara,Black,Sugarcane,MOP
100.49,55.08,47.31,6.06,883.87,23.11,Kolhapur,Dark Brown,Wheat,Urea
54.27,44.34,37.84,6.66,641.4,19.84,Satara,Black,Wheat,19:19:19 NPK
79.85,70.17,85.64,6.31,893.19,22.6,Satara,Black,Ginger,19:19:19 NPK
136.77,80.66,123.49,7.7,1002.46,32.67,Satara,Black,Sugarcane,DAP
80.77,68.76,72.45,7.84,827.39,26.16,Kolhapur,Dark Brown,Maize,Urea
89.94,52.57,82.83,6.92,560.05,21.76,Satara,Black,Wheat,Urea
136.17,77.14,143.96,7.54,1205.62,26.93,Pune,Black,Sugarcane,Urea
128.65,73.56,137.81,8.11,1290.76,29.29,Pune,Black,Sugarcane,MOP
70.08,56.01,54.07,6.04,687.8,18.25,Kolhapur,Dark Brown,Wheat,19:19:19 NPK
136.15,81.88,136.17,7.77,1027.77,29.68,Satara,Black,Sugarcane,DAP
101.99,62.72,55.07,5.84,762.65,22.78,Kolhapur,Dark Brown,Wheat,19:19:19 NPK
89.92,45.76,42.24,6.14,942.74,22.41,Kolhapur,Dark Brown,Wheat,Urea
125.66,81.97,137.78,6.2,1010.33,29.03,Satara,Black,Sugarcane,Urea
137.81,81.91,135.53,7.67,913.29,30.47,Satara,Black,Sugarcane,Urea
69.15,52.18,46.91,6.32,657.67,18.4,Kolhapur,Dark Brown,Wheat,Urea
71.63,53.84,64.28,6.79,666.33,20.34,Satara,Black,Wheat,Urea
132.21,71.64,140.54,8.07,1334.03,31.42,Pune,Black,Sugarcane,MOP
73.35,42.98,37.36,6.65,587.87,19.76,Satara,Black,Wheat,19:19:19 NPK
86.28,44.23,47.97,6.35,650.61,19.71,Kolhapur,Dark Brown,Wheat,19:19:19 NPK
83.42,49.01,44.55,6.24,623.4,17.61,Kolhapur,Dark Brown,Wheat,19:19:19 NPK
102.96,38.95,40.52,6.61,814.41,17.98,Sangli,Black,Wheat,Urea
108.08,50.54,45.92,6.13,717.71,20.72,Kolhapur,Dark Brown,Wheat,19:19:19 NPK
143.74,79.4,36.46,7.6,438.16,26.43,Sangli,Black,Maize,SSP
87.89,50.18,49.69,6.28,679.45,17.48,Kolhapur,Dark Brown,Wheat,Urea
100.39,45.76,42.86,6.56,865.12,18.99,Kolhapur,Dark Brown,Wheat,Urea
134.95,74.35,71.35,7.18,872.94,24.55,Sangli,Black,Maize,Urea
136.46,74.79,134.13,7.74,1320.11,27.14,Pune,Black,Sugarcane,Urea
68.19,46.22,51.64,6.47,724.89,19.43,Kolhapur,Dark Brown,Wheat,Urea
104.91,49.85,49.71,6.74,787.29,16.03,Sangli,Black,Wheat,Urea
138.46,84.88,146.86,7.25,813.81,27.12,Satara,Black,Sugarcane,Urea
82.45,62.18,62.97,5.8,943.98,24.49,Kolhapur,Dark Brown,Wheat,Urea
122.33,65.38,46.43,6.73,819.54,21.22,Sangli,Black,Maize,SSP
116.12,74.7,101.73,7.07,733.16,32.53,Sangli,Black,Sugarcane,MOP
109.31,46.67,50.19,6.66,819.22,20.81,Sangli,Black,Wheat,Urea
104.2,71.31,113.01,8.05,1243.97,29.02,Pune,Black,Sugarcane,MOP
25.66,34.15,59.32,6.98,939.12,24.53,Satara,Black,Ginger,DAP
123.51,48.21,51.99,6.77,773.8,21.57,Sangli,Black,Wheat,19:19:19 NPK
112.86,52.62,40.71,6.81,722.23,20.74,Sangli,Black,Wheat,Urea
139.7,75.43,110.64,7.9,1117.07,31.73,Pune,Black,Sugarcane,MOP
146.09,78.68,44.67,7.77,505.97,25.73,Kolhapur,Dark Brown,Maize,SSP
93.43,51.2,42.72,6.43,748.09,21.15,Kolhapur,Black,Wheat,19:19:19 NPK
96.65,55.05,49.99,5.86,868.01,22.51,Kolhapur,Dark Brown,Wheat,Urea
134.08,59.05,27.61,6.52,867.5,22.28,Kolhapur,Dark Brown,Wheat,19:19:19 NPK
33.69,44.45,43.3,6.24,734.23,24.67,Satara,Black,Jowar,Urea
105.14,72.85,102.33,7.01,768.8,29.23,Satara,Black,Sugarcane,MOP
97.02,56.69,50.6,5.85,855.75,22.63,Kolhapur,Dark Brown,Wheat,19:19:19 NPK
71.42,45.36,39.18,6.6,559.73,20.99,Satara,Black,Wheat,19:19:19 NPK
136.32,81.32,128.28,7.54,1022.07,28.74,Satara,Black,Sugarcane,MOP
105.71,52.28,53.07,6.19,749.15,21.61,Kolhapur,Dark Brown,Wheat,Urea
131.7,71.14,126.52,7.43,1268.91,27.71,Pune,Black,Sugarcane,Urea
78.57,50.91,52.94,6.33,649.4,15.73,Kolhapur,Dark Brown,Wheat,Urea
75.81,58.61,105.82,7.85,1166.15,27.53,Kolhapur,Dark Brown,Sugarcane,MOP
125.86,70.9,87.92,8.17,1236.16,30.75,Solapur,Black,Sugarcane,MOP
57.23,50.55,42.76,6.43,740.29,18.16,Kolhapur,Dark Brown,Wheat,Urea
132.66,76.13,66.44,8.2,1167.54,31.01,Solapur,Black,Sugarcane,MOP
139.36,73.0,45.15,7.75,558.53,28.33,Kolhapur,Dark Brown,Maize,MOP
120.29,76.54,130.91,6.62,693.35,25.02,Satara,Black,Sugarcane,Urea
52.88,61.41,87.32,7.89,1069.06,26.28,Kolhapur,Dark Brown,Maize,Urea
37.18,46.78,40.08,6.3,768.65,25.23,Satara,Black,Ginger,Urea
58.85,21.76,40.15,7.29,734.01,26.08,Kolhapur,Dark Brown,Wheat,Urea
119.8,53.37,48.9,6.61,855.03,19.08,Kolhapur,Dark Brown,Wheat,19:19:19 NPK
91.55,63.24,123.21,7.78,1291.61,26.05,Kolhapur,Black,Sugarcane,Urea
117.51,54.99,35.16,6.24,918.74,21.41,Kolhapur,Dark Brown,Wheat,19:19:19 NPK
140.56,80.59,100.56,8.35,1106.77,25.56,Solapur,Black,Sugarcane,DAP
142.73,75.43,125.96,7.91,1254.91,32.58,Pune,Black,Sugarcane,MOP
141.98,81.27,114.12,8.21,1018.85,26.5,Satara,Black,Sugarcane,DAP
148.82,83.5,35.63,8.18,342.14,28.25,Kolhapur,Dark Brown,Maize,SSP
149.48,85.13,33.87,8.31,313.4,27.8,Kolhapur,Dark Brown,Maize,SSP
118.25,54.6,43.39,6.62,840.97,20.11,Kolhapur,Dark Brown,Wheat,19:19:19 NPK
116.82,58.99,34.16,6.71,721.28,20.35,Sangli,Black,Wheat,Urea
141.35,82.86,141.08,6.67,882.22,27.52,Satara,Black,Sugarcane,Urea
123.79,81.2,140.75,6.83,877.32,24.54,Satara,Black,Sugarcane,MOP
141.59,83.36,132.49,7.98,1038.78,24.22,Satara,Black,Sugarcane,DAP
101.55,50.97,47.71,6.15,707.96,19.04,Kolhapur,Dark Brown,Wheat,19:19:19 NPK
105.07,58.11,47.89,6.03,797.47,23.17,Kolhapur,Dark Brown,Wheat,19:19:19 NPK
136.73,83.22,133.29,7.23,875.19,31.12,Satara,Black,Sugarcane,Urea
119.51,72.07,64.44,8.23,1201.82,31.26,Solapur,Black,Sugarcane,MOP
116.69,81.43,140.62,7.58,1224.97,27.26,Pune,Black,Sugarcane,DAP
142.19,79.31,86.82,7.64,820.89,27.49,Pune,Black,Maize,MOP
139.66,82.65,134.25,6.57,1047.74,33.22,Satara,Black,Sugarcane,Urea
130.3,72.81,41.14,7.36,605.79,27.47,Sangli,Black,Maize,MOP
101.23,51.1,54.58,6.19,720.03,19.18,Kolhapur,Dark Brown,Wheat,Urea
105.28,42.66,45.48,6.54,823.74,15.78,Sangli,Black,Wheat,Urea
131.94,84.43,142.38,7.94,920.66,24.32,Satara,Black,Sugarcane,DAP
139.65,70.29,60.29,7.94,622.1,28.35,Kolhapur,Dark Brown,Maize,MOP
141.5,81.68,144.06,7.39,983.38,25.57,Satara,Black,Sugarcane,Urea
77.75,57.83,75.37,7.34,727.07,24.48,Sangli,Black,Wheat,MOP
142.43,82.57,122.43,8.33,1242.76,23.6,Pune,Black,Sugarcane,DAP
145.78,84.49,38.25,7.74,426.39,24.65,Sangli,Black,Maize,SSP
110.25,48.47,37.03,6.25,920.66,21.17,Kolhapur,Dark Brown,Wheat,19:19:19 NPK
133.53,68.25,121.86,7.7,1073.18,17.38,Pune,Black,Sugarcane,Urea
132.89,81.17,140.74,7.6,959.83,27.39,Satara,Black,Sugarcane,MOP
110.07,79.9,125.67,6.97,1027.38,30.7,Satara,Black,Sugarcane,Urea
103.17,61.61,48.25,5.91,781.98,22.58,Kolhapur,Dark Brown,Wheat,19:19:19 NPK
65.37,54.77,51.05,5.95,709.89,18.64,Kolhapur,Dark Brown,Wheat,Urea
47.12,66.36,102.62,6.14,945.56,22.91,Satara,Black,Ginger,DAP
134.86,69.74,60.92,8.28,1086.93,30.67,Solapur,Black,Sugarcane,MOP
102.4,54.19,44.54,6.16,748.69,20.08,Kolhapur,Dark Brown,Wheat,19:19:19 NPK
69.48,52.45,38.82,6.25,636.0,22.6,Satara,Black,Wheat,19:19:19 NPK
86.28,48.63,51.3,6.31,970.46,22.84,Kolhapur,Dark Brown,Wheat,Urea
107.7,52.97,42.11,6.08,804.02,21.45,Kolhapur,Dark Brown,Wheat,19:19:19 NPK
138.37,77.62,137.35,7.75,1043.58,28.52,Satara,Black,Sugarcane,Urea
68.08,48.17,49.9,6.4,661.85,19.66,Kolhapur,Dark Brown,Wheat,Urea
137.72,73.94,92.38,7.68,963.39,28.15,Kolhapur,Dark Brown,Maize,Urea
130.4,78.37,141.31,8.05,1119.27,30.78,Pune,Black,Sugarcane,MOP
132.6,81.67,139.23,7.71,903.91,28.13,Satara,Black,Sugarcane,MOP
138.2,83.18,135.99,7.91,1022.22,27.14,Satara,Black,Sugarcane,DAP
148.02,81.28,42.51,8.09,393.58,29.68,Kolhapur,Dark Brown,Maize,MOP
104.69,60.75,45.94,5.97,850.08,23.75,Kolhapur,Dark Brown,Wheat,19:19:19 NPK
109.46,57.79,48.24,5.86,770.58,21.52,Kolhapur,Dark Brown,Wheat,19:19:19 NPK
83.48,52.3,37.69,6.06,718.19,17.05,Kolhapur,Dark Brown,Wheat,19:19:19 NPK
53.78,66.25,92.63,6.12,916.55,23.42,Satara,Black,Ginger,Urea
137.56,76.52,95.63,8.11,1047.67,29.59,Satara,Black,Sugarcane,MOP
94.97,55.78,51.18,6.17,858.55,20.66,Kolhapur,Dark Brown,Wheat,Urea
131.53,70.55,123.51,7.73,1149.21,30.1,Pune,Black,Sugarcane,MOP
106.69,50.45,50.02,6.05,770.32,21.52,Kolhapur,Dark Brown,Wheat,19:19:19 NPK
95.21,55.19,44.14,5.94,905.83,21.75,Kolhapur,Dark Brown,Wheat,Urea
137.26,74.98,142.62,7.96,1310.84,31.25,Pune,Black,Sugarcane,MOP
57.16,65.98,104.7,6.76,1059.32,22.48,Satara,Black,Ginger,DAP
134.38,80.15,54.78,8.46,971.12,25.44,Solapur,Black,Sugarcane,DAP
106.58,51.58,53.23,6.06,812.82,23.09,Kolhapur,Dark Brown,Wheat,19:19:19 NPK
119.63,80.66,137.2,7.54,1177.9,27.81,Pune,Black,Sugarcane,DAP
91.81,55.27,43.04,6.05,700.34,18.0,Kolhapur,Dark Brown,Wheat,19:19:19 NPK
100.69,57.65,48.29,5.93,818.47,19.91,Kolhapur,Dark Brown,Wheat,19:19:19 NPK
133.87,75.74,141.82,7.67,1175.43,25.43,Pune,Black,Sugarcane,Urea
102.83,50.26,44.58,6.04,731.08,19.08,Kolhapur,Dark Brown,Wheat,19:19:19 NPK
137.52,84.89,143.12,6.88,856.08,29.19,Satara,Black,Sugarcane,MOP
118.31,63.54,33.61,6.79,714.76,24.0,Sangli,Black,Wheat,19:19:19 NPK
94.86,62.84,50.36,5.75,785.58,22.21,Kolhapur,Dark Brown,Wheat,19:19:19 NPK
98.89,63.32,103.36,7.98,1248.38,28.25,Pune,Black,Sugarcane,MOP
36.45,40.0,41.76,6.64,793.55,29.22,Satara,Black,Jowar,Urea
138.27,80.57,134.85,7.67,949.75,29.58,Satara,Black,Sugarcane,Urea
138.17,78.75,136.71,7.82,973.01,27.98,Satara,Black,Sugarcane,MOP
147.8,83.72,43.07,7.91,363.97,24.18,Kolhapur,Dark Brown,Maize,SSP
89.6,52.77,51.92,6.72,727.08,22.3,Sangli,Black,Wheat,19:19:19 NPK
131.06,67.01,115.63,7.43,1012.59,19.34,Pune,Black,Sugarcane,Urea
91.04,53.51,52.58,6.13,723.24,17.03,Kolhapur,Dark Brown,Wheat,Urea
130.03,79.35,133.94,7.85,1090.26,32.04,Satara,Black,Sugarcane,MOP
116.94,69.51,123.74,7.85,1316.17,22.96,Kolhapur,Black,Sugarcane,Urea
117.09,57.59,40.02,6.34,962.84,26.62,Kolhapur,Dark Brown,Wheat,19:19:19 NPK
100.79,54.02,55.36,7.16,803.87,20.02,Sangli,Black,Wheat,Urea
89.74,61.19,52.85,5.79,920.16,20.69,Kolhapur,Dark Brown,Wheat,Urea
108.61,54.72,50.2,6.09,801.06,21.11,Kolhapur,Dark Brown,Wheat,19:19:19 NPK
57.78,56.01,56.66,6.32,823.51,27.25,Satara,Black,Ginger,Urea
103.94,70.38,108.11,8.01,1251.03,28.28,Kolhapur,Black,Sugarcane,Urea
146.82,80.62,42.06,7.68,498.34,26.78,Kolhapur,Dark Brown,Maize,SSP
67.45,50.91,39.3,6.15,668.84,16.45,Kolhapur,Dark Brown,Wheat,19:19:19 NPK
89.57,48.35,65.63,7.6,825.79,16.78,Pune,Black,Wheat,Urea
123.91,69.96,67.9,7.57,912.95,25.41,Kolhapur,Dark Brown,Maize,Urea
80.56,70.42,71.9,7.3,635.19,30.24,Satara,Black,Moong,MOP
104.44,64.01,130.95,7.85,1311.38,29.85,Pune,Black,Sugarcane,MOP
100.62,50.96,52.49,6.23,737.87,18.92,Kolhapur,Dark Brown,Wheat,Urea
71.23,59.24,79.95,6.6,732.3,23.13,Satara,Black,Ginger,Urea
129.18,76.61,55.57,8.24,1085.97,30.17,Solapur,Black,Sugarcane,MOP
138.36,77.83,53.54,8.3,1161.06,31.36,Solapur,Black,Sugarcane,MOP
109.8,44.65,49.47,6.46,928.91,18.0,Sangli,Black,Wheat,19:19:19 NPK
121.1,82.59,135.65,6.98,1026.61,28.45,Satara,Black,Sugarcane,DAP
148.49,86.22,43.9,8.12,365.37,25.87,Kolhapur,Dark Brown,Maize,SSP
105.96,43.83,49.05,6.25,855.63,20.72,Kolhapur,Dark Brown,Wheat,19:19:19 NPK
77.65,49.76,43.2,6.4,667.29,18.81,Kolhapur,Dark Brown,Wheat,Urea
55.37,53.42,47.39,5.98,685.77,18.33,Satara,Black,Wheat,19:19:19 NPK
50.59,55.32,88.34,7.72,1173.65,25.93,Kolhapur,Dark Brown,Sugarcane,Urea
135.51,76.33,51.1,7.34,484.18,26.1,Sangli,Black,Maize,SSP
143.01,83.12,140.6,7.07,927.68,29.81,Satara,Black,Sugarcane,Urea
28.63,40.54,34.3,6.38,720.63,27.58,Satara,Black,Jowar,Urea
135.11,79.55,121.7,7.7,1042.23,33.53,Satara,Black,Sugarcane,MOP
92.41,53.3,54.42,6.4,693.25,17.45,Kolhapur,Dark Brown,Wheat,Urea
59.34,61.01,81.71,6.08,953.03,23.62,Satara,Black,Ginger,Urea
118.71,72.64,41.71,7.79,525.71,28.73,Kolhapur,Dark Brown,Maize,MOP
136.05,83.07,144.15,7.32,889.33,28.12,Satara,Black,Sugarcane,MOP
124.95,75.63,111.22,8.02,1044.02,29.77,Satara,Black,Sugarcane,MOP
63.01,48.98,45.09,6.47,523.71,21.9,Satara,Black,Wheat,19:19:19 NPK
96.0,53.3,51.05,6.18,810.42,19.47,Kolhapur,Dark Brown,Wheat,Urea
103.35,62.15,87.52,6.9,898.63,24.07,Satara,Black,Sugarcane,Urea
43.21,58.18,83.05,6.46,1088.67,27.62,Satara,Black,Ginger,DAP
131.01,78.2,104.44,8.16,1029.63,29.07,Satara,Black,Sugarcane,MOP
123.55,74.22,113.85,7.97,1108.19,30.8,Satara,Black,Sugarcane,MOP
126.33,64.84,43.79,6.93,778.53,20.56,Sangli,Black,Maize,SSP
96.4,60.76,119.37,8.13,1317.23,29.89,Kolhapur,Black,Sugarcane,MOP
143.46,80.06,39.96,8.04,435.9,28.12,Kolhapur,Dark Brown,Maize,SSP
132.7,74.22,128.25,6.86,1043.35,30.55,Pune,Black,Sugarcane,Urea
61.89,60.53,102.36,7.97,1218.64,29.77,Kolhapur,Black,Sugarcane,MOP
90.33,51.22,52.0,5.97,837.01,22.58,Kolhapur,Dark Brown,Wheat,Urea
104.01,57.44,37.32,6.02,787.47,21.27,Kolhapur,Dark Brown,Wheat,19:19:19 NPK
136.93,78.82,65.1,8.41,1120.5,27.04,Solapur,Black,Sugarcane,DAP
130.78,74.88,53.83,8.21,1151.49,29.91,Solapur,Black,Sugarcane,MOP
133.53,76.01,46.38,8.37,1126.39,29.57,Solapur,Black,Sugarcane,MOP
66.2,68.16,59.48,7.78,671.1,25.46,Kolhapur,Dark Brown,Maize,SSP
130.29,72.29,47.65,7.83,546.42,28.75,Kolhapur,Dark Brown,Maize,MOP
136.28,83.47,138.5,7.77,993.2,26.18,Satara,Black,Sugarcane,DAP
69.45,57.02,57.37,5.98,781.16,18.21,Kolhapur,Dark Brown,Wheat,Urea
56.4,46.63,41.66,7.23,546.67,17.96,Satara,Black,Wheat,Urea
103.88,53.2,49.9,6.26,699.43,20.98,Kolhapur,Dark Brown,Wheat,19:19:19 NPK
81.7,38.78,46.09,7.13,608.49,16.84,Satara,Black,Wheat,Urea
105.56,43.36,53.41,6.59,711.87,19.04,Sangli,Black,Wheat,Urea
145.12,83.15,42.88,7.77,538.1,22.85,Kolhapur,Dark Brown,Maize,Urea
110.78,57.55,51.33,6.7,679.38,25.03,Sangli,Black,Wheat,19:19:19 NPK
128.01,76.08,141.4,7.73,1082.73,26.88,Pune,Black,Sugarcane,MOP
127.55,72.63,48.96,6.93,630.05,26.1,Sangli,Black,Maize,SSP
117.64,71.48,117.09,6.32,861.28,22.92,Satara,Black,Sugarcane,Urea
122.83,81.45,134.04,8.29,1186.36,27.14,Pune,Black,Sugarcane,DAP
147.77,81.18,34.88,8.04,382.09,26.15,Kolhapur,Dark Brown,Maize,SSP
137.37,73.95,132.14,7.7,1247.01,18.44,Pune,Black,Sugarcane,Urea
75.13,40.45,40.89,7.31,538.31,17.12,Satara,Black,Wheat,Urea
87.96,57.11,46.79,5.8,834.92,20.33,Kolhapur,Dark Brown,Wheat,19:19:19 NPK
113.51,53.18,45.14,6.61,783.72,18.0,Sangli,Black,Wheat,SSP
144.93,83.56,39.36,7.45,470.95,24.37,Sangli,Black,Maize,SSP
54.81,57.02,42.62,6.09,661.3,18.52,Satara,Black,Wheat,19:19:19 NPK
85.61,52.29,53.13,6.52,780.41,21.63,Kolhapur,Dark Brown,Wheat,Urea
119.09,50.99,53.54,7.01,857.06,19.24,Sangli,Black,Maize,SSP
92.12,63.04,136.24,7.95,1319.52,29.93,Pune,Black,Sugarcane,MOP
101.52,56.4,49.95,6.11,709.61,19.0,Kolhapur,Dark Brown,Wheat,19:19:19 NPK
149.19,84.76,39.39,8.18,331.64,31.33,Kolhapur,Dark Brown,Maize,MOP
107.18,48.19,46.06,6.56,696.4,23.18,Sangli,Black,Wheat,Urea
99.82,40.87,47.7,6.52,840.69,18.76,Kolhapur,Dark Brown,Wheat,Urea
110.31,46.99,49.31,6.39,867.16,22.29,Kolhapur,Dark Brown,Wheat,19:19:19 NPK
147.24,81.32,42.99,7.98,386.15,25.93,Kolhapur,Dark Brown,Maize,SSP
132.92,72.93,139.61,7.82,1310.54,27.9,Pune,Black,Sugarcane,Urea
138.55,75.04,116.85,6.91,837.5,21.74,Satara,Black,Sugarcane,Urea
135.76,84.54,137.38,6.25,969.38,31.04,Satara,Black,Sugarcane,Urea
99.79,45.0,46.15,6.4,834.76,17.62,Kolhapur,Dark Brown,Wheat,19:19:19 NPK
129.13,83.74,144.33,8.12,1303.25,23.46,Pune,Black,Sugarcane,DAP
117.06,80.1,53.43,8.48,900.9,25.6,Solapur,Black,Cotton,DAP
53.34,54.31,52.98,5.97,820.2,18.75,Satara,Black,Wheat,Urea
103.29,51.51,39.34,6.16,743.34,19.42,Kolhapur,Dark Brown,Wheat,19:19:19 NPK
25.8,31.37,31.86,6.52,732.57,27.36,Satara,Black,Jowar,Urea
141.58,85.08,144.54,6.86,884.72,28.47,Satara,Black,Sugarcane,Urea
135.35,73.49,62.3,7.64,804.4,27.92,Kolhapur,Dark Brown,Maize,Urea
52.98,53.45,46.19,5.95,682.69,20.02,Satara,Black,Wheat,19:19:19 NPK
67.55,41.57,45.45,6.72,543.96,16.92,Kolhapur,Dark Brown,Wheat,Urea
134.52,73.24,118.21,7.26,864.89,27.26,Satara,Black,Sugarcane,Urea
123.9,71.75,132.43,8.06,1246.19,30.65,Pune,Black,Sugarcane,MOP
66.02,52.13,71.8,7.25,565.67,18.37,Satara,Black,Wheat,19:19:19 NPK
127.68,76.75,133.13,6.55,896.18,27.19,Satara,Black,Sugarcane,Urea
70.6,53.77,52.54,6.47,658.82,20.59,Satara,Black,Wheat,19:19:19 NPK
136.32,83.6,138.12,6.42,972.2,30.97,Satara,Black,Sugarcane,Urea
133.28,76.83,122.11,7.78,1004.68,30.66,Satara,Black,Sugarcane,MOP
139.48,77.76,53.36,8.39,1108.58,29.98,Solapur,Black,Sugarcane,MOP
139.32,80.54,48.75,7.81,523.48,24.37,Kolhapur,Dark Brown,Maize,SSP
109.59,59.36,97.43,7.05,768.61,22.92,Satara,Black,Sugarcane,Urea
99.54,50.21,38.04,6.41,834.79,23.93,Kolhapur,Dark Brown,Wheat,19:19:19 NPK
93.32,52.58,53.22,5.96,889.77,23.63,Kolhapur,Dark Brown,Wheat,Urea
106.82,56.32,40.23,5.94,738.13,21.76,Kolhapur,Dark Brown,Wheat,19:19:19 NPK
138.85,76.84,72.09,8.29,1109.88,28.19,Solapur,Black,Sugarcane,MOP
143.21,80.0,41.79,8.03,392.27,30.45,Kolhapur,Dark Brown,Maize,MOP
122.34,74.57,63.98,7.61,878.33,24.96,Kolhapur,Dark Brown,Maize,Urea
118.02,72.14,69.59,7.67,877.48,25.48,Kolhapur,Dark Brown,Maize,Urea
136.17,82.53,142.47,7.18,937.67,28.12,Satara,Black,Sugarcane,MOP
148.77,81.5,37.73,8.16,341.95,28.02,Kolhapur,Dark Brown,Maize,SSP
133.97,76.86,87.66,8.17,1097.76,28.51,Solapur,Black,Sugarcane,MOP
68.73,61.49,81.39,7.84,1134.37,26.45,Kolhapur,Dark Brown,Sugarcane,Urea
96.33,65.19,44.26,5.86,877.86,25.19,Kolhapur,Dark Brown,Wheat,19:19:19 NPK
129.89,67.74,76.64,7.75,923.3,29.76,Kolhapur,Dark Brown,Maize,Urea
104.83,55.98,46.08,6.14,749.14,20.26,Kolhapur,Dark Brown,Wheat,19:19:19 NPK
142.6,85.69,146.69,6.86,782.45,29.19,Satara,Black,Sugarcane,Urea
140.36,83.31,141.51,6.45,934.18,31.36,Satara,Black,Sugarcane,Urea
90.38,56.08,49.54,5.86,875.76,21.41,Kolhapur,Dark Brown,Wheat,Urea
53.55,67.15,99.22,6.61,1092.27,19.22,Satara,Black,Ginger,DAP
143.89,79.01,39.41,7.78,465.68,27.36,Kolhapur,Dark Brown,Maize,SSP
142.72,83.18,40.97,8.43,1091.77,28.87,Solapur,Black,Sugarcane,MOP
93.66,58.19,49.39,5.94,880.22,20.07,Kolhapur,Dark Brown,Wheat,Urea
110.2,76.28,42.87,7.93,562.55,26.59,Kolhapur,Dark Brown,Maize,SSP
86.42,43.25,51.18,6.1,753.39,20.63,Kolhapur,Dark Brown,Wheat,19:19:19 NPK
98.87,54.86,42.86,5.97,759.82,20.74,Kolhapur,Dark Brown,Wheat,19:19:19 NPK
138.93,76.66,102.49,8.06,1042.37,30.6,Satara,Black,Sugarcane,MOP
140.96,84.39,143.16,7.07,828.88,27.34,Satara,Black,Sugarcane,Urea
124.34,62.99,99.52,7.76,1107.28,29.72,Kolhapur,Black,Sugarcane,MOP
121.25,56.17,48.99,6.69,743.44,22.17,Sangli,Black,Maize,SSP
140.52,83.88,141.62,6.41,971.06,30.12,Satara,Black,Sugarcane,Urea
96.67,44.32,35.91,7.55,832.38,14.59,Sangli,Black,Wheat,Urea
145.46,78.97,43.15,8.01,415.21,30.41,Sangli,Black,Maize,MOP
136.87,82.5,114.53,8.42,1138.09,22.51,Pune,Black,Sugarcane,DAP
83.98,53.27,51.23,6.25,684.23,16.81,Kolhapur,Dark Brown,Wheat,Urea
102.02,55.64,58.65,6.88,778.65,21.14,Sangli,Black,Wheat,19:19:19 NPK
95.9,59.73,47.32,6.05,870.74,23.47,Kolhapur,Dark Brown,Wheat,19:19:19 NPK
103.72,56.57,55.19,5.93,762.84,18.75,Kolhapur,Dark Brown,Wheat,19:19:19 NPK
103.28,42.97,49.13,6.3,795.1,21.92,Kolhapur,Dark Brown,Wheat,Urea
104.95,54.23,37.88,6.07,772.64,20.8,Kolhapur,Dark Brown,Wheat,19:19:19 NPK
94.02,42.66,49.02,6.87,603.87,16.16,Kolhapur,Dark Brown,Wheat,Urea
106.27,42.53,49.37,6.79,863.88,18.2,Sangli,Black,Wheat,Urea
129.9,64.36,97.65,7.43,1037.28,19.57,Pune,Black,Sugarcane,Urea
137.71,77.26,39.32,7.91,446.59,29.49,Kolhapur,Dark Brown,Maize,MOP
138.41,84.34,138.88,7.06,873.97,28.76,Satara,Black,Sugarcane,DAP
119.76,65.89,56.76,6.79,689.05,28.77,Sangli,Black,Maize,MOP
135.39,78.08,137.81,6.59,852.76,26.85,Satara,Black,Sugarcane,Urea
112.95,48.73,49.31,6.48,741.73,21.9,Kolhapur,Dark Brown,Wheat,19:19:19 NPK
98.55,43.09,54.6,6.41,837.2,20.29,Sangli,Black,Wheat,Urea
91.47,50.15,64.51,6.7,827.52,18.96,Kolhapur,Black,Wheat,19:19:19 NPK
121.76,72.18,41.95,6.89,589.89,19.83,Sangli,Black,Maize,SSP
95.96,59.55,52.27,5.79,766.01,21.85,Kolhapur,Dark Brown,Wheat,19:19:19 NPK
119.93,68.4,106.04,8.16,1280.87,30.34,Pune,Black,Sugarcane,MOP
103.62,79.92,125.94,6.13,1040.9,29.89,Satara,Black,Sugarcane,Urea
83.5,50.99,64.02,6.31,807.46,18.36,Kolhapur,Dark Brown,Wheat,Urea
94.82,55.95,46.3,5.87,759.57,20.72,Kolhapur,Dark Brown,Wheat,19:19:19 NPK
121.92,72.77,48.64,7.76,515.98,27.63,Kolhapur,Dark Brown,Maize,MOP
111.92,78.91,127.35,6.4,1068.27,29.83,Satara,Black,Sugarcane,Urea
131.33,82.34,146.99,7.56,982.68,30.58,Pune,Black,Sugarcane,MOP
138.71,84.34,139.94,8.32,1031.93,22.58,Satara,Black,Sugarcane,DAP
138.36,77.44,136.46,7.12,1081.79,29.68,Satara,Black,Sugarcane,Urea
122.83,53.02,44.53,6.75,898.35,22.34,Sangli,Black,Wheat,19:19:19 NPK
121.89,70.22,143.81,7.91,1336.21,30.71,Pune,Black,Sugarcane,MOP
135.1,80.79,81.26,8.43,1116.07,25.83,Solapur,Black,Sugarcane,DAP
40.49,52.38,73.85,6.88,859.14,31.49,Satara,Black,Ginger,Urea
137.16,83.25,143.33,6.59,886.68,26.95,Satara,Black,Sugarcane,Urea
97.44,51.45,46.81,6.27,630.96,18.31,Kolhapur,Dark Brown,Wheat,19:19:19 NPK
135.0,79.05,98.31,8.21,1111.66,30.28,Satara,Black,Sugarcane,DAP
102.15,54.02,44.37,5.93,725.59,19.7,Kolhapur,Dark Brown,Wheat,19:19:19 NPK
138.14,82.22,130.09,7.99,1037.98,27.79,Satara,Black,Sugarcane,DAP
131.17,73.54,83.19,7.75,1084.96,20.56,Pune,Black,Wheat,Urea
102.59,43.76,49.9,6.62,860.43,15.65,Sangli,Black,Wheat,19:19:19 NPK
75.32,52.1,60.6,6.14,809.39,18.9,Kolhapur,Dark Brown,Wheat,Urea
135.87,74.74,123.4,7.27,682.48,21.81,Satara,Black,Sugarcane,Urea
118.15,65.3,71.17,7.88,800.89,29.31,Kolhapur,Dark Brown,Maize,MOP
139.37,81.56,108.68,8.37,1255.1,23.91,Pune,Black,Sugarcane,DAP
118.14,82.64,133.32,6.25,1079.21,23.86,Satara,Black,Sugarcane,DAP
136.05,83.89,135.89,7.09,873.46,29.8,Satara,Black,Sugarcane,MOP
99.94,61.61,103.17,7.02,614.69,21.48,Satara,Black,Wheat,Urea
141.14,77.69,37.48,7.53,557.01,28.52,Sangli,Black,Maize,MOP
122.15,56.57,40.82,6.9,925.21,20.68,Sangli,Black,Wheat,19:19:19 NPK
143.03,77.16,110.52,7.61,950.52,29.18,Pune,Black,Sugarcane,MOP
140.46,78.46,142.31,7.52,1113.76,28.37,Satara,Black,Sugarcane,Urea
134.73,74.8,43.08,7.09,694.42,24.41,Sangli,Black,Maize,SSP
139.05,72.22,122.77,8.11,1255.79,32.7,Pune,Black,Sugarcane,MOP
99.22,50.84,54.73,6.09,812.93,22.59,Kolhapur,Dark Brown,Wheat,Urea
69.21,67.01,58.87,7.82,775.77,24.61,Kolhapur,Dark Brown,Maize,Urea
138.23,82.5,145.11,7.19,956.84,29.3,Satara,Black,Sugarcane,Urea
132.49,82.77,141.39,6.31,932.2,27.29,Satara,Black,Sugarcane,Urea
26.13,40.24,61.33,6.28,913.61,26.87,Satara,Black,Ginger,DAP
143.28,80.49,52.25,7.89,472.06,27.73,Kolhapur,Dark Brown,Maize,SSP
129.65,78.15,134.54,6.63,897.8,26.69,Satara,Black,Sugarcane,Urea
71.08,39.75,38.27,7.45,533.98,16.93,Satara,Black,Wheat,Urea
95.55,57.03,49.14,6.07,712.73,19.15,Kolhapur,Dark Brown,Wheat,Urea
108.01,54.31,51.02,5.95,826.05,22.03,Kolhapur,Dark Brown,Wheat,19:19:19 NPK
139.25,78.04,54.21,8.33,1127.61,27.07,Solapur,Black,Sugarcane,MOP
107.19,43.48,58.4,6.52,797.33,18.16,Sangli,Black,Wheat,Urea
76.25,71.21,94.12,6.32,958.63,31.23,Satara,Black,Ginger,Urea
135.01,82.97,134.55,7.07,1039.69,26.47,Satara,Black,Sugarcane,DAP
111.35,82.15,42.09,8.49,622.7,24.01,Solapur,Black,Cotton,DAP
56.63,45.55,57.06,6.72,566.58,18.26,Satara,Black,Wheat,Urea
51.54,43.64,38.66,6.8,629.24,20.29,Satara,Black,Wheat,Urea
52.52,48.95,50.45,6.19,754.82,17.98,Kolhapur,Dark Brown,Wheat,Urea
115.94,72.29,89.73,7.72,1140.89,19.88,Pune,Black,Wheat,Urea
120.31,72.46,119.12,8.07,1199.14,28.79,Pune,Black,Sugarcane,MOP
127.12,77.68,137.01,7.31,903.69,26.99,Satara,Black,Sugarcane,MOP
66.07,39.34,40.11,6.94,502.4,16.15,Satara,Black,Wheat,19:19:19 NPK
133.91,76.11,24.33,8.02,459.61,29.53,Sangli,Black,Maize,MOP
94.13,62.98,52.44,5.66,782.93,24.06,Kolhapur,Dark Brown,Wheat,19:19:19 NPK
104.54,72.29,85.16,7.31,727.2,32.01,Sangli,Black,Sugarcane,MOP
96.93,49.01,49.56,6.52,802.66,22.37,Kolhapur,Dark Brown,Wheat,Urea
116.12,68.95,132.94,7.86,1341.72,26.65,Pune,Black,Sugarcane,Urea
134.18,80.47,50.34,8.38,1098.63,30.55,Solapur,Black,Sugarcane,MOP
98.36,55.0,44.97,6.47,906.57,22.4,Kolhapur,Dark Brown,Wheat,Urea
99.02,57.69,42.62,5.94,767.7,20.75,Kolhapur,Dark Brown,Wheat,19:19:19 NPK
131.6,70.16,120.5,6.96,785.73,22.17,Satara,Black,Sugarcane,Urea
128.1,59.1,34.0,6.59,733.52,22.71,Kolhapur,Dark Brown,Wheat,19:19:19 NPK
88.59,49.36,43.1,6.48,761.58,20.2,Kolhapur,Dark Brown,Wheat,Urea
144.72,77.33,47.54,7.74,503.14,29.78,Sangli,Dark Brown,Maize,MOP
140.94,83.65,37.03,8.48,793.74,24.33,Solapur,Black,Sugarcane,MOP
57.29,51.47,61.43,6.45,693.45,21.54,Satara,Black,Wheat,Urea
89.4,59.1,118.74,7.98,1215.57,30.58,Pune,Black,Sugarcane,Urea
106.5,54.94,54.15,6.16,835.02,21.86,Kolhapur,Dark Brown,Wheat,Urea
134.02,73.9,136.96,7.69,1207.89,25.38,Pune,Black,Sugarcane,Urea
133.48,83.67,143.09,7.57,1083.88,23.52,Satara,Black,Sugarcane,DAP
57.53,62.69,102.46,7.15,1094.12,27.74,Satara,Black,Ginger,DAP
141.55,84.94,145.2,7.0,800.12,29.86,Satara,Black,Sugarcane,Urea
42.93,51.62,55.82,6.2,901.43,29.2,Satara,Black,Ginger,Urea
137.3,82.84,139.04,6.97,875.42,28.41,Satara,Black,Sugarcane,MOP
73.87,38.91,38.28,7.28,518.57,16.07,Satara,Black,Wheat,Urea
146.29,81.45,33.88,7.93,420.2,27.16,Kolhapur,Dark Brown,Maize,SSP
120.31,72.92,136.0,7.95,1230.25,30.82,Pune,Black,Sugarcane,MOP
100.99,66.56,99.18,6.92,771.13,24.33,Satara,Black,Wheat,19:19:19 NPK
85.96,56.71,58.17,6.77,655.34,25.01,Satara,Black,Wheat,19:19:19 NPK
125.88,72.93,38.2,6.99,671.07,22.46,Sangli,Black,Maize,Urea
135.68,80.22,136.29,6.5,989.0,29.57,Satara,Black,Sugarcane,Urea
25.3,41.41,58.23,6.64,906.06,24.5,Satara,Black,Ginger,DAP
128.15,78.19,75.88,8.39,1136.65,28.24,Solapur,Black,Sugarcane,DAP
147.73,85.92,38.53,8.03,355.61,22.92,Kolhapur,Dark Brown,Maize,SSP
115.0,55.39,41.86,6.41,812.99,22.18,Kolhapur,Dark Brown,Wheat,19:19:19 NPK
114.28,52.29,52.9,6.78,881.23,19.09,Sangli,Black,Wheat,19:19:19 NPK
137.62,77.84,88.23,8.22,1068.03,30.34,Satara,Black,Sugarcane,MOP
69.21,54.61,48.35,6.23,642.89,22.71,Satara,Black,Wheat,19:19:19 NPK
64.42,53.11,45.76,6.1,620.25,22.54,Satara,Black,Wheat,19:19:19 NPK
85.69,57.21,50.18,7.07,780.62,23.98,Sangli,Black,Wheat,19:19:19 NPK
142.94,79.65,40.94,7.88,448.5,28.71,Kolhapur,Dark Brown,Maize,SSP
133.8,80.76,129.05,7.65,928.98,32.15,Satara,Black,Sugarcane,MOP
90.89,56.67,60.64,5.85,752.78,18.32,Kolhapur,Dark Brown,Wheat,19:19:19 NPK
143.54,80.46,47.53,7.59,623.98,23.12,Kolhapur,Dark Brown,Maize,Urea
99.35,40.1,45.35,7.0,772.89,14.05,Sangli,Black,Wheat,Urea
63.82,61.61,79.68,6.46,723.57,23.87,Satara,Black,Wheat,19:19:19 NPK
135.55,75.99,44.77,8.32,1111.2,30.6,Solapur,Black,Sugarcane,MOP
105.74,57.59,47.86,5.96,916.58,23.57,Kolhapur,Dark Brown,Wheat,Urea
141.03,82.11,42.54,7.29,519.63,21.6,Sangli,Black,Maize,SSP
84.69,53.78,43.71,6.42,818.07,18.99,Kolhapur,Dark Brown,Wheat,Urea
104.31,51.69,50.38,6.23,818.24,21.36,Kolhapur,Dark Brown,Wheat,Urea
140.49,86.22,144.11,7.09,785.99,25.98,Satara,Black,Sugarcane,MOP
132.77,76.09,42.88,7.05,674.09,23.25,Sangli,Black,Maize,Urea
143.42,82.83,143.81,7.16,861.76,27.03,Satara,Black,Sugarcane,Urea
95.36,65.84,90.01,6.86,680.12,26.5,Satara,Black,Wheat,19:19:19 NPK
99.71,47.27,47.03,6.32,661.89,19.14,Kolhapur,Dark Brown,Wheat,19:19:19 NPK
97.38,55.23,47.59,6.07,914.43,20.82,Kolhapur,Dark Brown,Wheat,Urea
144.19,80.62,43.79,7.63,485.85,29.33,Sangli,Black,Maize,MOP
96.07,61.42,51.19,5.76,825.9,23.53,Kolhapur,Dark Brown,Wheat,19:19:19 NPK
142.67,83.32,147.3,7.33,1068.3,28.02,Pune,Black,Sugarcane,Urea
141.37,77.61,49.69,7.67,513.28,30.08,Kolhapur,Dark Brown,Maize,MOP
140.98,78.76,107.36,8.1,1097.03,29.42,Satara,Black,Sugarcane,MOP
53.93,56.69,40.73,6.8,667.94,23.04,Satara,Black,Wheat,19:19:19 NPK
78.52,47.02,40.65,6.5,661.22,20.49,Satara,Black,Wheat,19:19:19 NPK
101.28,55.83,49.08,6.01,832.32,19.04,Kolhapur,Dark Brown,Wheat,Urea
84.12,42.04,35.86,6.98,567.27,15.77,Satara,Black,Wheat,Urea
120.33,57.06,36.08,6.44,988.22,24.61,Kolhapur,Dark Brown,Wheat,19:19:19 NPK
100.05,61.36,76.87,6.83,759.69,22.33,Satara,Black,Wheat,Urea
102.16,53.6,49.1,6.0,901.16,23.74,Kolhapur,Dark Brown,Wheat,Urea
135.38,78.23,138.77,7.92,1156.5,29.51,Satara,Black,Sugarcane,MOP
148.59,82.22,34.54,8.18,348.42,31.03,Sangli,Black,Maize,MOP
103.26,40.07,48.65,6.65,880.25,18.32,Sangli,Black,Wheat,19:19:19 NPK
99.43,54.47,48.11,6.16,858.31,20.97,Kolhapur,Dark Brown,Wheat,Urea
104.4,52.71,52.4,6.14,783.67,22.11,Kolhapur,Dark Brown,Wheat,19:19:19 NPK
65.87,59.8,119.72,7.88,1310.88,27.02,Kolhapur,Black,Sugarcane,Urea
105.28,52.75,51.72,6.1,753.99,20.51,Kolhapur,Dark Brown,Wheat,19:19:19 NPK
138.26,74.26,97.69,7.33,892.28,29.84,Pune,Black,Sugarcane,MOP
141.48,76.08,51.81,7.43,626.75,27.02,Kolhapur,Dark Brown,Maize,SSP
101.36,66.27,45.62,5.82,817.08,24.08,Kolhapur,Dark Brown,Wheat,19:19:19 NPK
140.29,86.11,143.87,7.07,781.95,29.63,Satara,Black,Sugarcane,MOP
85.03,53.2,51.72,6.11,848.05,23.16,Kolhapur,Dark Brown,Wheat,Urea
109.24,52.4,50.38,6.63,802.39,25.18,Sangli,Black,Wheat,19:19:19 NPK
123.31,77.3,82.69,8.16,1075.96,30.74,Solapur,Black,Sugarcane,MOP
133.31,76.47,123.1,7.93,1131.16,29.95,Satara,Black,Sugarcane,MOP
125.82,80.46,130.19,6.58,1083.68,28.43,Satara,Black,Sugarcane,DAP
101.56,43.01,51.07,6.39,789.22,19.74,Sangli,Black,Wheat,19:19:19 NPK
97.58,50.25,48.24,6.12,698.1,17.61,Kolhapur,Dark Brown,Wheat,19:19:19 NPK
45.23,45.45,46.3,6.36,809.2,22.1,Satara,Black,Jowar,Urea
84.55,53.26,47.65,6.06,888.01,21.79,Kolhapur,Dark Brown,Wheat,19:19:19 NPK
129.47,69.01,119.05,7.32,1159.74,27.41,Pune,Black,Sugarcane,Urea
108.07,55.89,43.68,6.67,738.13,18.7,Sangli,Black,Wheat,Urea
35.88,48.21,67.54,6.4,923.21,27.69,Satara,Black,Ginger,Urea
57.93,57.99,50.98,6.25,652.15,20.35,Satara,Black,Wheat,19:19:19 NPK
79.44,47.69,47.42,6.52,638.56,17.52,Kolhapur,Dark Brown,Wheat,Urea
136.26,82.15,107.79,8.46,1208.05,23.79,Pune,Black,Sugarcane,DAP
134.34,84.11,144.88,7.25,892.65,31.26,Satara,Black,Sugarcane,MOP
129.43,82.94,143.72,6.61,896.01,27.67,Satara,Black,Sugarcane,MOP
136.56,69.28,110.21,8.14,1223.88,31.93,Pune,Black,Sugarcane,MOP
122.58,53.42,39.12,6.91,916.25,20.38,Sangli,Black,Wheat,19:19:19 NPK
117.34,46.52,50.36,6.65,793.81,17.5,Sangli,Black,Wheat,19:19:19 NPK
88.84,56.3,33.71,6.63,751.1,23.09,Kolhapur,Dark Brown,Wheat,19:19:19 NPK
124.7,80.48,121.68,7.28,938.92,29.79,Satara,Black,Sugarcane,MOP
94.06,54.12,52.83,5.85,830.3,19.77,Kolhapur,Dark Brown,Wheat,Urea
84.41,71.2,102.44,6.09,1020.67,27.19,Satara,Black,Ginger,Urea
116.12,66.54,77.4,7.66,798.93,27.43,Kolhapur,Dark Brown,Maize,MOP
136.94,75.63,58.8,7.55,624.86,27.53,Kolhapur,Dark Brown,Maize,MOP
86.33,51.47,46.11,6.03,829.15,19.91,Kolhapur,Dark Brown,Wheat,Urea
141.1,75.05,124.59,7.71,1198.13,32.85,Pune,Black,Sugarcane,MOP
131.66,72.41,121.06,8.18,1214.56,31.94,Pune,Black,Sugarcane,MOP
76.62,52.14,63.47,5.99,760.67,19.64,Kolhapur,Dark Brown,Wheat,Urea
147.77,85.03,43.54,7.83,382.86,25.51,Sangli,Black,Maize,SSP
86.9,60.31,53.07,5.87,722.63,16.46,Kolhapur,Dark Brown,Wheat,19:19:19 NPK
134.81,83.17,144.72,7.43,902.12,30.07,Satara,Black,Sugarcane,MOP
129.55,75.87,133.01,6.8,799.26,25.65,Satara,Black,Sugarcane,Urea
138.24,85.25,139.64,7.54,795.18,29.68,Satara,Black,Sugarcane,MOP
149.89,87.62,36.18,8.33,306.86,27.84,Kolhapur,Dark Brown,Maize,SSP
102.58,55.2,45.48,6.05,755.34,20.03,Kolhapur,Dark Brown,Wheat,19:19:19 NPK
94.97,51.21,50.99,5.91,818.07,22.13,Kolhapur,Dark Brown,Wheat,19:19:19 NPK
138.4,83.87,138.09,8.25,1088.11,24.66,Pune,Black,Sugarcane,DAP
63.17,54.55,53.61,6.29,640.99,22.6,Satara,Black,Wheat,19:19:19 NPK
89.4,39.48,40.52,7.04,817.61,24.6,Kolhapur,Dark Brown,Wheat,Urea
141.47,78.37,140.16,7.39,1149.1,24.19,Satara,Black,Sugarcane,Urea
97.16,53.37,48.9,6.17,917.61,21.86,Kolhapur,Dark Brown,Wheat,Urea
75.12,55.66,52.44,6.16,690.04,17.5,Kolhapur,Dark Brown,Wheat,Urea
25.45,21.37,33.55,7.21,629.46,25.56,Kolhapur,Black,Jowar,Urea
133.52,72.11,135.48,8.11,1260.35,30.76,Pune,Black,Sugarcane,MOP
140.57,86.01,148.02,7.0,855.09,29.54,Satara,Black,Sugarcane,Urea
113.69,71.46,127.42,8.08,1206.59,29.41,Pune,Black,Sugarcane,Urea
81.77,52.83,52.36,5.95,876.04,25.29,Kolhapur,Dark Brown,Wheat,Urea
64.46,56.36,116.64,8.05,1288.59,28.16,Kolhapur,Black,Sugarcane,MOP
136.3,76.96,103.39,7.95,1068.96,30.32,Satara,Black,Sugarcane,MOP
89.29,63.8,42.93,5.74,784.04,22.04,Kolhapur,Dark Brown,Wheat,19:19:19 NPK
134.6,81.12,130.51,7.7,930.94,31.26,Satara,Black,Sugarcane,MOP
108.0,57.21,36.07,5.91,773.04,20.49,Kolhapur,Dark Brown,Wheat,19:19:19 NPK
139.25,78.17,76.94,8.12,1116.05,31.28,Solapur,Black,Sugarcane,MOP
140.03,82.83,133.14,8.37,1346.43,21.46,Pune,Black,Sugarcane,DAP
130.95,58.33,32.69,6.45,911.87,20.57,Kolhapur,Dark Brown,Wheat,19:19:19 NPK
57.71,65.25,96.84,6.36,957.99,28.52,Satara,Black,Ginger,DAP
85.47,58.15,51.38,6.09,669.27,18.23,Kolhapur,Dark Brown,Wheat,19:19:19 NPK
93.36,63.17,134.66,7.99,1282.56,27.8,Pune,Black,Sugarcane,MOP
143.51,77.99,58.64,7.15,721.61,26.67,Sangli,Black,Maize,Urea
59.74,49.92,44.28,6.28,624.05,16.62,Satara,Black,Wheat,19:19:19 NPK
140.03,74.75,104.3,7.98,1134.93,32.09,Pune,Black,Sugarcane,MOP
48.36,55.37,61.4,6.33,914.93,29.85,Satara,Black,Ginger,Urea
127.91,76.55,106.94,8.05,1124.86,29.36,Satara,Black,Sugarcane,MOP
48.73,54.83,92.26,7.31,921.22,31.55,Satara,Black,Ginger,DAP
74.49,37.4,55.55,6.97,736.13,21.64,Kolhapur,Dark Brown,Wheat,Urea
99.92,44.24,43.49,6.42,623.0,18.97,Kolhapur,Dark Brown,Wheat,19:19:19 NPK
70.3,50.87,45.12,6.16,693.4,18.64,Kolhapur,Dark Brown,Wheat,Urea
108.58,46.08,34.97,7.18,836.29,17.81,Sangli,Black,Wheat,Urea
137.49,78.75,89.47,8.15,1002.18,30.04,Solapur,Black,Sugarcane,MOP
80.83,60.72,82.3,7.72,1219.02,27.14,Kolhapur,Dark Brown,Sugarcane,Urea
86.03,48.96,36.04,6.23,710.11,20.94,Kolhapur,Dark Brown,Wheat,19:19:19 NPK
114.35,70.9,116.33,6.76,746.07,28.7,Satara,Black,Sugarcane,MOP
89.49,43.08,52.69,6.96,748.68,22.6,Kolhapur,Dark Brown,Wheat,Urea
101.58,46.5,51.33,6.5,816.41,19.88,Sangli,Black,Wheat,19:19:19 NPK
107.71,52.69,51.95,6.09,727.51,19.29,Kolhapur,Dark Brown,Wheat,19:19:19 NPK
109.75,50.66,49.48,6.14,746.19,21.32,Kolhapur,Dark Brown,Wheat,19:19:19 NPK
78.8,51.19,57.83,6.06,750.87,18.83,Kolhapur,Dark Brown,Wheat,Urea
62.72,57.58,64.51,6.21,828.83,24.26,Satara,Black,Ginger,Urea
96.88,60.49,48.52,5.79,797.24,24.12,Kolhapur,Dark Brown,Wheat,19:19:19 NPK
140.61,76.94,126.71,7.18,1030.07,29.85,Satara,Black,Sugarcane,Urea
118.13,63.07,116.79,7.43,751.52,19.42,Satara,Black,Sugarcane,Urea
138.11,79.67,87.0,8.25,1176.99,29.77,Satara,Black,Sugarcane,MOP
143.83,77.28,52.51,7.65,565.25,27.7,Sangli,Black,Maize,MOP
123.35,69.29,109.95,8.18,1232.66,29.56,Pune,Black,Sugarcane,MOP
134.15,77.36,43.46,7.1,717.13,22.2,Sangli,Black,Maize,Urea
141.15,80.17,46.48,7.2,504.36,26.27,Sangli,Black,Maize,SSP
110.09,48.18,43.13,6.65,719.2,20.83,Sangli,Black,Wheat,Urea
93.73,72.39,119.52,7.85,1166.12,30.44,Pune,Black,Sugarcane,DAP
123.79,68.81,138.78,7.95,1348.55,30.74,Pune,Black,Sugarcane,MOP
114.17,49.04,45.68,6.43,844.34,21.92,Kolhapur,Dark Brown,Wheat,19:19:19 NPK
44.5,52.05,110.46,7.92,1282.13,27.22,Kolhapur,Black,Sugarcane,Urea
47.78,52.18,61.12,6.21,733.91,21.84,Satara,Black,Wheat,Urea
132.17,75.69,72.39,8.25,1143.85,30.57,Solapur,Black,Sugarcane,MOP
136.29,75.29,95.35,8.14,1145.96,30.42,Satara,Black,Sugarcane,MOP
142.16,81.03,103.57,8.25,1075.65,25.44,Solapur,Black,Sugarcane,DAP
128.75,77.99,131.06,7.89,937.94,29.08,Satara,Black,Sugarcane,MOP
30.96,45.55,95.52,7.74,1209.29,25.75,Kolhapur,Black,Sugarcane,MOP
29.12,26.39,29.3,6.73,674.41,32.92,Satara,Black,Jowar,Urea
87.56,61.61,112.71,7.86,1286.03,26.0,Kolhapur,Black,Sugarcane,Urea
95.81,53.46,46.23,6.15,943.8,22.4,Kolhapur,Dark Brown,Wheat,Urea
103.86,54.15,48.05,6.14,803.15,22.11,Kolhapur,Dark Brown,Wheat,19:19:19 NPK
104.81,76.93,114.97,6.49,939.91,25.37,Satara,Black,Sugarcane,DAP
80.89,44.95,44.83,6.4,584.03,17.81,Kolhapur,Dark Brown,Wheat,Urea
132.55,69.84,106.28,6.65,727.21,23.46,Satara,Black,Sugarcane,Urea
120.8,72.38,67.37,8.04,859.98,29.97,Solapur,Black,Sugarcane,MOP
131.98,82.59,89.17,8.46,1100.1,25.24,Solapur,Black,Sugarcane,DAP
76.21,60.98,52.02,6.01,689.28,18.82,Kolhapur,Dark Brown,Wheat,19:19:19 NPK
104.78,57.3,46.07,5.91,970.85,25.98,Kolhapur,Dark Brown,Wheat,Urea
119.11,78.95,139.37,7.34,905.3,28.76,Satara,Black,Sugarcane,MOP
122.1,53.77,43.8,6.79,896.15,19.55,Sangli,Black,Wheat,19:19:19 NPK
41.82,63.64,86.62,6.18,1031.12,22.18,Satara,Black,Ginger,DAP
134.71,75.5,82.14,8.2,1136.01,28.89,Satara,Black,Sugarcane,MOP
82.48,55.96,41.77,6.2,684.1,20.9,Kolhapur,Dark Brown,Wheat,19:19:19 NPK
52.93,57.63,62.0,6.04,724.84,21.47,Satara,Black,Wheat,19:19:19 NPK
49.31,51.68,55.49,6.24,605.02,18.75,Satara,Black,Wheat,19:19:19 NPK
123.94,53.17,40.15,6.58,884.92,19.72,Kolhapur,Dark Brown,Wheat,19:19:19 NPK
149.34,84.0,37.93,8.25,324.89,28.61,Kolhapur,Dark Brown,Maize,SSP
80.96,52.26,51.57,6.42,712.23,18.6,Kolhapur,Dark Brown,Wheat,Urea
148.39,84.68,46.24,8.07,356.11,22.94,Kolhapur,Dark Brown,Maize,SSP
140.66,85.6,145.78,6.72,835.34,30.53,Satara,Black,Sugarcane,Urea
129.73,71.72,141.83,7.63,1391.69,26.71,Pune,Black,Sugarcane,Urea
52.15,48.93,46.3,6.35,647.04,20.52,Satara,Black,Wheat,Urea
118.88,53.4,51.87,6.76,806.94,17.04,Sangli,Black,Wheat,SSP
101.9,57.37,44.98,5.85,748.65,21.0,Kolhapur,Dark Brown,Wheat,19:19:19 NPK
70.88,57.74,45.59,6.78,560.74,26.93,Satara,Black,Wheat,19:19:19 NPK
98.88,52.79,46.52,6.22,700.21,18.13,Kolhapur,Dark Brown,Wheat,19:19:19 NPK
35.66,52.05,82.24,7.79,1057.26,25.72,Kolhapur,Dark Brown,Maize,MOP
135.62,72.68,130.09,7.23,1150.34,24.68,Pune,Black,Sugarcane,Urea
113.73,62.32,92.37,7.74,1116.13,24.35,Kolhapur,Dark Brown,Sugarcane,Urea
114.02,62.73,47.93,6.89,640.82,22.1,Sangli,Black,Maize,Urea
66.97,52.5,104.67,7.91,1243.7,29.4,Kolhapur,Black,Sugarcane,MOP
134.44,81.35,65.58,8.44,1118.13,28.31,Solapur,Black,Sugarcane,DAP
143.85,75.27,50.49,7.5,636.22,28.05,Kolhapur,Dark Brown,Maize,SSP
134.01,61.87,41.84,7.01,727.17,23.5,Sangli,Black,Wheat,19:19:19 NPK
145.02,82.87,35.63,7.86,492.65,25.41,Kolhapur,Dark Brown,Maize,Urea
135.37,81.77,128.82,7.15,952.88,32.73,Satara,Black,Sugarcane,Urea
142.09,78.85,50.34,8.37,1072.86,28.28,Solapur,Black,Sugarcane,MOP
122.18,67.19,112.55,7.01,740.09,20.82,Satara,Black,Sugarcane,Urea
95.46,48.91,41.64,6.52,859.11,24.97,Kolhapur,Dark Brown,Wheat,Urea
123.08,71.88,142.73,7.95,1333.11,26.7,Pune,Black,Sugarcane,Urea
87.47,56.97,57.07,5.8,862.66,19.28,Kolhapur,Dark Brown,Wheat,Urea
103.2,54.05,42.73,6.17,726.23,19.49,Kolhapur,Dark Brown,Wheat,19:19:19 NPK
140.7,81.24,141.69,7.51,866.42,22.96,Satara,Black,Sugarcane,Urea
130.19,74.48,36.05,6.99,549.65,24.97,Sangli,Black,Maize,Urea
114.55,54.31,55.46,7.21,684.89,18.07,Sangli,Black,Wheat,Urea
147.74,83.57,39.53,8.05,379.53,26.15,Kolhapur,Dark Brown,Maize,SSP
140.35,78.11,47.58,7.66,579.12,30.79,Sangli,Black,Maize,MOP
119.8,82.63,143.04,8.44,1380.97,24.33,Pune,Black,Sugarcane,DAP
137.61,76.93,46.83,7.7,637.37,27.25,Kolhapur,Dark Brown,Maize,Urea
140.94,79.69,41.44,7.64,506.08,28.89,Sangli,Black,Maize,SSP
143.03,83.24,144.19,7.23,791.27,27.31,Satara,Black,Sugarcane,Urea
133.64,77.71,48.68,8.3,1148.89,29.91,Solapur,Black,Sugarcane,MOP
102.16,55.28,46.32,6.27,907.17,24.32,Kolhapur,Dark Brown,Wheat,Urea
100.74,54.68,51.01,6.19,731.67,20.48,Kolhapur,Dark Brown,Wheat,19:19:19 NPK
102.93,78.9,132.49,6.76,1056.17,28.37,Satara,Black,Sugarcane,DAP
91.52,48.99,40.48,6.23,893.2,20.8,Kolhapur,Dark Brown,Wheat,Urea
85.92,69.06,97.86,6.64,855.38,25.67,Satara,Black,Sugarcane,MOP
138.06,82.63,128.33,8.36,1163.31,23.8,Pune,Black,Sugarcane,DAP
139.29,73.49,123.83,7.81,1059.02,30.46,Pune,Black,Sugarcane,MOP
112.34,52.88,41.98,6.6,922.92,19.15,Kolhapur,Dark Brown,Wheat,19:19:19 NPK
96.44,68.38,114.79,7.96,1250.95,19.49,Pune,Black,Sugarcane,Urea
132.95,77.2,136.92,7.03,938.19,27.23,Satara,Black,Sugarcane,Urea
100.37,56.01,49.94,5.92,915.58,24.77,Kolhapur,Dark Brown,Wheat,Urea
70.96,48.19,53.14,6.56,657.34,19.07,Kolhapur,Dark Brown,Wheat,Urea
100.56,58.56,124.29,7.88,1275.49,27.04,Kolhapur,Black,Sugarcane,Urea
148.59,83.69,43.92,8.04,370.12,28.66,Kolhapur,Dark Brown,Maize,SSP
139.61,84.6,143.29,6.47,905.99,28.63,Satara,Black,Sugarcane,Urea
103.95,59.27,46.34,5.88,832.02,20.83,Kolhapur,Dark Brown,Wheat,19:19:19 NPK
131.46,81.4,145.49,8.44,1488.32,21.4,Pune,Black,Sugarcane,DAP
97.88,50.47,46.58,6.16,902.59,21.67,Kolhapur,Dark Brown,Wheat,19:19:19 NPK
139.08,75.98,126.96,7.91,1217.64,27.27,Pune,Black,Sugarcane,MOP
73.19,73.21,112.78,6.57,1085.36,27.45,Satara,Black,Ginger,DAP
89.93,55.65,49.89,5.84,828.42,19.6,Kolhapur,Dark Brown,Wheat,19:19:19 NPK
139.29,84.0,142.24,7.03,959.92,33.04,Satara,Black,Sugarcane,MOP
94.63,50.47,53.35,5.87,711.46,21.88,Kolhapur,Dark Brown,Wheat,Urea
100.36,59.27,45.45,5.84,714.98,19.69,Kolhapur,Dark Brown,Wheat,19:19:19 NPK
136.52,80.31,80.11,8.39,1107.78,27.22,Solapur,Black,Sugarcane,DAP
128.24,64.04,103.93,7.23,719.52,20.34,Satara,Black,Sugarcane,Urea
57.02,48.52,53.31,6.2,711.36,20.13,Kolhapur,Dark Brown,Wheat,Urea
140.81,78.62,46.37,7.11,569.09,26.7,Sangli,Black,Maize,SSP
80.64,26.83,41.84,6.91,820.61,24.79,Kolhapur,Dark Brown,Wheat,Urea
137.56,77.17,47.15,7.18,542.75,26.19,Sangli,Black,Maize,SSP
129.06,74.15,37.42,7.08,652.47,23.11,Sangli,Black,Maize,Urea
141.51,81.49,47.34,7.51,505.31,25.18,Sangli,Black,Maize,SSP
69.06,62.35,84.43,6.29,665.88,22.55,Satara,Black,Wheat,19:19:19 NPK
106.82,79.07,120.0,6.22,1038.03,32.06,Satara,Black,Sugarcane,Urea
140.4,83.41,145.02,7.05,875.3,29.09,Satara,Black,Sugarcane,Urea
86.44,64.48,45.58,5.72,908.41,24.81,Kolhapur,Dark Brown,Wheat,19:19:19 NPK
123.4,80.17,139.21,6.72,857.9,23.47,Satara,Black,Sugarcane,MOP
102.22,69.33,123.42,7.91,1257.92,29.23,Pune,Black,Sugarcane,MOP
134.5,75.68,143.4,7.87,1363.25,25.38,Pune,Black,Sugarcane,Urea
95.45,57.71,44.59,6.04,900.44,22.85,Kolhapur,Dark Brown,Wheat,19:19:19 NPK
119.86,55.07,53.09,6.79,768.07,17.64,Sangli,Black,Maize,SSP
125.74,69.06,83.91,7.64,1079.36,23.97,Kolhapur,Black,Sugarcane,Urea
104.5,61.74,113.83,8.22,1247.37,30.46,Pune,Black,Sugarcane,MOP
55.27,43.34,40.97,6.67,506.33,16.69,Satara,Black,Wheat,Urea
139.94,85.45,146.09,6.81,855.94,29.96,Satara,Black,Sugarcane,Urea
105.28,38.96,43.72,6.61,702.5,19.18,Sangli,Black,Wheat,19:19:19 NPK
141.05,81.54,143.47,6.97,1067.17,30.76,Satara,Black,Sugarcane,Urea
138.58,82.09,142.15,7.53,959.61,31.74,Satara,Black,Sugarcane,Urea
121.49,72.68,119.94,8.12,1199.03,28.79,Pune,Black,Sugarcane,MOP
68.52,56.15,45.16,6.39,640.52,23.09,Satara,Black,Wheat,19:19:19 NPK
109.73,46.29,45.53,6.3,843.3,21.17,Kolhapur,Dark Brown,Wheat,19:19:19 NPK
33.25,53.6,59.4,6.08,931.31,23.37,Satara,Black,Ginger,Urea
132.76,81.83,142.34,7.14,923.17,29.23,Satara,Black,Sugarcane,MOP
148.45,82.0,38.07,8.09,356.38,30.23,Sangli,Black,Maize,MOP
137.76,78.3,136.76,7.04,750.66,25.46,Satara,Black,Sugarcane,Urea
79.33,63.77,54.3,5.72,888.1,24.14,Kolhapur,Dark Brown,Wheat,Urea
108.78,57.21,50.6,5.86,784.88,21.65,Kolhapur,Dark Brown,Wheat,19:19:19 NPK
117.87,64.0,99.16,8.21,1248.37,30.97,Solapur,Black,Sugarcane,MOP
103.87,59.12,36.12,6.85,741.99,17.62,Sangli,Black,Wheat,Urea
140.76,84.16,136.2,7.28,871.57,28.86,Satara,Black,Sugarcane,DAP
136.2,84.45,143.12,8.03,988.65,24.19,Satara,Black,Sugarcane,DAP
142.93,81.08,141.46,7.1,1135.89,31.22,Satara,Black,Sugarcane,Urea
141.58,71.42,41.76,8.02,486.61,32.23,Kolhapur,Dark Brown,Maize,MOP
97.4,63.93,46.61,5.75,768.33,22.83,Kolhapur,Dark Brown,Wheat,19:19:19 NPK
109.98,52.04,40.9,6.59,717.37,21.9,Sangli,Black,Wheat,Urea
102.37,64.1,106.69,7.8,1102.35,30.0,Kolhapur,Black,Sugarcane,MOP
132.49,79.69,128.2,6.92,969.74,29.65,Satara,Black,Sugarcane,Urea
139.86,72.85,106.39,7.7,1031.56,29.77,Pune,Black,Sugarcane,MOP
100.3,56.57,92.1,8.08,1166.81,28.31,Kolhapur,Black,Sugarcane,MOP
94.87,60.23,50.15,5.81,779.61,22.08,Kolhapur,Dark Brown,Wheat,19:19:19 NPK
133.82,76.84,54.13,8.42,949.54,29.58,Solapur,Black,Sugarcane,DAP
107.18,59.58,50.29,5.82,781.53,22.06,Kolhapur,Dark Brown,Wheat,19:19:19 NPK
103.86,51.62,49.3,6.01,834.16,21.63,Kolhapur,Dark Brown,Wheat,19:19:19 NPK
28.06,45.22,68.08,6.67,913.12,25.31,Satara,Black,Ginger,DAP
95.89,54.23,50.1,5.88,870.01,20.99,Kolhapur,Dark Brown,Wheat,Urea
140.45,84.26,138.89,7.87,993.87,25.93,Satara,Black,Sugarcane,DAP
94.88,53.16,49.59,6.17,845.59,19.56,Kolhapur,Dark Brown,Wheat,Urea
140.77,77.79,52.6,7.52,659.31,25.91,Kolhapur,Dark Brown,Maize,Urea
33.66,44.46,48.03,6.31,720.39,21.73,Satara,Black,Jowar,Urea
133.22,78.64,141.78,7.76,1084.31,31.96,Pune,Black,Sugarcane,Urea
112.91,64.28,98.5,7.02,741.27,21.55,Satara,Black,Sugarcane,Urea
119.74,67.31,61.62,6.8,659.57,27.79,Sangli,Black,Maize,MOP
113.06,54.8,34.41,6.17,847.76,18.44,Kolhapur,Dark Brown,Wheat,19:19:19 NPK
98.86,61.82,41.83,5.79,780.2,23.74,Kolhapur,Dark Brown,Wheat,19:19:19 NPK
141.7,81.69,139.31,6.78,946.96,29.91,Satara,Black,Sugarcane,Urea
102.95,47.66,50.74,6.54,775.61,21.4,Sangli,Black,Wheat,Urea
134.22,77.68,36.0,7.64,511.3,29.49,Sangli,Black,Maize,MOP
100.98,53.27,33.4,6.13,823.19,21.68,Kolhapur,Dark Brown,Wheat,19:19:19 NPK
125.31,83.76,144.18,8.46,1413.64,20.43,Pune,Black,Sugarcane,DAP
142.19,82.16,143.33,7.19,870.5,28.43,Satara,Black,Sugarcane,Urea
146.71,84.06,46.93,7.66,423.64,26.66,Sangli,Black,Maize,SSP
50.02,57.61,62.26,6.1,816.75,20.95,Satara,Black,Ginger,Urea
91.76,59.32,47.71,5.85,906.32,24.64,Kolhapur,Dark Brown,Wheat,19:19:19 NPK
140.55,79.54,42.39,7.32,520.08,22.23,Sangli,Black,Maize,SSP
101.54,55.81,46.57,5.9,848.75,19.47,Kolhapur,Dark Brown,Wheat,19:19:19 NPK
134.48,77.62,68.92,8.21,1132.75,30.08,Solapur,Black,Sugarcane,MOP
124.42,66.84,112.26,7.11,983.97,25.51,Pune,Black,Sugarcane,Urea
146.67,84.45,38.96,7.85,460.82,22.13,Kolhapur,Dark Brown,Maize,Urea
138.23,77.59,42.33,7.4,675.33,22.33,Sangli,Black,Maize,Urea
130.79,73.92,48.68,6.78,628.8,25.65,Sangli,Black,Maize,SSP
87.9,39.41,42.93,6.77,603.72,18.39,Satara,Black,Wheat,19:19:19 NPK
105.66,55.47,42.41,5.92,725.68,20.92,Kolhapur,Dark Brown,Wheat,19:19:19 NPK
112.72,78.63,120.64,7.25,1102.78,30.58,Satara,Black,Sugarcane,Urea
137.56,75.38,50.4,8.32,1095.49,29.22,Solapur,Black,Sugarcane,MOP
139.73,82.51,138.48,7.11,1071.08,27.72,Satara,Black,Sugarcane,MOP
137.92,83.42,122.84,8.48,1296.97,20.19,Pune,Black,Sugarcane,DAP
115.01,58.88,43.56,6.97,844.71,21.54,Sangli,Black,Wheat,19:19:19 NPK
139.35,80.55,46.43,7.36,579.53,26.64,Sangli,Black,Maize,SSP
122.94,67.38,114.85,7.06,938.03,23.7,Satara,Black,Sugarcane,Urea
145.74,82.54,45.42,7.93,462.53,26.73,Kolhapur,Dark Brown,Maize,SSP
140.34,80.94,143.03,7.57,979.16,27.61,Satara,Black,Sugarcane,Urea
135.97,79.37,42.07,8.45,979.17,27.36,Solapur,Black,Sugarcane,DAP
138.89,71.22,74.28,8.08,892.52,30.92,Solapur,Black,Sugarcane,MOP
145.38,80.4,52.79,7.65,516.92,25.28,Kolhapur,Dark Brown,Maize,SSP
72.63,53.31,35.6,6.52,692.07,24.38,Satara,Black,Wheat,19:19:19 NPK
133.85,72.33,130.62,7.6,1154.15,26.16,Pune,Black,Sugarcane,Urea
27.83,26.57,40.77,7.25,710.48,29.01,Satara,Black,Jowar,Urea
30.86,30.94,36.97,6.68,700.46,25.43,Kolhapur,Black,Jowar,Urea
99.21,69.81,126.98,7.95,1251.12,30.46,Pune,Black,Sugarcane,MOP
46.23,60.59,87.7,6.3,1082.86,26.18,Satara,Black,Ginger,DAP
81.86,68.98,53.49,5.69,975.24,24.83,Kolhapur,Dark Brown,Wheat,Urea
138.25,83.7,137.23,7.19,904.26,29.74,Satara,Black,Sugarcane,DAP
46.19,51.68,45.3,6.02,795.58,18.53,Satara,Black,Wheat,Urea
124.71,73.4,131.38,6.78,864.86,24.8,Satara,Black,Sugarcane,Urea
134.56,72.65,139.2,7.85,1276.65,29.32,Pune,Black,Sugarcane,MOP
95.81,62.59,129.04,7.85,1303.75,28.79,Pune,Black,Sugarcane,MOP
100.62,59.13,77.03,6.94,828.29,23.79,Satara,Black,Sugarcane,Urea
103.04,40.9,49.21,6.34,794.36,18.79,Kolhapur,Dark Brown,Wheat,19:19:19 NPK
142.21,80.55,42.28,7.67,455.08,28.7,Sangli,Black,Maize,SSP
85.97,40.46,50.17,6.46,870.15,21.11,Kolhapur,Dark Brown,Wheat,Urea
126.0,70.44,44.33,7.16,712.46,22.78,Sangli,Black,Maize,Urea
83.19,66.82,80.57,7.99,833.58,27.23,Kolhapur,Dark Brown,Maize,MOP
127.07,73.38,86.13,8.11,1170.78,31.26,Solapur,Black,Sugarcane,MOP
137.08,75.65,125.32,7.64,929.81,28.65,Satara,Black,Sugarcane,Urea
124.02,80.81,136.99,7.64,947.36,30.85,Satara,Black,Sugarcane,MOP
96.21,54.18,58.84,6.14,783.4,19.61,Kolhapur,Dark Brown,Wheat,Urea
61.42,52.95,100.17,7.88,1314.96,29.29,Kolhapur,Black,Sugarcane,MOP
98.15,59.3,53.19,5.82,795.42,24.29,Kolhapur,Dark Brown,Wheat,19:19:19 NPK
133.72,80.36,145.56,7.89,1125.64,30.52,Pune,Black,Sugarcane,MOP
100.73,47.55,43.46,6.82,822.65,18.48,Sangli,Black,Wheat,Urea
130.45,80.76,138.32,6.51,895.97,26.82,Satara,Black,Sugarcane,MOP
140.55,79.17,142.61,7.46,1078.9,29.19,Satara,Black,Sugarcane,Urea
104.27,57.3,46.04,5.94,722.9,19.7,Kolhapur,Dark Brown,Wheat,19:19:19 NPK
131.62,60.83,37.34,6.94,799.88,20.36,Sangli,Black,Maize,SSP
140.15,80.24,40.39,7.51,699.51,24.57,Kolhapur,Dark Brown,Maize,Urea
107.0,56.39,42.0,6.07,943.93,22.98,Kolhapur,Dark Brown,Wheat,19:19:19 NPK
137.57,80.79,132.94,6.91,896.62,30.24,Satara,Black,Sugarcane,Urea
143.58,78.27,52.14,7.65,515.55,30.14,Sangli,Black,Maize,MOP
100.44,57.09,47.33,5.98,909.13,23.93,Kolhapur,Dark Brown,Wheat,19:19:19 NPK
57.98,48.25,47.36,6.37,518.24,20.38,Satara,Black,Wheat,19:19:19 NPK
136.01,85.15,146.64,7.5,827.72,29.73,Satara,Black,Sugarcane,MOP
132.98,77.88,145.04,8.02,1368.4,27.42,Pune,Black,Sugarcane,Urea
127.24,70.22,49.27,7.61,603.8,27.63,Kolhapur,Dark Brown,Maize,MOP
105.13,56.8,43.42,5.86,734.63,22.05,Kolhapur,Dark Brown,Wheat,19:19:19 NPK
103.6,49.18,32.1,6.32,860.89,25.11,Kolhapur,Dark Brown,Wheat,19:19:19 NPK
78.62,74.22,108.38,6.57,1095.07,29.3,Satara,Black,Ginger,DAP
81.59,49.9,47.68,6.7,697.01,23.01,Satara,Black,Wheat,19:19:19 NPK
145.28,80.46,54.31,7.61,484.48,25.85,Kolhapur,Dark Brown,Maize,SSP
92.7,63.13,48.93,5.84,901.75,25.45,Kolhapur,Dark Brown,Wheat,19:19:19 NPK
132.62,75.83,95.11,7.86,1210.23,18.55,Pune,Black,Sugarcane,Urea
107.44,57.76,50.79,6.17,700.26,17.79,Kolhapur,Dark Brown,Wheat,19:19:19 NPK
91.29,50.92,59.52,6.21,791.16,19.13,Kolhapur,Dark Brown,Wheat,Urea
135.13,82.45,135.83,7.41,883.2,29.42,Satara,Black,Sugarcane,DAP
140.13,74.4,136.1,7.78,1267.36,30.68,Pune,Black,Sugarcane,MOP
43.75,55.2,59.45,6.08,837.6,19.38,Satara,Black,Ginger,Urea
115.04,54.18,45.78,6.83,683.56,20.7,Sangli,Black,Maize,Urea
138.75,82.43,145.61,7.53,975.79,28.24,Satara,Black,Sugarcane,Urea
92.67,54.81,46.29,6.02,836.34,23.67,Kolhapur,Dark Brown,Wheat,19:19:19 NPK
136.27,69.87,38.2,8.07,474.62,32.05,Kolhapur,Dark Brown,Maize,MOP
62.57,54.05,63.4,6.35,717.93,21.02,Satara,Black,Wheat,19:19:19 NPK
133.87,83.46,142.1,7.75,1135.35,21.67,Satara,Black,Sugarcane,DAP
94.73,55.55,40.43,6.43,727.9,21.41,Kolhapur,Dark Brown,Wheat,19:19:19 NPK
135.16,72.07,46.86,7.97,519.26,29.23,Kolhapur,Dark Brown,Maize,MOP
137.69,78.14,44.12,7.2,549.8,24.68,Sangli,Black,Maize,SSP
143.78,84.21,147.21,7.09,942.08,28.53,Satara,Black,Sugarcane,Urea
133.45,81.82,144.86,7.55,1012.87,28.84,Satara,Black,Sugarcane,MOP
95.5,39.84,41.63,5.88,841.91,25.38,Kolhapur,Dark Brown,Wheat,Urea
89.25,46.17,52.73,6.64,691.93,18.25,Sangli,Black,Wheat,19:19:19 NPK
142.22,79.18,44.47,6.92,566.79,26.18,Sangli,Black,Maize,SSP
73.36,47.21,51.42,6.4,734.91,18.57,Kolhapur,Dark Brown,Wheat,Urea
113.19,53.11,63.38,7.19,733.47,18.53,Sangli,Black,Wheat,Urea
134.13,76.33,70.04,8.24,1159.0,29.31,Solapur,Black,Sugarcane,MOP
66.7,47.1,44.96,6.66,566.0,18.1,Satara,Black,Wheat,19:19:19 NPK
91.81,72.62,118.0,6.13,945.15,21.76,Satara,Black,Sugarcane,Urea
110.15,79.88,134.47,6.97,1083.16,28.69,Satara,Black,Sugarcane,DAP
107.94,42.96,46.25,6.56,872.94,18.71,Sangli,Black,Wheat,19:19:19 NPK
127.58,64.58,53.01,8.07,648.53,30.18,Kolhapur,Dark Brown,Maize,MOP
132.5,77.78,117.96,7.71,1045.8,32.26,Satara,Black,Sugarcane,MOP
41.94,36.41,41.89,6.72,685.29,23.14,Kolhapur,Black,Jowar,Urea
59.39,67.0,87.67,6.27,999.9,20.36,Satara,Black,Ginger,Ammonium Sulphate
126.3,66.78,86.95,6.83,988.41,29.29,Pune,Black,Sugarcane,Urea
141.73,82.46,146.01,7.35,921.05,27.07,Satara,Black,Sugarcane,Urea
117.03,54.19,36.23,6.74,861.64,19.21,Sangli,Black,Maize,SSP
112.39,47.68,52.33,6.61,648.01,21.49,Kolhapur,Dark Brown,Wheat,Urea
137.05,79.47,84.11,8.42,1135.71,25.74,Solapur,Black,Sugarcane,DAP
138.97,83.08,133.65,8.24,971.59,25.65,Satara,Black,Sugarcane,DAP
123.05,81.37,135.2,6.32,917.68,27.81,Satara,Black,Sugarcane,Urea
106.11,59.87,46.31,6.0,975.55,25.26,Kolhapur,Dark Brown,Wheat,19:19:19 NPK
118.86,61.4,43.28,7.21,775.52,19.39,Sangli,Black,Wheat,Urea
105.46,41.84,53.25,6.31,818.41,16.67,Sangli,Black,Wheat,19:19:19 NPK
134.3,82.6,142.82,7.37,944.19,28.98,Satara,Black,Sugarcane,MOP
94.26,63.31,59.32,5.71,887.49,21.96,Kolhapur,Dark Brown,Wheat,Urea
139.97,81.63,144.69,7.49,1034.69,27.81,Satara,Black,Sugarcane,Urea
82.2,53.87,109.3,7.87,1159.94,28.36,Kolhapur,Black,Sugarcane,MOP
79.44,48.61,44.97,6.84,768.25,19.46,Kolhapur,Dark Brown,Wheat,Urea
134.06,73.75,88.7,7.42,918.01,30.22,Sangli,Black,Sugarcane,MOP
108.6,50.79,41.06,6.31,853.79,21.75,Kolhapur,Dark Brown,Wheat,19:19:19 NPK
87.89,72.57,95.66,7.26,686.67,27.56,Satara,Black,Sugarcane,MOP
90.72,55.7,46.69,5.86,923.97,21.14,Kolhapur,Dark Brown,Wheat,Urea
129.52,69.46,132.35,7.92,1348.76,30.37,Pune,Black,Sugarcane,MOP
135.16,76.88,94.85,7.69,977.29,25.64,Kolhapur,Dark Brown,Sugarcane,Urea
97.19,56.24,46.67,5.9,934.82,23.76,Kolhapur,Dark Brown,Wheat,Urea
145.11,79.29,48.48,7.95,438.62,27.8,Kolhapur,Dark Brown,Maize,SSP
108.82,51.53,50.24,6.14,794.7,19.47,Kolhapur,Dark Brown,Wheat,19:19:19 NPK
100.74,59.23,44.79,5.81,772.06,20.97,Kolhapur,Dark Brown,Wheat,19:19:19 NPK
134.76,82.7,143.74,7.42,936.24,30.0,Satara,Black,Sugarcane,MOP
101.41,40.48,51.18,6.51,882.56,19.52,Kolhapur,Dark Brown,Wheat,Urea
94.21,61.73,50.09,5.81,878.29,25.15,Kolhapur,Dark Brown,Wheat,19:19:19 NPK
100.95,57.58,45.54,5.96,843.2,21.83,Kolhapur,Dark Brown,Wheat,Urea
28.19,46.94,66.42,6.44,955.0,24.49,Satara,Black,Ginger,DAP
124.94,73.64,130.88,7.54,1067.19,25.95,Pune,Black,Sugarcane,Urea
33.69,38.54,34.42,6.58,710.18,27.83,Satara,Black,Jowar,Urea
145.08,76.76,51.99,7.68,469.56,29.51,Kolhapur,Dark Brown,Maize,MOP
136.43,79.91,44.5,8.38,1130.7,29.37,Solapur,Black,Sugarcane,MOP
95.61,43.57,48.27,6.1,784.08,20.43,Kolhapur,Dark Brown,Wheat,19:19:19 NPK
103.7,53.67,46.23,6.19,822.77,17.99,Kolhapur,Dark Brown,Wheat,SSP
139.72,82.16,135.29,7.76,1023.57,26.37,Satara,Black,Sugarcane,DAP
115.6,64.1,37.13,6.85,750.68,20.15,Sangli,Black,Wheat,Urea
148.67,84.25,39.82,8.15,338.34,27.8,Kolhapur,Dark Brown,Maize,SSP
119.03,73.23,38.9,7.6,572.41,29.15,Sangli,Black,Maize,MOP
134.94,75.0,138.72,7.68,1257.21,29.66,Pune,Black,Sugarcane,MOP
70.85,46.47,41.0,6.54,491.02,17.62,Satara,Black,Wheat,19:19:19 NPK
42.62,51.24,47.75,6.41,756.34,27.39,Satara,Black,Ginger,Urea
76.7,47.47,46.29,6.59,755.53,22.03,Kolhapur,Dark Brown,Wheat,Urea
135.53,75.7,140.12,7.69,1328.38,27.34,Pune,Black,Sugarcane,Urea
149.65,86.66,31.31,8.25,320.02,26.89,Kolhapur,Dark Brown,Maize,SSP
128.74,61.95,43.95,6.92,785.07,22.64,Sangli,Black,Wheat,19:19:19 NPK
102.25,60.96,44.91,5.78,869.23,19.74,Kolhapur,Dark Brown,Wheat,19:19:19 NPK
140.7,85.41,143.36,7.05,850.8,29.3,Satara,Black,Sugarcane,MOP
91.49,58.86,54.52,5.82,950.43,23.92,Kolhapur,Dark Brown,Wheat,Urea
51.57,48.64,55.85,6.37,649.94,20.51,Satara,Black,Wheat,Urea
133.82,82.19,134.47,6.86,932.3,26.44,Satara,Black,Sugarcane,MOP
133.58,79.9,141.33,7.97,1140.79,30.0,Pune,Black,Sugarcane,MOP
141.95,72.52,87.08,8.01,1014.2,31.61,Pune,Black,Sugarcane,MOP
137.74,76.52,137.61,7.61,1327.44,22.94,Pune,Black,Sugarcane,Urea
79.91,53.14,49.77,6.63,670.68,21.67,Satara,Black,Wheat,19:19:19 NPK
99.41,54.49,47.83,6.11,924.77,25.93,Kolhapur,Dark Brown,Wheat,Urea
101.22,71.58,112.38,6.32,704.03,23.18,Satara,Black,Sugarcane,19:19:19 NPK
104.95,56.02,32.41,6.39,765.64,24.47,Kolhapur,Dark Brown,Wheat,19:19:19 NPK
85.41,63.82,104.61,8.03,1154.47,28.02,Kolhapur,Black,Sugarcane,Urea
97.3,40.4,42.09,6.64,820.66,15.9,Sangli,Black,Wheat,Urea
140.22,79.6,35.01,7.53,679.93,22.81,Kolhapur,Dark Brown,Maize,Urea
104.87,59.61,46.58,5.84,778.81,22.1,Kolhapur,Dark Brown,Wheat,19:19:19 NPK
134.41,83.95,144.04,7.05,875.53,29.02,Satara,Black,Sugarcane,MOP
139.0,73.08,89.96,7.66,969.77,27.87,Pune,Black,Maize,Urea
97.91,44.46,44.26,6.46,731.88,17.95,Kolhapur,Dark Brown,Wheat,19:19:19 NPK
90.77,54.73,48.81,5.85,839.2,21.49,Kolhapur,Dark Brown,Wheat,Urea
121.41,68.78,101.94,8.23,1245.47,29.61,Pune,Black,Sugarcane,MOP
103.34,53.52,43.01,6.5,856.29,23.65,Sangli,Black,Wheat,19:19:19 NPK
135.77,81.33,133.85,7.11,960.24,32.02,Satara,Black,Sugarcane,Urea
136.57,80.36,140.54,7.78,959.34,30.69,Satara,Black,Sugarcane,Urea
65.25,54.33,53.93,6.02,688.8,19.21,Kolhapur,Dark Brown,Wheat,Urea
64.23,43.53,51.69,6.72,708.53,18.51,Kolhapur,Dark Brown,Wheat,Urea
101.86,53.39,66.43,7.13,699.61,19.68,Sangli,Black,Wheat,Urea
134.94,75.58,66.75,7.03,725.18,24.2,Sangli,Black,Maize,Urea
47.99,58.75,117.42,8.01,1288.89,26.19,Kolhapur,Black,Sugarcane,Urea
121.01,57.73,39.95,6.62,876.29,20.97,Kolhapur,Dark Brown,Wheat,19:19:19 NPK
99.86,42.77,49.2,6.32,788.27,18.31,Kolhapur,Dark Brown,Wheat,19:19:19 NPK
59.87,54.24,42.1,6.47,572.33,23.23,Satara,Black,Wheat,19:19:19 NPK
135.52,77.15,73.12,8.15,1183.58,31.79,Solapur,Black,Sugarcane,MOP
95.22,56.35,46.67,5.91,855.76,22.42,Kolhapur,Dark Brown,Wheat,19:19:19 NPK
131.77,80.27,79.98,8.35,1146.14,28.9,Solapur,Black,Sugarcane,DAP
88.13,65.77,41.54,7.4,630.17,26.54,Sangli,Black,Moong,MOP
103.45,61.79,47.91,5.74,788.48,23.52,Kolhapur,Dark Brown,Wheat,19:19:19 NPK
80.51,48.6,54.07,6.71,694.02,19.76,Kolhapur,Dark Brown,Wheat,Urea
96.14,43.7,40.62,6.94,863.85,15.59,Sangli,Black,Wheat,Urea
87.93,42.23,40.01,6.37,703.3,20.79,Kolhapur,Dark Brown,Wheat,Urea
143.0,82.82,143.81,6.9,894.93,27.99,Satara,Black,Sugarcane,Urea
141.21,79.35,38.83,8.39,1116.01,29.92,Solapur,Black,Sugarcane,MOP
117.2,55.76,41.35,6.33,740.48,21.15,Kolhapur,Dark Brown,Wheat,19:19:19 NPK
101.41,45.91,41.45,6.34,876.4,18.01,Kolhapur,Dark Brown,Wheat,19:19:19 NPK
75.02,56.33,50.7,6.8,586.31,28.33,Satara,Black,Wheat,19:19:19 NPK
101.95,49.41,45.86,6.75,789.2,21.96,Kolhapur,Dark Brown,Wheat,Urea
87.75,65.61,78.78,8.11,1221.13,27.65,Solapur,Black,Sugarcane,MOP
139.8,85.21,146.59,6.72,863.88,27.93,Satara,Black,Sugarcane,MOP
89.04,47.31,44.67,6.8,745.14,21.11,Kolhapur,Dark Brown,Wheat,Urea
55.3,16.42,33.3,7.7,615.88,25.93,Kolhapur,Dark Brown,Wheat,Urea
23.81,20.84,32.08,7.53,646.71,30.04,Satara,Black,Jowar,Urea
108.92,56.43,32.71,6.05,834.31,21.38,Kolhapur,Dark Brown,Wheat,19:19:19 NPK
132.76,83.88,146.38,8.39,1475.04,21.57,Pune,Black,Sugarcane,DAP
138.17,80.53,102.39,8.37,1088.81,25.65,Satara,Black,Sugarcane,DAP
138.8,83.67,139.32,6.61,977.01,30.46,Satara,Black,Sugarcane,Urea
132.39,70.58,124.9,7.23,790.69,21.19,Satara,Black,Sugarcane,Urea
137.31,81.77,134.79,8.08,1032.03,32.8,Pune,Black,Sugarcane,MOP
113.24,54.26,36.43,6.16,863.11,21.49,Kolhapur,Dark Brown,Wheat,19:19:19 NPK
87.64,49.06,52.43,6.79,665.24,18.64,Kolhapur,Dark Brown,Wheat,Urea
57.6,63.62,104.36,6.9,1096.5,27.98,Satara,Black,Ginger,DAP
122.94,77.49,126.67,6.56,953.51,24.94,Satara,Black,Sugarcane,Urea
94.18,61.33,55.28,5.72,850.98,22.06,Kolhapur,Dark Brown,Wheat,Urea
105.59,72.57,124.4,6.31,830.87,26.72,Satara,Black,Sugarcane,Urea
133.99,78.11,145.12,7.71,1167.44,27.38,Pune,Black,Sugarcane,Urea
142.35,79.27,98.68,6.94,895.05,27.59,Pune,Black,Sugarcane,Urea
93.99,64.39,132.48,7.94,1333.4,28.2,Pune,Black,Sugarcane,MOP
136.57,75.03,140.57,7.55,1233.85,26.07,Pune,Black,Sugarcane,Urea
126.66,70.91,122.5,7.74,1168.17,31.55,Satara,Black,Sugarcane,DAP
112.68,41.01,46.36,6.48,851.79,19.65,Sangli,Black,Wheat,19:19:19 NPK
134.36,73.21,105.97,7.29,1053.26,32.34,Pune,Black,Sugarcane,MOP
37.06,64.93,80.41,7.74,862.28,21.93,Kolhapur,Dark Brown,Maize,SSP
108.07,78.55,34.09,7.88,581.03,23.44,Kolhapur,Dark Brown,Maize,Urea
86.18,63.83,86.61,6.67,793.97,23.87,Satara,Black,Sugarcane,Urea
107.8,78.35,134.44,7.01,1008.91,25.13,Satara,Black,Sugarcane,DAP
88.7,67.82,122.85,8.09,1221.06,27.3,Kolhapur,Black,Sugarcane,Urea
112.94,54.02,39.05,6.36,890.82,23.1,Kolhapur,Dark Brown,Wheat,19:19:19 NPK
119.28,70.4,142.26,8.01,1291.04,29.06,Pune,Black,Sugarcane,MOP
37.72,53.53,59.13,6.4,859.7,19.83,Satara,Black,Ginger,Ammonium Sulphate
122.05,74.56,93.63,8.17,1185.09,31.01,Pune,Black,Sugarcane,MOP
142.15,79.9,47.78,7.08,595.77,26.74,Sangli,Black,Maize,Urea
139.47,78.59,44.21,8.38,1042.84,29.33,Solapur,Black,Sugarcane,MOP
90.79,46.25,48.41,6.57,607.03,17.45,Kolhapur,Dark Brown,Wheat,Urea
106.27,52.11,38.33,6.97,748.47,18.14,Sangli,Black,Wheat,Urea
140.56,78.55,63.04,7.78,577.88,30.63,Sangli,Black,Maize,MOP
99.02,55.35,55.29,6.56,747.23,20.31,Kolhapur,Dark Brown,Wheat,Urea
143.44,77.06,49.6,8.09,538.25,30.19,Sangli,Dark Brown,Maize,MOP
82.85,53.32,45.67,6.21,845.49,22.21,Kolhapur,Dark Brown,Wheat,Urea
65.17,69.78,93.65,6.4,968.17,31.36,Satara,Black,Ginger,Urea
130.52,73.52,40.6,6.7,618.99,25.76,Sangli,Black,Maize,SSP
106.06,38.53,50.6,6.66,814.03,15.98,Sangli,Black,Wheat,Urea
137.46,79.45,139.12,6.66,832.33,25.26,Satara,Black,Sugarcane,Urea
99.61,71.66,68.74,7.78,830.3,26.72,Kolhapur,Dark Brown,Maize,Urea
145.91,83.09,40.35,8.05,424.18,26.05,Kolhapur,Dark Brown,Maize,SSP
95.58,41.19,40.62,7.39,693.24,14.96,Sangli,Black,Wheat,Urea
101.02,45.82,43.9,6.55,833.96,22.82,Kolhapur,Dark Brown,Wheat,Urea
145.45,82.57,48.91,7.67,495.91,24.93,Kolhapur,Dark Brown,Maize,SSP
110.43,77.31,119.32,7.01,978.27,22.62,Satara,Black,Sugarcane,MOP
129.61,70.7,120.72,7.21,722.05,21.29,Satara,Black,Sugarcane,Urea
111.55,40.83,41.39,7.12,877.95,18.06,Sangli,Black,Wheat,Urea
52.86,60.5,51.24,6.09,671.22,24.28,Satara,Black,Wheat,19:19:19 NPK
69.51,40.61,34.87,7.0,515.48,15.36,Satara,Black,Wheat,Urea
108.76,46.86,46.43,6.75,861.36,21.97,Kolhapur,Dark Brown,Wheat,Urea
116.59,80.74,142.99,7.67,1294.32,22.37,Pune,Black,Sugarcane,DAP
110.01,46.25,43.6,6.55,724.57,19.82,Sangli,Black,Wheat,Urea
138.5,83.28,140.89,8.16,1191.76,24.95,Pune,Black,Sugarcane,DAP
130.7,82.94,142.84,7.64,915.63,30.03,Satara,Black,Sugarcane,MOP
114.08,63.54,122.5,8.04,1280.21,30.2,Pune,Black,Sugarcane,MOP
106.49,60.38,72.32,7.02,829.25,23.48,Sangli,Black,Wheat,Urea
133.63,82.56,134.39,6.61,1066.81,26.97,Satara,Black,Sugarcane,DAP
77.49,55.31,76.6,6.65,545.99,20.8,Satara,Black,Wheat,19:19:19 NPK
99.42,59.6,50.27,5.92,763.18,21.23,Kolhapur,Dark Brown,Wheat,19:19:19 NPK
68.35,73.47,115.04,6.46,971.38,23.6,Satara,Black,Ginger,DAP
139.47,76.9,51.84,8.37,1072.52,29.08,Solapur,Black,Sugarcane,MOP
94.77,60.47,46.15,5.88,830.33,19.72,Kolhapur,Dark Brown,Wheat,19:19:19 NPK
25.54,42.46,47.48,6.2,785.95,23.39,Satara,Black,Ginger,Urea
98.68,51.53,47.14,6.17,741.86,18.09,Kolhapur,Dark Brown,Wheat,19:19:19 NPK
96.5,65.36,125.63,7.93,1252.57,28.91,Pune,Black,Sugarcane,Urea
99.44,57.28,51.88,6.04,699.9,19.21,Kolhapur,Dark Brown,Wheat,19:19:19 NPK
139.12,84.6,142.33,6.63,825.57,27.33,Satara,Black,Sugarcane,Urea
139.87,84.7,141.27,6.39,899.76,30.23,Satara,Black,Sugarcane,Urea
29.89,43.17,39.42,6.27,789.94,25.24,Satara,Black,Jowar,Urea
140.36,77.39,41.11,7.54,699.16,23.67,Kolhapur,Dark Brown,Maize,Urea
47.44,62.4,94.18,6.45,988.93,27.05,Satara,Black,Ginger,DAP
82.93,55.78,46.8,6.26,718.9,22.33,Kolhapur,Dark Brown,Wheat,19:19:19 NPK
137.36,84.65,139.22,7.14,883.96,28.41,Satara,Black,Sugarcane,DAP
78.43,71.88,112.82,6.24,1065.9,27.03,Satara,Black,Ginger,DAP
133.37,77.02,108.45,8.07,1044.31,28.67,Satara,Black,Sugarcane,MOP
98.33,77.48,115.15,6.59,921.41,21.59,Satara,Black,Sugarcane,DAP
135.32,76.09,135.04,7.17,1132.86,28.66,Satara,Black,Sugarcane,Urea
137.09,77.16,37.94,7.05,549.62,26.62,Sangli,Black,Maize,SSP
139.11,76.12,50.05,7.65,613.7,28.02,Kolhapur,Dark Brown,Maize,SSP
136.88,77.72,40.79,7.04,572.24,25.5,Sangli,Black,Maize,Urea
137.76,79.13,107.32,8.11,950.01,28.55,Satara,Black,Sugarcane,MOP
118.72,68.9,88.36,7.73,1101.7,22.26,Kolhapur,Dark Brown,Sugarcane,Urea
55.47,55.15,79.9,7.69,1003.37,27.92,Kolhapur,Dark Brown,Maize,MOP
115.91,60.35,51.31,6.84,698.42,27.55,Sangli,Black,Wheat,MOP
97.24,52.97,45.14,6.36,728.59,20.92,Kolhapur,Dark Brown,Wheat,19:19:19 NPK
127.65,67.39,119.74,7.41,923.22,24.78,Satara,Black,Sugarcane,Urea
90.18,53.37,49.66,5.91,890.78,22.07,Kolhapur,Dark Brown,Wheat,Urea
99.71,39.16,48.18,6.86,791.74,16.81,Sangli,Black,Wheat,Urea
108.54,57.96,49.37,6.61,739.66,23.68,Sangli,Black,Maize,Urea
132.03,72.25,104.75,7.55,1143.29,20.49,Pune,Black,Sugarcane,Urea
88.6,60.83,54.35,5.78,874.68,22.25,Kolhapur,Dark Brown,Wheat,19:19:19 NPK
145.92,79.66,44.67,7.92,461.37,27.29,Kolhapur,Dark Brown,Maize,MOP
121.86,72.55,86.54,8.14,1173.93,30.33,Solapur,Black,Sugarcane,MOP
126.32,68.25,105.22,7.54,1058.15,27.65,Kolhapur,Black,Sugarcane,Urea
137.47,84.52,135.12,6.67,942.59,31.74,Satara,Black,Sugarcane,Urea
52.98,49.63,35.95,6.6,591.17,23.84,Satara,Black,Wheat,19:19:19 NPK
88.38,53.41,48.95,6.08,947.41,25.74,Kolhapur,Dark Brown,Wheat,Urea
125.21,65.09,54.83,6.91,642.05,24.25,Sangli,Black,Maize,SSP
126.24,71.51,41.95,7.23,584.22,26.64,Sangli,Black,Maize,MOP
79.46,51.91,42.16,6.26,601.1,20.05,Satara,Dark Brown,Wheat,19:19:19 NPK
121.43,63.17,46.14,6.62,765.44,23.34,Sangli,Black,Wheat,Urea
135.93,74.12,57.81,7.36,886.38,23.56,Kolhapur,Dark Brown,Maize,Urea
116.44,78.73,136.59,6.84,808.61,26.34,Satara,Black,Sugarcane,MOP
104.26,58.37,54.11,5.91,829.23,21.07,Kolhapur,Dark Brown,Wheat,Urea
139.11,74.99,87.11,7.2,878.83,29.57,Pune,Black,Maize,MOP
99.54,75.73,112.69,6.27,1033.47,27.12,Satara,Black,Sugarcane,Urea
123.69,71.16,62.16,7.3,723.4,25.94,Sangli,Black,Maize,MOP
69.05,48.65,38.56,6.65,567.52,18.66,Satara,Black,Wheat,19:19:19 NPK
105.04,50.74,46.26,6.57,842.22,19.15,Sangli,Black,Wheat,19:19:19 NPK
101.42,61.61,43.17,5.92,821.77,22.63,Kolhapur,Dark Brown,Wheat,19:19:19 NPK
50.31,53.84,48.02,6.14,750.23,17.6,Satara,Black,Wheat,Urea
99.86,56.65,45.3,5.87,834.25,21.89,Kolhapur,Dark Brown,Wheat,19:19:19 NPK
140.98,79.78,141.57,7.39,983.53,27.32,Satara,Black,Sugarcane,Urea
75.96,73.24,114.72,6.31,1010.39,28.33,Satara,Black,Sugarcane,DAP
126.15,59.88,45.88,6.93,898.93,19.09,Sangli,Black,Wheat,19:19:19 NPK
108.25,67.41,117.78,7.86,1198.27,27.62,Kolhapur,Black,Sugarcane,Urea
139.28,74.21,49.64,7.85,508.21,27.8,Kolhapur,Dark Brown,Maize,MOP
112.03,43.03,47.65,6.47,871.31,20.07,Sangli,Dark Brown,Wheat,19:19:19 NPK
136.33,72.56,133.54,7.6,1143.13,24.06,Pune,Black,Sugarcane,Urea
63.65,41.03,39.03,6.59,564.43,18.95,Satara,Black,Wheat,19:19:19 NPK
108.29,71.32,51.58,7.75,619.96,27.46,Kolhapur,Dark Brown,Maize,MOP
65.6,50.96,51.62,6.28,747.3,17.92,Kolhapur,Dark Brown,Wheat,Urea
69.31,59.4,100.02,7.92,1100.81,26.75,Kolhapur,Dark Brown,Sugarcane,MOP
136.18,76.13,33.51,8.08,449.21,28.87,Sangli,Black,Maize,MOP
128.08,74.87,109.07,7.85,1116.95,31.77,Satara,Black,Sugarcane,DAP
135.51,78.5,49.75,8.43,951.31,28.63,Solapur,Black,Sugarcane,MOP
38.07,46.62,40.59,6.44,698.01,22.86,Satara,Black,Jowar,Urea
31.93,46.26,59.21,6.33,914.29,29.38,Satara,Black,Ginger,Urea
96.35,40.03,53.13,6.85,715.28,17.13,Kolhapur,Dark Brown,Wheat,Urea
72.88,45.27,41.97,6.89,760.34,23.46,Kolhapur,Dark Brown,Wheat,Urea
137.39,85.05,147.33,7.42,864.86,29.98,Satara,Black,Sugarcane,MOP
62.25,52.99,53.82,6.14,670.7,16.96,Satara,Dark Brown,Wheat,Urea
39.78,51.82,115.72,7.84,1269.4,27.48,Kolhapur,Black,Sugarcane,MOP
142.2,74.91,49.69,7.52,610.69,30.54,Kolhapur,Dark Brown,Maize,SSP
138.32,78.97,144.32,7.49,1281.03,28.86,Pune,Black,Sugarcane,Urea
123.51,73.54,53.67,8.32,1198.92,30.68,Solapur,Black,Sugarcane,MOP
133.97,75.41,138.05,7.91,1332.63,24.5,Pune,Black,Sugarcane,Urea
96.62,50.66,48.88,6.29,791.82,22.32,Kolhapur,Dark Brown,Wheat,Urea
116.0,59.6,88.71,7.65,765.52,22.21,Satara,Black,Sugarcane,Urea
113.93,80.62,132.8,6.54,1026.99,24.19,Satara,Black,Sugarcane,DAP
133.24,83.5,143.8,8.26,1216.87,23.13,Pune,Black,Sugarcane,DAP
79.16,63.89,57.93,5.76,848.27,23.68,Kolhapur,Dark Brown,Wheat,Urea
44.49,52.31,51.67,5.96,718.04,15.28,Kolhapur,Dark Brown,Wheat,19:19:19 NPK
99.65,49.87,49.54,6.21,711.71,18.27,Kolhapur,Dark Brown,Wheat,19:19:19 NPK
141.73,77.0,82.2,7.25,975.33,27.66,Pune,Black,Maize,Urea
58.78,51.66,46.78,6.52,607.67,18.96,Satara,Black,Wheat,19:19:19 NPK
46.0,47.0,45.81,6.55,646.76,20.69,Satara,Black,Wheat,Urea
141.52,79.66,33.74,7.66,506.29,28.92,Sangli,Black,Maize,MOP
84.92,46.11,33.8,7.72,578.06,17.61,Satara,Black,Wheat,Urea
52.34,46.68,53.52,6.44,663.55,20.42,Satara,Black,Wheat,Urea
137.38,84.72,140.9,7.36,852.17,26.16,Satara,Black,Sugarcane,DAP
93.48,73.3,97.19,7.0,786.02,27.11,Satara,Black,Sugarcane,MOP
115.2,69.42,119.23,7.02,716.3,20.69,Satara,Black,Sugarcane,Urea
141.08,84.41,141.44,7.49,836.31,28.68,Satara,Black,Sugarcane,MOP
125.83,68.11,97.99,7.23,951.17,28.99,Pune,Black,Sugarcane,MOP
129.65,75.28,121.46,7.89,1219.21,18.03,Pune,Black,Sugarcane,Urea
136.78,72.28,120.63,7.59,1233.28,26.78,Pune,Black,Sugarcane,Urea
149.2,85.1,38.88,8.19,337.97,26.75,Kolhapur,Dark Brown,Maize,SSP
29.25,51.24,101.89,7.82,1189.37,25.96,Kolhapur,Dark Brown,Sugarcane,MOP
109.49,47.09,60.71,6.54,792.86,21.68,Sangli,Black,Wheat,19:19:19 NPK
97.85,56.02,55.15,6.15,682.73,18.15,Kolhapur,Dark Brown,Wheat,19:19:19 NPK
135.44,78.43,60.23,8.43,1094.99,28.32,Solapur,Black,Sugarcane,DAP
87.21,48.91,47.83,6.2,671.67,18.31,Kolhapur,Dark Brown,Wheat,19:19:19 NPK
131.61,75.24,63.75,8.27,1100.06,30.61,Solapur,Black,Sugarcane,MOP
147.32,84.08,43.12,7.88,369.81,22.98,Kolhapur,Dark Brown,Maize,SSP
100.71,61.34,47.24,5.84,804.47,18.77,Kolhapur,Dark Brown,Wheat,19:19:19 NPK
141.84,82.01,48.7,8.43,907.34,29.57,Solapur,Black,Sugarcane,MOP
113.5,46.92,50.67,6.57,764.83,19.67,Sangli,Dark Brown,Wheat,Urea
45.13,50.3,89.03,7.8,1178.03,29.13,Kolhapur,Black,Sugarcane,MOP
100.69,51.72,42.08,6.18,688.26,19.79,Kolhapur,Dark Brown,Wheat,19:19:19 NPK
39.73,28.03,45.13,7.22,600.14,22.35,Kolhapur,Dark Brown,Wheat,Urea
105.87,55.59,48.76,6.17,847.26,20.16,Kolhapur,Dark Brown,Wheat,Urea
143.1,84.65,143.85,8.22,1361.2,22.7,Pune,Black,Sugarcane,DAP
92.97,57.72,45.1,5.83,869.4,22.39,Kolhapur,Dark Brown,Wheat,Urea
132.24,79.93,141.59,7.16,833.77,28.28,Satara,Black,Sugarcane,MOP
107.39,67.11,134.01,7.95,1314.09,29.1,Pune,Black,Sugarcane,Urea
67.31,59.25,57.05,6.68,602.68,24.42,Satara,Black,Wheat,19:19:19 NPK
98.03,62.08,34.44,5.87,791.3,21.33,Kolhapur,Dark Brown,Wheat,19:19:19 NPK
113.39,66.97,74.63,7.8,850.22,28.09,Kolhapur,Dark Brown,Maize,MOP
74.23,57.18,80.0,7.0,653.84,24.59,Satara,Black,Wheat,19:19:19 NPK
63.1,46.37,46.63,6.65,675.79,19.38,Satara,Black,Wheat,Urea
136.14,84.52,143.36,6.95,888.76,28.27,Satara,Black,Sugarcane,MOP
136.2,72.68,57.7,6.76,623.65,28.93,Sangli,Black,Maize,Urea
90.21,58.92,52.16,5.83,920.76,23.85,Kolhapur,Dark Brown,Wheat,Urea
133.46,80.07,70.83,8.36,1169.06,27.96,Solapur,Black,Sugarcane,DAP
97.61,56.69,50.91,5.88,841.44,21.79,Kolhapur,Dark Brown,Wheat,Urea
145.18,82.78,41.55,7.85,439.21,28.96,Sangli,Black,Maize,MOP
104.52,51.77,47.9,6.24,837.02,21.7,Kolhapur,Dark Brown,Wheat,19:19:19 NPK
84.87,44.09,42.09,6.68,584.78,17.21,Satara,Dark Brown,Wheat,Urea
82.63,71.76,110.74,6.28,909.54,26.43,Satara,Black,Sugarcane,Urea
122.31,73.29,78.39,7.74,929.51,29.42,Solapur,Black,Sugarcane,MOP
115.72,71.21,124.67,7.16,874.4,22.84,Satara,Black,Sugarcane,Urea
133.68,76.55,141.6,7.61,1296.51,29.31,Pune,Black,Sugarcane,Urea
95.65,52.56,46.17,6.35,680.67,20.73,Kolhapur,Dark Brown,Wheat,Urea
52.45,45.09,46.07,6.26,713.64,22.23,Kolhapur,Dark Brown,Wheat,Urea
28.55,28.01,43.41,7.46,738.72,33.04,Satara,Black,Jowar,Urea
90.84,52.4,47.25,5.9,904.47,21.53,Kolhapur,Dark Brown,Wheat,Urea
138.99,81.56,133.74,7.49,915.93,27.51,Satara,Black,Sugarcane,MOP
101.52,55.95,57.08,6.17,837.4,21.16,Kolhapur,Dark Brown,Wheat,Urea
140.0,78.24,94.16,8.23,1088.34,30.16,Satara,Black,Sugarcane,MOP
101.61,62.07,88.67,8.02,1256.4,30.08,Solapur,Black,Sugarcane,MOP
133.18,80.9,118.38,8.39,1126.36,25.72,Pune,Black,Sugarcane,DAP
115.01,53.57,43.49,6.7,773.2,19.33,Sangli,Black,Wheat,Urea
146.85,83.76,45.65,8.0,397.01,28.78,Kolhapur,Dark Brown,Maize,SSP
92.25,47.2,51.68,6.33,726.63,18.73,Kolhapur,Dark Brown,Wheat,19:19:19 NPK
137.68,79.35,130.58,7.66,1016.7,33.0,Satara,Black,Sugarcane,MOP
135.4,80.19,49.62,8.46,924.63,25.95,Solapur,Black,Sugarcane,DAP
42.39,53.21,124.45,8.0,1319.23,27.69,Kolhapur,Black,Sugarcane,MOP
98.42,51.28,45.53,6.11,948.18,25.39,Kolhapur,Dark Brown,Wheat,Urea
106.95,56.47,37.7,6.1,846.19,21.96,Kolhapur,Dark Brown,Wheat,19:19:19 NPK
105.84,39.29,47.03,6.56,729.87,19.74,Kolhapur,Dark Brown,Wheat,19:19:19 NPK
134.37,84.12,138.59,7.87,992.69,25.01,Satara,Black,Sugarcane,DAP
126.13,70.94,137.29,7.63,1342.86,24.64,Pune,Black,Sugarcane,Urea
137.82,81.05,141.18,7.23,938.26,27.99,Satara,Black,Sugarcane,MOP
126.75,65.98,45.92,6.78,697.6,21.65,Sangli,Black,Maize,SSP
139.15,79.27,113.4,7.98,1091.14,30.79,Satara,Black,Sugarcane,MOP
93.88,58.16,55.9,6.07,845.29,20.81,Kolhapur,Dark Brown,Wheat,Urea
131.9,69.83,135.99,7.72,1323.88,31.3,Pune,Black,Sugarcane,MOP
137.45,84.22,138.88,7.61,942.24,23.73,Satara,Black,Sugarcane,DAP
127.57,68.27,67.4,7.4,979.14,21.87,Pune,Black,Wheat,Urea
130.92,80.84,141.75,8.0,1045.46,30.27,Pune,Black,Sugarcane,MOP
138.94,82.39,136.66,7.22,1043.83,28.13,Satara,Black,Sugarcane,MOP
142.69,81.63,45.0,8.44,983.38,27.49,Solapur,Black,Sugarcane,MOP
86.97,54.47,46.05,6.05,1005.73,22.9,Kolhapur,Dark Brown,Wheat,19:19:19 NPK
138.54,82.91,144.21,8.3,1452.56,21.79,Pune,Black,Sugarcane,DAP
124.39,76.61,75.0,7.6,886.08,26.9,Kolhapur,Dark Brown,Maize,Urea
109.85,56.36,43.21,6.08,869.17,22.32,Kolhapur,Dark Brown,Wheat,19:19:19 NPK
144.94,78.91,40.68,7.91,419.22,29.13,Kolhapur,Dark Brown,Maize,MOP
139.65,81.7,121.13,8.33,1199.02,25.4,Pune,Black,Sugarcane,DAP
135.85,83.05,143.53,7.59,941.89,31.44,Satara,Black,Sugarcane,MOP
94.39,53.07,51.68,6.55,703.79,18.03,Kolhapur,Dark Brown,Wheat,Urea
104.81,51.2,51.62,6.1,768.63,21.06,Kolhapur,Dark Brown,Wheat,19:19:19 NPK
113.18,56.82,35.58,6.17,897.76,22.48,Kolhapur,Dark Brown,Wheat,19:19:19 NPK
29.55,28.18,44.28,7.02,668.86,20.55,Kolhapur,Dark Brown,Jowar,Urea
125.26,72.08,134.74,8.08,1267.21,30.46,Pune,Black,Sugarcane,MOP
74.39,30.91,50.6,6.9,863.05,22.39,Kolhapur,Dark Brown,Wheat,Urea
55.86,55.57,42.04,6.62,629.65,23.62,Satara,Black,Wheat,19:19:19 NPK
134.99,78.96,121.98,8.14,1108.37,28.27,Satara,Black,Sugarcane,DAP
93.72,48.48,52.61,6.24,853.05,22.75,Kolhapur,Dark Brown,Wheat,19:19:19 NPK
139.87,83.0,146.84,7.42,1004.1,29.56,Satara,Black,Sugarcane,Urea
146.78,82.31,42.5,7.89,403.48,31.78,Sangli,Black,Maize,SSP
25.84,16.13,26.89,7.64,587.21,31.13,Kolhapur,Black,Jowar,Urea
132.16,71.15,82.77,8.22,1190.76,29.98,Solapur,Black,Sugarcane,MOP
58.16,51.5,65.5,6.57,618.88,19.79,Satara,Black,Wheat,Urea
134.26,77.18,143.44,7.63,1193.01,27.69,Pune,Black,Sugarcane,Urea
146.36,82.82,46.64,7.61,470.28,25.03,Sangli,Black,Maize,SSP
139.74,82.97,34.98,7.47,473.02,24.22,Sangli,Black,Maize,SSP
102.7,55.8,49.93,5.94,856.81,20.88,Kolhapur,Dark Brown,Wheat,Urea
108.68,46.7,41.91,6.15,747.63,20.38,Kolhapur,Dark Brown,Wheat,19:19:19 NPK
128.03,77.75,125.68,7.83,1018.35,29.87,Satara,Black,Sugarcane,MOP
31.02,43.08,49.06,6.19,907.71,28.56,Satara,Black,Ginger,Urea
140.84,76.41,41.02,7.54,633.97,27.75,Kolhapur,Dark Brown,Maize,Urea
43.14,41.41,41.49,6.28,749.71,24.38,Satara,Black,Jowar,Urea
135.17,82.43,144.54,7.74,1053.42,31.74,Pune,Black,Sugarcane,MOP
139.25,79.94,100.36,8.1,1154.59,32.01,Satara,Black,Sugarcane,MOP
130.35,81.6,139.05,7.74,967.01,33.09,Pune,Black,Sugarcane,MOP
100.03,56.35,55.86,5.84,854.67,23.13,Kolhapur,Dark Brown,Wheat,Urea
130.36,77.37,128.16,7.98,1039.4,28.42,Satara,Black,Sugarcane,MOP
123.66,66.74,41.07,6.93,623.9,23.52,Sangli,Black,Maize,Urea
133.48,82.46,144.42,7.92,1032.68,31.73,Pune,Black,Sugarcane,MOP
95.48,58.05,49.2,5.83,889.18,22.41,Kolhapur,Dark Brown,Wheat,Urea
127.51,70.75,139.71,7.8,1320.16,24.81,Pune,Black,Sugarcane,Urea
75.4,57.95,62.21,5.91,751.07,18.17,Kolhapur,Dark Brown,Wheat,19:19:19 NPK
99.51,42.44,49.87,6.75,651.54,20.42,Kolhapur,Dark Brown,Wheat,Urea
74.13,64.52,93.05,6.76,730.03,19.04,Satara,Black,Wheat,19:19:19 NPK
109.59,63.71,59.3,6.85,735.2,26.81,Sangli,Black,Maize,MOP
136.35,77.42,92.65,8.15,1056.96,28.82,Satara,Black,Sugarcane,MOP
108.95,79.83,127.24,6.58,953.86,26.42,Satara,Black,Sugarcane,DAP
138.7,84.52,138.56,7.13,827.96,28.49,Satara,Black,Sugarcane,DAP
118.4,78.04,119.04,6.38,1063.38,31.36,Satara,Black,Sugarcane,Urea
131.18,75.3,36.17,6.77,616.56,20.9,Sangli,Black,Maize,Urea
127.49,81.29,129.84,6.47,1005.6,28.01,Satara,Black,Sugarcane,Urea
101.97,48.19,40.26,6.94,821.07,18.27,Sangli,Black,Wheat,Urea
109.94,61.96,90.03,7.66,1143.19,25.1,Kolhapur,Black,Sugarcane,Urea
138.15,80.26,73.76,8.44,1073.5,28.21,Solapur,Black,Sugarcane,DAP
111.33,52.98,39.48,6.17,883.18,21.75,Kolhapur,Dark Brown,Wheat,19:19:19 NPK
143.71,80.45,46.16,7.66,467.35,27.5,Sangli,Black,Maize,SSP
105.69,66.15,72.7,7.67,786.84,26.34,Kolhapur,Dark Brown,Maize,MOP
142.45,83.67,146.47,6.72,828.91,29.55,Satara,Black,Sugarcane,Urea
134.4,68.39,125.5,7.74,1207.27,30.44,Pune,Black,Sugarcane,MOP
103.19,60.15,48.66,5.82,790.77,21.68,Kolhapur,Dark Brown,Wheat,19:19:19 NPK
85.73,59.9,54.95,5.82,948.46,25.24,Kolhapur,Dark Brown,Wheat,Urea
87.48,65.34,102.93,7.77,1226.08,26.01,Kolhapur,Black,Sugarcane,Urea
122.52,73.67,128.86,6.86,820.37,22.42,Satara,Black,Sugarcane,Urea
120.58,67.15,123.55,8.03,1250.07,30.12,Pune,Black,Sugarcane,MOP
136.81,78.33,106.74,8.14,977.43,30.74,Solapur,Black,Sugarcane,MOP
113.15,83.91,39.21,8.49,563.7,27.66,Solapur,Black,Cotton,DAP
143.65,79.19,48.83,7.48,643.32,23.43,Sangli,Dark Brown,Maize,Urea
113.07,47.85,43.55,6.37,892.02,20.94,Kolhapur,Dark Brown,Wheat,19:19:19 NPK
143.44,80.89,40.04,7.89,496.99,26.11,Kolhapur,Dark Brown,Maize,Urea
125.61,63.67,117.53,7.88,1108.56,29.43,Kolhapur,Black,Sugarcane,MOP
96.7,56.71,46.63,5.93,973.94,22.84,Kolhapur,Dark Brown,Wheat,Urea
93.24,56.15,48.25,6.01,714.42,18.76,Kolhapur,Dark Brown,Wheat,19:19:19 NPK
140.14,82.95,138.75,7.98,1160.21,24.66,Pune,Black,Sugarcane,DAP
130.11,69.76,130.66,7.7,1280.49,20.86,Pune,Black,Sugarcane,Urea
100.01,52.02,47.93,5.98,777.42,21.35,Kolhapur,Dark Brown,Wheat,19:19:19 NPK
137.89,79.94,141.59,6.71,843.97,27.69,Satara,Black,Sugarcane,Urea
48.49,51.37,56.29,6.08,669.06,16.49,Kolhapur,Dark Brown,Wheat,19:19:19 NPK
113.23,58.84,62.79,6.78,763.04,23.2,Sangli,Black,Wheat,Urea
88.72,58.55,45.02,5.78,988.49,24.91,Kolhapur,Dark Brown,Wheat,Urea
102.76,57.78,37.83,6.1,972.6,22.44,Kolhapur,Dark Brown,Wheat,19:19:19 NPK
133.25,83.41,138.04,6.28,975.68,30.61,Satara,Black,Sugarcane,Urea
140.59,84.44,131.97,7.83,976.84,27.92,Satara,Black,Sugarcane,DAP
46.03,45.56,43.17,6.53,655.78,19.02,Satara,Black,Wheat,Urea
139.13,85.3,139.9,7.17,860.42,27.93,Satara,Black,Sugarcane,DAP
141.07,76.67,90.96,7.43,969.24,26.85,Pune,Black,Sugarcane,Urea
138.14,77.74,35.46,7.78,582.1,27.84,Kolhapur,Dark Brown,Maize,Urea
110.19,67.38,101.6,8.17,1207.67,31.36,Solapur,Black,Sugarcane,DAP
116.49,52.33,46.57,6.68,746.75,18.91,Sangli,Black,Wheat,Urea
144.41,80.52,49.13,7.63,620.94,26.56,Kolhapur,Dark Brown,Maize,Urea
80.21,46.92,40.59,6.8,719.28,21.34,Kolhapur,Dark Brown,Wheat,Urea
93.86,43.95,44.71,6.14,852.45,22.17,Kolhapur,Dark Brown,Wheat,19:19:19 NPK
112.2,62.93,100.92,7.41,797.58,17.82,Satara,Black,Wheat,Urea
129.36,66.47,49.1,7.0,685.76,27.57,Sangli,Black,Maize,MOP
109.81,75.5,111.33,6.34,1007.58,28.03,Satara,Black,Sugarcane,Urea
116.8,80.11,130.67,6.75,855.39,28.36,Satara,Black,Sugarcane,MOP
139.95,79.92,42.25,7.35,566.26,25.06,Sangli,Black,Maize,SSP
95.17,67.21,112.16,6.6,819.56,28.2,Satara,Black,Sugarcane,Urea
140.33,84.75,139.71,7.47,827.04,26.66,Satara,Black,Sugarcane,DAP
42.66,52.99,47.62,6.14,782.3,24.5,Satara,Black,Ginger,Urea
131.39,80.24,143.1,7.97,1035.8,31.49,Pune,Black,Sugarcane,MOP
101.29,55.25,46.01,5.94,920.0,22.91,Kolhapur,Dark Brown,Wheat,Urea
61.42,59.01,71.17,6.35,629.35,21.74,Satara,Black,Wheat,19:19:19 NPK
47.63,63.83,90.46,6.15,933.56,24.43,Satara,Black,Ginger,DAP
127.82,79.83,128.9,7.96,1039.99,29.53,Satara,Black,Sugarcane,DAP
90.43,58.81,44.94,5.96,753.4,16.52,Kolhapur,Dark Brown,Wheat,19:19:19 NPK
67.59,68.02,98.05,6.26,861.15,23.17,Satara,Black,Ginger,Ammonium Sulphate
142.82,83.67,144.86,7.32,883.51,29.69,Satara,Black,Sugarcane,Urea
127.72,65.41,82.51,7.0,967.88,22.47,Sangli,Black,Wheat,Urea
103.44,54.32,46.37,5.9,746.8,17.51,Kolhapur,Dark Brown,Wheat,19:19:19 NPK
79.29,66.68,102.9,7.03,840.88,21.54,Satara,Black,Sugarcane,MOP
85.85,57.36,53.4,6.1,764.17,17.97,Kolhapur,Dark Brown,Wheat,Urea
127.85,72.47,123.35,7.93,1252.0,30.18,Pune,Black,Sugarcane,MOP
145.84,81.61,40.79,7.82,521.68,26.18,Kolhapur,Dark Brown,Maize,Urea
114.67,61.96,43.05,6.77,717.22,26.38,Sangli,Black,Wheat,19:19:19 NPK
67.39,63.87,94.22,6.12,716.55,22.21,Satara,Black,Wheat,19:19:19 NPK
120.21,69.07,139.67,7.84,1380.33,25.87,Pune,Black,Sugarcane,Urea
136.03,73.55,131.1,7.72,1192.42,29.35,Pune,Black,Sugarcane,MOP
106.71,37.88,46.86,6.51,853.64,16.32,Sangli,Black,Wheat,19:19:19 NPK
117.3,57.89,34.61,6.84,700.33,20.21,Sangli,Black,Wheat,Urea
60.56,68.83,106.11,6.46,997.14,22.98,Satara,Black,Ginger,DAP
98.68,45.28,53.79,6.75,625.91,22.39,Sangli,Black,Wheat,19:19:19 NPK
135.31,84.34,146.85,7.46,868.87,30.82,Satara,Black,Sugarcane,MOP
95.97,65.82,91.78,7.78,869.57,27.78,Kolhapur,Dark Brown,Sugarcane,MOP
111.02,42.49,48.17,6.51,850.93,18.25,Kolhapur,Dark Brown,Wheat,19:19:19 NPK
65.9,41.54,38.68,6.32,628.66,15.08,Kolhapur,Dark Brown,Wheat,19:19:19 NPK
114.67,59.51,47.81,6.92,705.78,20.68,Sangli,Black,Wheat,19:19:19 NPK
105.42,58.34,47.54,6.03,813.57,23.85,Kolhapur,Dark Brown,Wheat,19:19:19 NPK
106.41,78.53,137.38,7.7,1256.14,23.22,Pune,Black,Sugarcane,DAP
141.37,77.88,122.3,7.72,1097.44,32.32,Pune,Black,Sugarcane,MOP
136.86,82.77,143.81,7.7,989.25,30.1,Satara,Black,Sugarcane,MOP
124.98,58.67,46.04,6.99,907.41,20.45,Sangli,Black,Wheat,19:19:19 NPK
144.51,78.79,48.0,7.53,570.18,29.49,Kolhapur,Dark Brown,Maize,SSP
66.22,53.71,46.35,6.1,595.78,18.05,Satara,Black,Wheat,19:19:19 NPK
139.47,73.71,97.95,7.52,914.98,28.11,Pune,Black,Sugarcane,MOP
138.39,82.32,135.07,7.44,904.8,29.53,Satara,Black,Sugarcane,DAP
131.66,70.11,135.03,7.99,1356.06,30.54,Pune,Black,Sugarcane,MOP
80.36,43.78,36.98,6.94,590.87,18.28,Satara,Black,Wheat,Urea
98.69,56.62,51.1,5.95,845.05,19.73,Kolhapur,Dark Brown,Wheat,Urea
99.14,57.1,55.63,5.93,824.41,22.02,Kolhapur,Dark Brown,Wheat,19:19:19 NPK
147.66,82.32,35.81,8.07,360.1,26.39,Kolhapur,Dark Brown,Maize,SSP
99.65,79.13,128.7,6.38,1125.08,28.16,Satara,Black,Sugarcane,DAP
91.11,48.61,52.23,6.05,813.01,21.71,Kolhapur,Dark Brown,Wheat,Urea
119.17,52.27,53.03,6.6,905.26,21.07,Sangli,Black,Wheat,19:19:19 NPK
147.56,83.93,44.69,8.02,382.34,27.62,Kolhapur,Dark Brown,Maize,SSP
97.33,41.67,50.75,6.58,877.06,22.59,Kolhapur,Dark Brown,Wheat,Urea
108.83,75.42,120.2,6.85,805.62,29.2,Satara,Black,Sugarcane,MOP
129.82,69.78,61.6,7.62,626.76,28.67,Kolhapur,Dark Brown,Maize,MOP
131.34,77.65,141.26,8.07,1132.11,31.3,Pune,Black,Sugarcane,MOP
105.02,53.9,35.84,6.1,773.49,19.63,Kolhapur,Dark Brown,Wheat,19:19:19 NPK
123.94,60.19,38.03,6.85,746.84,21.22,Sangli,Black,Maize,Urea
141.09,83.91,144.49,8.21,1398.45,23.34,Pune,Black,Sugarcane,DAP
128.36,78.7,146.14,7.97,1244.18,31.22,Pune,Black,Sugarcane,MOP
140.06,73.27,50.47,7.88,578.27,27.34,Kolhapur,Dark Brown,Maize,MOP
127.4,76.83,130.05,8.08,1179.18,28.61,Pune,Black,Sugarcane,MOP
149.12,85.01,36.26,8.11,331.22,26.47,Kolhapur,Dark Brown,Maize,SSP
145.23,82.39,40.74,7.81,618.95,23.13,Kolhapur,Dark Brown,Maize,Urea
50.38,64.61,106.02,6.6,1131.88,23.55,Satara,Black,Ginger,DAP
110.02,67.71,139.07,7.95,1316.7,27.78,Pune,Black,Sugarcane,MOP
96.15,55.43,52.32,5.9,829.64,20.53,Kolhapur,Dark Brown,Wheat,Urea
98.81,55.61,47.82,5.85,728.34,20.78,Kolhapur,Dark Brown,Wheat,19:19:19 NPK
134.93,70.95,33.72,7.35,577.53,23.38,Sangli,Black,Maize,MOP
136.47,81.45,125.9,7.6,949.32,32.53,Satara,Black,Sugarcane,DAP
135.22,81.82,137.96,7.74,928.27,28.62,Satara,Black,Sugarcane,MOP
88.26,49.32,49.95,6.8,832.71,24.52,Kolhapur,Dark Brown,Wheat,Urea
101.26,49.85,42.88,6.09,752.79,19.85,Kolhapur,Dark Brown,Wheat,19:19:19 NPK
132.41,78.9,120.97,7.82,1010.86,30.06,Satara,Black,Sugarcane,DAP
92.79,58.41,46.26,5.76,916.28,24.33,Kolhapur,Dark Brown,Wheat,Urea
119.72,67.3,46.84,7.17,809.77,20.81,Sangli,Black,Wheat,Urea
98.68,58.91,47.82,6.02,755.98,17.94,Kolhapur,Dark Brown,Wheat,19:19:19 NPK
147.58,85.07,40.31,7.96,374.01,25.81,Kolhapur,Dark Brown,Maize,SSP
73.5,68.97,87.86,6.56,701.47,25.09,Satara,Black,Wheat,MOP
71.89,44.53,38.9,7.03,560.23,16.53,Kolhapur,Dark Brown,Wheat,Urea
138.03,79.32,44.05,7.49,587.15,27.76,Sangli,Black,Maize,MOP
137.21,82.66,137.23,6.94,979.55,29.28,Satara,Black,Sugarcane,MOP
87.36,51.48,43.43,6.56,721.58,23.66,Satara,Black,Wheat,19:19:19 NPK
147.27,80.9,49.03,7.69,421.62,28.41,Kolhapur,Dark Brown,Maize,SSP
131.27,68.69,46.61,6.62,708.21,23.76,Sangli,Black,Maize,SSP
116.27,49.95,40.27,6.63,994.57,18.44,Kolhapur,Dark Brown,Wheat,19:19:19 NPK
104.39,65.92,90.3,7.8,990.75,26.69,Kolhapur,Dark Brown,Maize,Urea
100.17,43.73,43.04,6.55,854.66,19.14,Sangli,Black,Wheat,Urea
55.73,46.34,51.57,6.7,579.98,20.16,Satara,Black,Wheat,Urea
137.86,78.11,94.03,8.16,1072.13,30.8,Solapur,Black,Sugarcane,MOP
86.48,66.68,83.34,8.18,1271.35,29.3,Solapur,Black,Sugarcane,MOP
120.12,69.55,137.17,7.85,1281.25,30.13,Pune,Black,Sugarcane,MOP
107.34,49.46,52.41,6.14,827.2,23.24,Kolhapur,Dark Brown,Wheat,Urea
126.12,70.12,39.15,7.07,766.4,21.11,Sangli,Black,Wheat,Urea
106.9,48.39,52.18,6.67,791.24,20.49,Sangli,Black,Wheat,19:19:19 NPK
129.54,74.06,140.37,7.92,1211.12,27.26,Pune,Black,Sugarcane,Urea
140.67,82.39,123.25,8.21,1090.0,26.01,Satara,Black,Sugarcane,DAP
141.16,83.16,144.79,7.34,828.28,30.46,Satara,Black,Sugarcane,Urea
133.64,72.75,129.0,7.8,1335.23,23.58,Pune,Black,Sugarcane,Urea
138.04,82.69,40.76,8.46,810.99,27.12,Solapur,Black,Sugarcane,MOP
130.96,83.03,132.43,6.26,882.52,30.56,Satara,Black,Sugarcane,Urea
146.45,82.54,46.45,7.7,445.77,25.24,Kolhapur,Dark Brown,Maize,SSP
75.42,45.15,45.47,6.79,610.83,17.87,Kolhapur,Dark Brown,Wheat,Urea
53.55,40.49,39.19,7.05,717.44,21.5,Kolhapur,Dark Brown,Wheat,Urea
141.66,84.11,143.62,6.8,807.93,29.25,Satara,Black,Sugarcane,Urea
133.6,72.96,46.32,7.35,511.99,28.78,Sangli,Black,Maize,MOP
125.57,73.02,39.73,7.08,728.77,19.55,Sangli,Black,Maize,Urea
133.62,83.15,139.63,6.44,908.45,26.86,Satara,Black,Sugarcane,Urea
107.31,56.49,52.22,6.05,840.47,21.74,Kolhapur,Dark Brown,Wheat,Urea
95.65,53.03,50.3,5.92,908.66,26.05,Kolhapur,Dark Brown,Wheat,Urea
136.95,84.02,139.04,7.6,800.81,26.0,Satara,Black,Sugarcane,DAP
140.34,77.67,128.93,7.51,1115.23,31.6,Pune,Black,Sugarcane,MOP
140.29,83.65,143.25,6.95,940.67,29.69,Satara,Black,Sugarcane,Urea
138.17,85.08,138.45,6.85,785.58,31.11,Satara,Black,Sugarcane,Urea
124.46,69.65,126.28,7.53,902.04,25.06,Pune,Black,Sugarcane,Urea
70.29,62.73,110.58,7.81,1175.66,26.4,Kolhapur,Black,Sugarcane,Urea
136.35,78.38,55.24,8.32,1121.57,28.54,Solapur,Black,Sugarcane,MOP
75.52,39.22,37.12,6.89,555.69,16.71,Satara,Black,Wheat,19:19:19 NPK
31.01,49.5,53.87,6.05,837.44,22.27,Satara,Black,Ginger,Urea
34.8,28.96,41.23,7.01,678.19,21.46,Kolhapur,Dark Brown,Jowar,Urea
30.19,23.81,28.32,7.16,663.29,29.47,Kolhapur,Black,Jowar,Urea
133.42,74.02,102.25,8.07,1117.8,30.99,Solapur,Black,Sugarcane,MOP
132.5,77.66,123.36,7.64,978.47,33.13,Satara,Black,Sugarcane,Urea
106.86,57.22,51.89,5.88,868.59,20.86,Kolhapur,Dark Brown,Wheat,Urea
140.12,79.17,41.48,8.41,1058.82,28.63,Solapur,Black,Sugarcane,MOP
129.49,80.54,129.7,7.4,904.55,30.02,Satara,Black,Sugarcane,MOP
126.17,81.01,139.07,7.65,948.83,28.12,Satara,Black,Sugarcane,MOP
120.96,58.81,53.52,6.77,792.56,21.98,Sangli,Black,Wheat,19:19:19 NPK
137.09,82.91,128.99,7.58,885.68,29.18,Satara,Black,Sugarcane,DAP
130.47,72.13,128.17,6.84,712.38,24.53,Satara,Black,Sugarcane,Urea
144.15,81.17,46.06,7.71,488.09,27.24,Sangli,Black,Maize,MOP
106.74,49.87,37.75,6.27,899.56,22.81,Kolhapur,Dark Brown,Wheat,19:19:19 NPK
140.92,81.86,36.84,7.85,547.2,25.19,Kolhapur,Dark Brown,Maize,Urea
132.92,69.45,56.61,7.65,680.16,29.52,Kolhapur,Dark Brown,Maize,MOP
137.02,77.3,91.38,8.07,1133.07,31.01,Satara,Black,Sugarcane,MOP
115.86,70.53,135.99,7.97,1353.72,27.75,Pune,Black,Sugarcane,Urea
142.3,80.68,44.99,7.15,511.03,27.12,Sangli,Black,Maize,SSP
108.91,55.09,61.96,6.78,914.8,20.18,Sangli,Black,Wheat,Urea
73.21,49.66,44.93,6.69,680.01,21.18,Kolhapur,Dark Brown,Wheat,Urea
65.37,66.52,99.3,6.53,1026.22,27.69,Satara,Black,Ginger,Urea
24.08,16.16,25.62,7.49,502.88,32.53,Satara,Black,Jowar,Urea
134.35,77.59,131.68,8.09,1162.83,30.45,Pune,Black,Sugarcane,MOP
103.39,62.72,57.55,5.8,795.88,22.43,Kolhapur,Dark Brown,Wheat,19:19:19 NPK
95.57,52.95,48.71,6.27,725.15,20.58,Kolhapur,Dark Brown,Wheat,Urea
77.97,53.74,50.93,6.23,728.28,20.26,Kolhapur,Dark Brown,Wheat,Urea
110.62,45.81,55.48,6.53,805.25,16.55,Sangli,Black,Wheat,19:19:19 NPK
92.2,48.74,47.95,6.74,626.25,20.09,Kolhapur,Dark Brown,Wheat,Urea
145.89,84.61,38.53,7.4,480.33,24.36,Sangli,Black,Maize,SSP
147.17,82.66,41.76,7.9,398.04,29.0,Kolhapur,Dark Brown,Maize,SSP
136.9,77.47,75.64,8.19,1164.65,32.16,Solapur,Black,Sugarcane,MOP
101.42,73.44,112.53,6.39,948.97,23.1,Satara,Black,Sugarcane,Urea
130.27,68.98,134.6,7.81,1313.56,30.27,Pune,Black,Sugarcane,MOP
115.02,68.65,100.2,7.76,1105.15,22.63,Kolhapur,Black,Sugarcane,Urea
120.97,66.04,73.27,7.96,797.43,30.39,Kolhapur,Dark Brown,Maize,MOP
87.46,64.72,99.07,6.52,681.29,22.97,Satara,Black,Wheat,19:19:19 NPK
126.18,80.29,139.31,7.25,987.71,27.39,Satara,Black,Sugarcane,DAP
138.63,76.65,135.64,7.19,1184.85,27.73,Pune,Black,Sugarcane,Urea
135.09,83.47,139.09,6.39,971.38,28.38,Satara,Black,Sugarcane,MOP
106.13,47.76,33.6,7.29,802.03,15.4,Sangli,Black,Wheat,Urea
105.81,46.24,37.83,6.7,786.31,19.47,Sangli,Black,Wheat,Urea
141.4,75.99,48.76,8.3,1173.6,31.2,Solapur,Black,Sugarcane,MOP
112.83,59.35,73.52,7.3,818.66,20.41,Sangli,Black,Wheat,Urea
125.21,81.0,92.79,8.47,1088.59,22.97,Solapur,Black,Sugarcane,DAP
134.69,81.71,139.89,7.23,1026.97,26.62,Satara,Black,Sugarcane,DAP
141.23,84.2,138.91,6.8,925.9,29.52,Satara,Black,Sugarcane,Urea
136.89,83.84,140.11,7.46,886.05,26.74,Satara,Black,Sugarcane,DAP
93.36,53.27,43.76,5.97,1005.99,24.72,Kolhapur,Dark Brown,Wheat,Urea
108.62,71.31,117.39,6.79,719.5,24.32,Satara,Black,Sugarcane,MOP
131.92,82.11,134.51,6.9,1052.45,30.82,Satara,Black,Sugarcane,DAP
114.04,80.29,127.26,6.21,970.46,28.86,Satara,Black,Sugarcane,Urea
118.81,79.99,122.6,7.06,1106.17,32.04,Satara,Black,Sugarcane,Urea
91.94,53.79,86.36,7.43,576.86,17.38,Satara,Black,Wheat,Urea
106.43,51.53,44.2,6.52,702.11,23.35,Sangli,Black,Wheat,Urea
30.69,43.59,42.57,6.08,793.19,20.72,Satara,Black,Ginger,Urea
122.14,66.07,44.06,6.69,681.61,24.5,Sangli,Black,Maize,SSP
91.48,58.8,51.33,5.77,902.82,24.06,Kolhapur,Dark Brown,Wheat,Urea
80.89,47.6,48.71,6.37,704.72,18.03,Kolhapur,Dark Brown,Wheat,Urea
148.57,84.42,48.05,8.16,350.59,29.81,Kolhapur,Dark Brown,Maize,MOP
140.3,82.49,142.26,7.27,845.81,27.83,Satara,Black,Sugarcane,Urea
35.86,56.09,101.09,7.89,1229.97,25.12,Kolhapur,Dark Brown,Sugarcane,Urea
116.83,67.34,37.77,7.08,615.92,21.15,Sangli,Black,Maize,SSP
129.19,63.19,110.28,7.49,981.29,17.76,Satara,Black,Sugarcane,Urea
49.82,51.89,105.15,7.85,1295.14,27.49,Kolhapur,Black,Sugarcane,Urea
125.35,81.59,141.22,6.7,771.48,25.68,Satara,Black,Sugarcane,MOP
119.2,63.13,107.02,8.14,1282.59,31.46,Pune,Black,Sugarcane,MOP
130.9,68.13,45.68,7.35,708.75,21.1,Sangli,Black,Maize,SSP
134.42,82.86,141.23,6.28,1067.37,29.81,Satara,Black,Sugarcane,Urea
109.14,55.03,47.69,6.61,781.65,22.83,Sangli,Black,Wheat,19:19:19 NPK
140.32,79.81,43.47,7.02,545.83,22.61,Sangli,Black,Maize,SSP
114.61,52.97,39.76,6.74,824.08,25.69,Sangli,Black,Wheat,19:19:19 NPK
100.84,56.0,38.65,6.14,845.95,21.94,Kolhapur,Dark Brown,Wheat,19:19:19 NPK
141.27,76.55,133.31,7.36,954.99,24.58,Satara,Black,Sugarcane,Urea
131.46,76.5,139.65,7.32,1050.62,29.56,Satara,Black,Sugarcane,MOP
82.61,42.16,47.71,6.38,858.58,22.45,Kolhapur,Dark Brown,Wheat,Urea
117.13,70.94,136.43,7.97,1285.67,28.02,Pune,Black,Sugarcane,Urea
128.15,74.98,38.47,7.23,695.26,17.91,Sangli,Black,Wheat,Urea
138.67,77.68,71.06,8.38,1089.39,29.17,Solapur,Black,Sugarcane,MOP
146.95,80.7,44.61,7.75,392.51,26.98,Kolhapur,Dark Brown,Maize,SSP
100.2,55.32,49.3,5.87,823.23,19.96,Kolhapur,Dark Brown,Wheat,Urea
67.94,68.56,106.18,6.39,1036.82,30.22,Satara,Black,Ginger,DAP
127.26,65.28,93.66,7.89,979.02,30.09,Kolhapur,Black,Sugarcane,MOP
71.18,59.09,43.8,6.05,637.7,17.08,Kolhapur,Dark Brown,Wheat,19:19:19 NPK
88.32,60.77,55.14,5.81,881.93,23.35,Kolhapur,Dark Brown,Wheat,19:19:19 NPK
136.91,82.72,137.35,7.4,916.64,30.74,Satara,Black,Sugarcane,MOP
94.71,56.27,56.45,5.87,819.7,17.65,Kolhapur,Dark Brown,Wheat,Urea
83.04,50.34,44.32,6.48,879.81,22.98,Kolhapur,Dark Brown,Wheat,Urea
133.35,68.71,49.43,7.74,624.18,28.47,Kolhapur,Dark Brown,Maize,MOP
129.4,82.7,143.99,7.11,891.72,29.01,Satara,Black,Sugarcane,MOP
139.22,79.01,55.0,7.53,587.16,27.27,Sangli,Dark Brown,Maize,MOP
135.95,81.62,107.27,8.33,1089.63,27.63,Satara,Black,Sugarcane,DAP
137.29,84.73,140.22,7.01,957.63,27.62,Satara,Black,Sugarcane,MOP
139.83,84.85,137.5,7.25,826.77,28.97,Satara,Black,Sugarcane,DAP
47.17,44.96,46.6,6.34,676.5,18.63,Kolhapur,Dark Brown,Wheat,Urea
92.99,46.43,40.35,6.67,617.93,20.61,Satara,Black,Wheat,19:19:19 NPK
119.65,79.09,43.24,7.78,566.56,22.63,Kolhapur,Dark Brown,Maize,Urea
82.48,61.0,55.43,5.66,902.49,23.5,Kolhapur,Dark Brown,Wheat,Urea
136.71,72.79,48.5,8.33,1103.37,29.08,Solapur,Black,Sugarcane,MOP
135.92,84.07,139.78,6.9,878.46,30.62,Satara,Black,Sugarcane,DAP
74.06,66.66,130.19,8.01,1345.49,21.56,Pune,Black,Sugarcane,DAP
33.39,48.45,102.06,7.85,1296.13,28.74,Kolhapur,Black,Sugarcane,MOP
132.57,83.07,144.72,7.74,881.25,30.77,Satara,Black,Sugarcane,MOP
137.92,69.92,59.36,8.32,1064.17,31.19,Solapur,Black,Sugarcane,MOP
130.12,73.06,54.74,8.3,1073.7,29.96,Solapur,Black,Sugarcane,MOP
133.44,76.21,119.64,8.13,1107.48,30.74,Pune,Black,Sugarcane,MOP
108.43,56.81,95.41,7.78,1274.16,30.95,Kolhapur,Black,Sugarcane,Urea
93.96,48.83,47.63,6.12,700.02,17.89,Kolhapur,Dark Brown,Wheat,19:19:19 NPK
113.69,51.59,47.51,6.68,770.09,19.22,Sangli,Black,Maize,Urea
101.09,55.86,53.1,6.03,902.71,25.66,Kolhapur,Dark Brown,Wheat,Urea
94.0,51.46,46.76,6.15,922.61,23.11,Kolhapur,Dark Brown,Wheat,Urea
110.72,55.91,38.82,6.21,793.03,20.53,Kolhapur,Dark Brown,Wheat,19:19:19 NPK
139.52,76.83,137.99,7.46,1183.47,22.09,Pune,Black,Sugarcane,Urea
81.89,53.32,55.16,6.17,715.02,18.03,Kolhapur,Dark Brown,Wheat,Urea
135.46,71.04,99.93,8.19,1236.57,30.66,Pune,Black,Sugarcane,MOP
135.17,77.29,50.18,8.28,1139.0,29.15,Solapur,Black,Sugarcane,MOP
104.3,56.44,50.64,5.8,698.37,21.52,Kolhapur,Dark Brown,Wheat,19:19:19 NPK
135.03,85.02,145.05,7.2,842.44,29.31,Satara,Black,Sugarcane,MOP
119.02,81.41,138.97,7.96,1267.35,27.47,Pune,Black,Sugarcane,DAP
72.15,67.71,82.35,6.36,943.52,29.6,Satara,Black,Ginger,Urea
123.26,52.6,47.04,6.58,857.52,19.87,Kolhapur,Dark Brown,Wheat,19:19:19 NPK
98.54,48.47,52.02,6.42,648.14,17.13,Kolhapur,Dark Brown,Wheat,Urea
140.72,79.18,46.46,7.18,634.29,23.62,Sangli,Black,Maize,Urea
133.08,75.08,96.76,8.18,1117.69,30.62,Solapur,Black,Sugarcane,MOP
75.28,41.68,48.25,7.06,520.09,19.53,Satara,Black,Wheat,Urea
80.86,60.86,106.41,8.08,1201.45,29.3,Pune,Black,Sugarcane,DAP
137.96,76.65,54.67,8.27,1121.12,31.69,Solapur,Black,Sugarcane,MOP
139.58,79.72,50.03,8.36,1131.15,29.16,Solapur,Black,Sugarcane,MOP
136.55,75.82,137.57,7.06,965.06,25.34,Satara,Black,Sugarcane,Urea
108.4,54.2,42.06,6.25,915.83,21.97,Kolhapur,Dark Brown,Wheat,19:19:19 NPK
142.69,79.71,50.08,7.25,587.93,25.91,Sangli,Black,Maize,Urea
149.81,87.36,40.99,8.29,311.71,28.57,Sangli,Black,Maize,SSP
132.26,71.22,50.8,7.18,678.76,30.77,Sangli,Black,Maize,MOP
137.92,67.58,94.44,7.6,1027.26,30.98,Pune,Black,Sugarcane,MOP
135.8,80.54,145.08,7.48,1004.86,31.25,Satara,Black,Sugarcane,Urea
132.57,82.59,139.59,7.46,932.6,30.8,Satara,Black,Sugarcane,MOP
142.44,82.79,129.78,8.02,993.11,26.45,Satara,Black,Sugarcane,DAP
91.94,55.77,65.79,6.84,805.15,21.52,Sangli,Black,Wheat,19:19:19 NPK
77.77,58.75,50.28,5.88,808.57,18.99,Kolhapur,Dark Brown,Wheat,19:19:19 NPK
136.61,81.89,142.84,7.75,1056.16,32.09,Pune,Black,Sugarcane,MOP
140.15,81.13,141.56,7.29,790.84,25.55,Satara,Black,Sugarcane,Urea
133.67,74.51,109.16,8.25,1168.77,30.73,Pune,Black,Sugarcane,MOP
107.27,50.66,39.89,6.82,748.45,21.54,Sangli,Black,Wheat,Urea
127.91,82.45,139.56,7.98,1115.79,26.43,Satara,Black,Sugarcane,DAP
95.82,80.05,135.62,7.32,1068.65,28.84,Satara,Black,Sugarcane,DAP
94.33,47.59,46.35,6.26,914.12,22.27,Kolhapur,Dark Brown,Wheat,19:19:19 NPK
140.42,71.5,87.78,7.89,794.09,31.31,Kolhapur,Dark Brown,Maize,MOP
139.88,85.53,146.96,7.2,858.91,29.13,Satara,Black,Sugarcane,Urea
135.67,81.56,53.63,8.37,1076.09,28.42,Solapur,Black,Sugarcane,MOP
143.5,79.49,52.85,7.35,639.88,27.28,Kolhapur,Dark Brown,Maize,Urea
130.87,80.15,145.08,7.88,1121.71,30.97,Pune,Black,Sugarcane,MOP
93.39,59.69,81.7,6.94,705.88,19.64,Satara,Black,Wheat,Urea
89.22,61.46,51.0,5.69,860.01,24.53,Kolhapur,Dark Brown,Wheat,19:19:19 NPK
137.39,75.53,89.1,7.36,989.97,25.15,Pune,Black,Sugarcane,Urea
64.32,54.5,58.69,6.44,665.08,22.45,Satara,Black,Wheat,19:19:19 NPK
59.25,54.99,103.71,7.87,1291.69,28.45,Kolhapur,Black,Sugarcane,MOP
66.31,40.51,36.5,7.4,606.35,18.41,Satara,Black,Wheat,Urea
120.53,62.71,52.52,6.6,674.07,27.24,Sangli,Black,Maize,SSP
133.36,81.83,132.18,7.04,966.8,31.55,Satara,Black,Sugarcane,Urea
55.75,44.24,39.69,6.98,647.35,21.15,Satara,Black,Wheat,Urea
135.46,75.15,137.64,7.46,1211.27,25.72,Pune,Black,Sugarcane,Urea
110.63,69.86,131.83,8.02,1219.82,29.89,Pune,Black,Sugarcane,MOP
51.11,59.33,66.42,6.71,962.49,31.77,Satara,Black,Ginger,Urea
99.04,63.72,130.23,7.94,1313.83,28.3,Pune,Black,Sugarcane,Urea
106.03,52.47,51.03,6.18,845.53,22.4,Kolhapur,Dark Brown,Wheat,19:19:19 NPK
92.89,55.11,46.04,5.8,955.09,25.33,Kolhapur,Dark Brown,Wheat,Urea
108.52,46.88,46.66,6.3,882.95,21.77,Kolhapur,Dark Brown,Wheat,19:19:19 NPK
119.27,74.29,42.97,7.66,664.14,25.3,Kolhapur,Dark Brown,Maize,Urea
104.53,76.22,129.26,7.09,1155.82,26.42,Satara,Black,Sugarcane,DAP
57.58,54.86,63.27,6.4,724.28,20.86,Satara,Black,Wheat,Urea
140.98,81.43,145.43,7.28,1060.9,27.63,Satara,Black,Sugarcane,Urea
136.4,83.18,136.26,6.48,974.24,31.77,Satara,Black,Sugarcane,Urea
140.63,79.18,42.66,7.0,595.15,24.01,Sangli,Black,Maize,SSP
88.16,43.69,46.09,6.6,695.28,22.52,Satara,Black,Wheat,19:19:19 NPK
111.84,63.59,101.17,8.1,1248.24,29.24,Pune,Black,Sugarcane,MOP
133.26,81.92,137.27,7.62,942.65,29.47,Satara,Black,Sugarcane,MOP
138.26,71.66,54.96,8.33,1112.92,29.83,Solapur,Black,Sugarcane,MOP
127.85,68.47,128.86,7.65,1317.4,28.88,Pune,Black,Sugarcane,Urea
99.93,68.27,138.15,8.11,1324.56,29.64,Pune,Black,Sugarcane,Urea
143.11,78.03,58.24,7.45,594.84,27.27,Sangli,Black,Maize,SSP
141.14,78.6,50.5,7.07,627.55,26.17,Sangli,Dark Brown,Maize,Urea
116.76,71.06,117.96,7.28,977.54,27.23,Pune,Black,Sugarcane,MOP
104.33,71.51,86.27,7.96,1040.25,26.57,Kolhapur,Dark Brown,Maize,Urea
84.13,62.5,88.38,6.6,620.1,22.91,Satara,Black,Wheat,19:19:19 NPK
111.17,44.18,43.76,6.86,863.25,18.73,Sangli,Black,Wheat,Urea
95.63,45.74,47.83,6.31,647.6,17.44,Kolhapur,Dark Brown,Wheat,19:19:19 NPK
137.77,81.32,45.09,8.42,1053.07,28.58,Solapur,Black,Sugarcane,MOP
126.72,74.02,137.23,7.94,1214.26,29.52,Pune,Black,Sugarcane,MOP
109.42,43.66,49.7,6.42,838.09,22.55,Kolhapur,Dark Brown,Wheat,19:19:19 NPK
141.76,74.36,45.6,7.77,486.4,26.22,Kolhapur,Dark Brown,Maize,SSP
124.25,70.75,128.29,7.98,1289.41,24.83,Pune,Black,Sugarcane,Urea
138.11,84.64,140.54,6.92,822.81,28.14,Satara,Black,Sugarcane,DAP
48.12,32.93,34.31,7.05,667.41,26.1,Kolhapur,Black,Jowar,Urea
120.39,54.55,47.27,6.78,831.62,18.58,Sangli,Black,Maize,SSP
143.53,81.87,44.27,8.43,1050.03,28.27,Solapur,Black,Sugarcane,MOP
134.7,84.12,140.17,7.99,1077.14,25.39,Satara,Black,Sugarcane,DAP
136.21,82.23,129.04,7.59,929.47,30.98,Satara,Black,Sugarcane,DAP
136.92,76.52,138.81,7.89,1303.83,31.55,Pune,Black,Sugarcane,MOP
141.5,76.11,57.22,7.34,760.25,25.58,Pune,Dark Brown,Maize,Urea
117.8,50.57,37.48,6.43,907.56,22.18,Kolhapur,Dark Brown,Wheat,19:19:19 NPK
119.78,56.9,39.91,6.6,855.46,24.28,Kolhapur,Dark Brown,Wheat,19:19:19 NPK
137.47,80.45,56.63,8.35,1150.23,31.08,Solapur,Black,Sugarcane,MOP
95.41,70.67,48.84,7.75,833.54,26.5,Kolhapur,Dark Brown,Maize,Urea
134.6,77.07,95.87,7.93,989.73,32.54,Solapur,Black,Sugarcane,MOP
53.38,49.5,53.34,6.52,797.28,25.32,Satara,Black,Ginger,Urea
92.98,42.08,46.62,6.21,789.86,19.43,Kolhapur,Dark Brown,Wheat,19:19:19 NPK
74.46,55.61,62.95,6.98,688.16,22.86,Satara,Black,Wheat,19:19:19 NPK
94.12,44.84,40.09,6.33,772.88,19.35,Kolhapur,Dark Brown,Wheat,19:19:19 NPK
136.57,80.68,144.8,7.75,1033.95,27.39,Satara,Black,Sugarcane,Urea
139.78,81.18,43.27,7.94,390.4,28.23,Kolhapur,Dark Brown,Maize,MOP
98.66,52.38,31.53,6.08,843.38,20.72,Kolhapur,Dark Brown,Wheat,19:19:19 NPK
135.67,77.73,83.18,8.18,1143.0,32.12,Solapur,Black,Sugarcane,MOP
45.48,24.57,38.19,7.44,644.91,23.66,Kolhapur,Dark Brown,Jowar,Urea
143.74,79.8,47.66,7.58,584.33,24.45,Kolhapur,Dark Brown,Maize,Urea
101.45,47.85,39.22,6.07,750.39,18.2,Kolhapur,Dark Brown,Wheat,19:19:19 NPK
123.69,78.52,132.02,7.47,871.64,29.3,Satara,Black,Sugarcane,MOP
140.27,84.79,137.53,7.34,818.95,30.53,Satara,Black,Sugarcane,MOP
102.15,40.88,48.72,6.45,885.83,17.42,Sangli,Black,Wheat,Urea
119.84,61.67,54.53,6.75,826.06,23.44,Sangli,Black,Wheat,19:19:19 NPK
70.89,56.25,92.73,8.07,1236.2,27.55,Kolhapur,Black,Sugarcane,MOP
139.1,79.97,45.97,8.42,1040.24,28.52,Solapur,Black,Sugarcane,MOP
137.71,81.93,99.24,8.37,1123.61,28.32,Satara,Black,Sugarcane,DAP
87.65,43.44,42.46,6.92,732.27,19.29,Kolhapur,Dark Brown,Wheat,Urea
120.59,76.61,124.06,7.54,861.89,30.4,Satara,Black,Sugarcane,MOP
139.8,75.98,87.35,8.15,1236.69,28.14,Solapur,Black,Sugarcane,MOP
137.31,78.81,143.44,7.67,968.62,27.38,Satara,Black,Sugarcane,Urea
146.12,83.69,44.69,7.42,466.03,27.17,Sangli,Black,Maize,SSP
23.64,27.94,50.02,6.74,773.85,25.01,Satara,Black,Ginger,DAP
135.86,74.31,131.02,7.65,1181.6,23.75,Pune,Black,Sugarcane,Urea
96.11,54.01,49.44,6.05,913.47,22.25,Kolhapur,Dark Brown,Wheat,Urea
25.55,21.69,43.99,7.8,808.39,30.48,Pune,Black,Jowar,DAP
133.04,78.45,126.43,8.03,1053.89,30.28,Satara,Black,Sugarcane,MOP
141.66,80.0,39.02,7.59,499.43,23.68,Sangli,Black,Maize,SSP
129.35,70.69,51.93,8.05,524.29,29.03,Kolhapur,Dark Brown,Maize,MOP
42.07,23.56,42.98,7.32,698.41,21.42,Kolhapur,Dark Brown,Wheat,Urea
138.38,75.91,91.96,7.3,787.19,32.78,Sangli,Black,Maize,MOP
134.89,84.48,134.57,7.56,853.06,29.07,Satara,Black,Sugarcane,MOP
126.91,66.01,111.07,7.3,716.78,20.59,Satara,Black,Sugarcane,Urea
117.74,52.52,40.9,6.67,972.87,19.59,Sangli,Black,Wheat,19:19:19 NPK
136.94,82.15,132.63,7.29,908.62,28.36,Satara,Black,Sugarcane,DAP
129.9,81.11,147.32,7.78,1074.57,30.79,Pune,Black,Sugarcane,MOP
113.83,65.05,135.08,7.86,1308.78,30.1,Pune,Black,Sugarcane,MOP
140.19,76.4,91.44,8.03,1189.73,32.87,Satara,Black,Sugarcane,MOP
60.42,64.26,78.88,6.24,727.01,24.66,Satara,Black,Wheat,19:19:19 NPK
140.59,85.92,143.04,6.79,792.91,28.89,Satara,Black,Sugarcane,DAP
89.83,45.38,54.83,6.63,739.12,21.12,Kolhapur,Dark Brown,Wheat,Urea
144.4,77.67,50.69,7.45,611.87,27.0,Kolhapur,Dark Brown,Maize,SSP
72.74,57.01,78.68,6.48,847.17,24.52,Satara,Black,Ginger,Urea
129.03,63.27,44.26,6.74,774.03,20.73,Sangli,Black,Wheat,19:19:19 NPK
138.57,78.4,50.25,7.47,583.67,27.33,Sangli,Black,Maize,MOP
128.24,74.75,43.2,6.86,627.21,26.06,Sangli,Black,Maize,SSP
98.4,60.61,40.68,6.02,810.79,23.02,Kolhapur,Dark Brown,Wheat,19:19:19 NPK
52.5,50.63,61.08,6.4,709.73,23.66,Satara,Black,Ginger,Urea
86.04,45.56,42.35,6.75,579.13,17.76,Kolhapur,Dark Brown,Wheat,Urea
103.34,50.89,46.76,6.38,790.74,22.47,Kolhapur,Dark Brown,Wheat,Urea
130.39,79.73,143.93,7.84,1125.35,31.04,Pune,Black,Sugarcane,MOP
65.22,51.14,44.3,6.14,719.27,18.19,Kolhapur,Dark Brown,Wheat,Urea
100.41,51.31,48.55,6.2,750.48,19.08,Kolhapur,Dark Brown,Wheat,19:19:19 NPK
115.83,79.62,128.44,6.57,1029.61,26.26,Satara,Black,Sugarcane,DAP
134.2,81.61,61.97,8.47,1033.81,20.68,Solapur,Black,Sugarcane,DAP
138.01,76.3,65.85,8.24,1174.08,30.79,Solapur,Black,Sugarcane,MOP
114.14,64.19,114.56,8.03,1308.98,29.18,Pune,Black,Sugarcane,MOP
110.49,52.76,41.85,6.15,816.29,22.04,Kolhapur,Dark Brown,Wheat,19:19:19 NPK
132.36,68.23,62.84,6.98,881.41,25.49,Sangli,Black,Wheat,Urea
120.41,74.06,129.18,6.99,734.54,20.49,Satara,Black,Sugarcane,Urea
99.24,48.34,54.16,6.21,858.64,21.99,Kolhapur,Dark Brown,Wheat,Urea
96.15,63.62,48.41,7.28,731.64,25.58,Sangli,Black,Wheat,MOP
104.93,40.37,43.48,6.44,701.65,19.16,Kolhapur,Dark Brown,Wheat,19:19:19 NPK
141.4,79.48,41.41,7.23,536.02,23.35,Sangli,Black,Maize,Urea
138.92,81.13,49.17,8.41,1028.17,30.2,Solapur,Black,Sugarcane,MOP
95.8,43.19,42.77,6.51,847.67,17.96,Kolhapur,Dark Brown,Wheat,19:19:19 NPK
144.8,84.04,45.17,7.53,430.07,24.13,Sangli,Black,Maize,SSP
149.22,83.91,38.95,8.21,335.71,29.8,Kolhapur,Dark Brown,Maize,MOP
87.79,53.45,37.78,6.61,685.98,26.02,Satara,Black,Wheat,19:19:19 NPK
138.19,76.38,66.21,8.26,1127.1,29.63,Solapur,Black,Sugarcane,MOP
102.43,57.52,53.04,6.09,828.14,20.14,Kolhapur,Dark Brown,Wheat,Urea
122.12,78.52,112.71,8.24,1176.4,31.2,Satara,Black,Sugarcane,DAP
118.44,54.16,39.44,6.5,973.75,23.79,Kolhapur,Dark Brown,Wheat,19:19:19 NPK
107.64,58.12,51.22,7.1,794.98,18.58,Sangli,Black,Wheat,Urea
132.58,78.96,138.62,7.79,1112.43,30.26,Pune,Black,Sugarcane,MOP
147.66,81.87,44.14,7.75,379.43,27.24,Kolhapur,Dark Brown,Maize,SSP
37.11,51.42,53.31,6.07,856.75,30.91,Satara,Black,Ginger,Urea
132.64,75.35,84.73,8.09,1046.57,30.56,Solapur,Black,Sugarcane,MOP
140.9,79.3,45.05,7.13,529.85,23.02,Sangli,Black,Maize,Urea
132.01,73.52,54.01,7.51,634.8,27.96,Sangli,Black,Maize,MOP
132.31,80.39,133.64,6.54,958.56,27.82,Satara,Black,Sugarcane,Urea
80.05,49.0,54.83,7.16,478.94,17.04,Satara,Black,Wheat,Urea
111.93,60.99,98.25,8.04,1246.86,29.25,Pune,Black,Sugarcane,MOP
102.84,78.01,123.24,6.1,1055.0,23.0,Satara,Black,Sugarcane,MOP
133.82,83.89,140.12,7.54,840.54,27.53,Satara,Black,Sugarcane,DAP
122.12,52.24,49.71,6.93,919.27,18.72,Sangli,Black,Wheat,19:19:19 NPK
49.37,57.65,66.24,6.5,825.09,24.88,Satara,Black,Ginger,Urea
54.73,48.7,51.25,6.19,669.72,20.23,Satara,Black,Wheat,Urea
84.33,36.76,49.64,6.83,706.15,16.71,Sangli,Black,Wheat,19:19:19 NPK
129.82,58.77,51.49,7.08,774.52,22.64,Sangli,Black,Maize,SSP
142.31,79.85,70.58,8.27,1112.56,30.87,Solapur,Black,Sugarcane,MOP
108.1,51.85,49.34,5.9,746.13,20.38,Kolhapur,Dark Brown,Wheat,19:19:19 NPK
141.65,84.45,143.25,7.06,843.73,28.52,Satara,Black,Sugarcane,Urea
142.7,71.64,56.98,7.95,671.18,31.81,Sangli,Black,Maize,MOP
106.44,46.42,51.73,6.53,858.58,16.5,Sangli,Black,Wheat,Urea
36.69,44.36,38.24,6.5,666.51,26.04,Satara,Black,Jowar,Urea
89.74,53.87,55.89,5.93,800.14,21.77,Kolhapur,Dark Brown,Wheat,19:19:19 NPK
124.53,75.15,100.41,8.03,979.93,30.07,Solapur,Black,Sugarcane,MOP
139.37,79.86,39.95,7.12,526.58,23.76,Sangli,Black,Maize,Urea
95.81,57.61,51.64,6.06,833.69,18.32,Kolhapur,Dark Brown,Wheat,Urea
136.43,73.75,46.19,7.82,541.79,29.32,Kolhapur,Dark Brown,Maize,MOP
134.22,75.68,133.48,7.36,1122.28,32.73,Pune,Black,Sugarcane,MOP
114.48,80.95,141.09,7.78,1246.99,22.39,Pune,Black,Sugarcane,DAP
108.09,59.28,46.41,6.07,782.28,22.84,Kolhapur,Dark Brown,Wheat,19:19:19 NPK
114.93,54.37,36.21,6.33,908.6,22.63,Kolhapur,Dark Brown,Wheat,19:19:19 NPK
141.76,78.45,96.04,7.45,931.44,25.14,Pune,Black,Sugarcane,Urea
57.81,46.78,46.88,6.62,667.8,15.96,Kolhapur,Dark Brown,Wheat,Urea
139.38,78.44,140.81,7.47,1206.83,26.62,Pune,Black,Sugarcane,Urea
117.96,67.05,105.68,6.92,775.26,22.83,Satara,Black,Sugarcane,Urea
134.94,83.13,137.15,7.52,853.61,28.66,Satara,Black,Sugarcane,MOP
144.01,78.79,40.55,7.77,547.16,27.72,Kolhapur,Dark Brown,Maize,SSP
108.38,81.67,140.67,7.68,1170.84,25.34,Satara,Black,Sugarcane,DAP
131.87,70.81,129.02,7.7,1235.2,30.56,Pune,Black,Sugarcane,MOP
101.15,60.06,48.95,5.91,682.01,19.3,Kolhapur,Dark Brown,Wheat,19:19:19 NPK
116.98,74.82,122.12,6.33,970.25,27.29,Satara,Black,Sugarcane,Urea
132.74,74.02,62.34,8.23,1150.3,31.18,Solapur,Black,Sugarcane,MOP
58.91,53.43,46.7,6.84,584.2,20.76,Satara,Black,Wheat,19:19:19 NPK
136.09,81.04,133.62,7.44,988.16,28.9,Satara,Black,Sugarcane,MOP
89.14,58.72,95.1,6.99,701.45,19.8,Satara,Black,Wheat,Urea
132.25,73.68,109.97,8.18,1112.16,30.12,Pune,Black,Sugarcane,MOP
75.92,56.64,53.02,6.1,656.88,15.87,Kolhapur,Dark Brown,Wheat,19:19:19 NPK
125.64,82.12,144.79,8.22,1422.66,23.94,Pune,Black,Sugarcane,DAP
133.88,81.54,139.03,7.54,962.78,32.47,Satara,Black,Sugarcane,MOP
136.11,76.61,87.97,8.2,1178.27,31.58,Solapur,Black,Sugarcane,MOP
148.23,82.25,43.06,8.07,362.35,29.01,Kolhapur,Dark Brown,Maize,SSP
58.88,66.28,94.9,6.07,1069.9,26.16,Satara,Black,Ginger,Urea
137.03,81.91,96.23,8.43,1156.9,26.02,Pune,Black,Sugarcane,DAP
24.18,27.14,40.44,6.87,702.94,23.97,Kolhapur,Black,Jowar,Urea
85.8,49.84,41.35,6.27,631.78,18.07,Kolhapur,Dark Brown,Wheat,19:19:19 NPK
141.99,80.13,41.9,7.51,602.77,20.85,Kolhapur,Dark Brown,Maize,Urea
148.34,84.4,44.84,8.08,362.04,26.06,Kolhapur,Dark Brown,Maize,SSP
75.29,54.96,44.34,6.2,627.3,17.55,Kolhapur,Dark Brown,Wheat,19:19:19 NPK
63.97,50.88,53.3,6.18,753.61,18.01,Kolhapur,Dark Brown,Wheat,Urea
140.45,83.82,143.47,7.26,874.96,29.48,Satara,Black,Sugarcane,Urea
131.38,83.44,139.81,7.9,919.07,25.12,Satara,Black,Sugarcane,DAP
138.41,73.27,137.02,8.08,1315.2,32.03,Pune,Black,Sugarcane,MOP
76.05,53.27,44.67,6.32,653.78,15.39,Kolhapur,Dark Brown,Wheat,Urea
137.05,77.8,131.82,6.61,1009.51,30.12,Satara,Black,Sugarcane,Urea
132.49,74.62,142.9,7.9,1348.06,26.26,Pune,Black,Sugarcane,Urea
135.43,82.15,131.76,7.35,857.08,30.08,Satara,Black,Sugarcane,DAP
104.45,44.63,45.02,6.28,731.37,19.01,Kolhapur,Dark Brown,Wheat,19:19:19 NPK
122.42,54.25,27.46,6.54,955.65,25.42,Kolhapur,Dark Brown,Wheat,19:19:19 NPK
118.75,55.21,72.05,7.42,782.49,18.87,Sangli,Black,Wheat,Urea
80.05,43.98,41.83,6.29,600.94,18.72,Satara,Dark Brown,Wheat,19:19:19 NPK
90.62,61.72,46.56,5.93,880.64,22.75,Kolhapur,Dark Brown,Wheat,19:19:19 NPK
135.15,83.75,38.93,8.49,661.69,25.02,Solapur,Black,Cotton,DAP
134.65,70.99,130.03,8.17,1305.94,31.28,Pune,Black,Sugarcane,MOP
105.02,61.14,71.22,8.04,918.45,28.65,Kolhapur,Dark Brown,Maize,MOP
141.79,82.81,146.67,7.48,1037.54,28.28,Satara,Black,Sugarcane,Urea
139.37,80.71,123.75,7.86,994.89,30.45,Satara,Black,Sugarcane,MOP
140.25,85.67,147.78,7.34,879.11,30.76,Satara,Black,Sugarcane,MOP
148.42,86.08,40.87,8.0,341.48,24.5,Kolhapur,Dark Brown,Maize,SSP
117.01,76.87,127.45,6.42,860.44,27.65,Satara,Black,Sugarcane,MOP
116.75,83.27,41.03,8.49,579.27,28.37,Solapur,Black,Cotton,DAP
26.59,33.54,38.48,6.9,686.36,26.76,Satara,Black,Jowar,Urea
86.77,45.93,39.95,6.9,690.43,19.17,Kolhapur,Dark Brown,Wheat,Urea
134.25,79.84,125.85,7.73,1043.25,32.39,Satara,Black,Sugarcane,DAP
138.5,77.26,36.29,7.56,680.64,22.09,Kolhapur,Dark Brown,Maize,Urea
135.51,84.13,141.89,7.88,1063.7,27.27,Satara,Black,Sugarcane,DAP
130.56,80.22,61.83,8.45,1008.16,25.59,Solapur,Black,Sugarcane,DAP
133.34,78.92,126.04,7.74,1055.84,33.29,Satara,Black,Sugarcane,MOP
133.27,70.63,103.15,7.62,1196.07,21.66,Pune,Black,Sugarcane,Urea
134.29,76.7,45.55,6.9,593.79,25.11,Sangli,Black,Maize,SSP
114.11,73.83,123.54,6.33,1009.14,30.24,Satara,Black,Sugarcane,Urea
140.39,81.33,45.43,8.4,1088.0,29.97,Solapur,Black,Sugarcane,MOP
80.48,59.86,63.42,7.1,678.07,24.27,Satara,Black,Wheat,19:19:19 NPK
130.41,79.81,120.21,7.88,989.81,31.52,Satara,Black,Sugarcane,MOP
133.37,65.93,39.47,6.89,683.12,21.34,Kolhapur,Black,Maize,19:19:19 NPK
134.51,82.31,146.33,7.51,958.5,27.94,Satara,Black,Sugarcane,MOP
138.47,74.87,43.43,7.09,628.66,27.69,Sangli,Black,Maize,SSP
120.54,67.71,120.31,7.63,1257.4,25.4,Pune,Black,Sugarcane,Urea
25.57,36.87,35.99,6.39,704.34,25.47,Satara,Black,Jowar,Urea
138.87,77.77,145.53,7.88,1248.27,25.36,Pune,Black,Sugarcane,Urea
78.15,49.54,61.84,6.01,768.54,17.38,Kolhapur,Dark Brown,Wheat,Urea
137.01,75.84,39.69,7.07,532.04,25.39,Sangli,Black,Maize,SSP
140.15,79.44,55.28,8.35,1103.81,29.78,Solapur,Black,Sugarcane,MOP
139.24,82.04,39.2,8.43,1075.32,31.35,Solapur,Black,Sugarcane,MOP
70.67,44.71,40.05,6.94,572.07,16.38,Satara,Dark Brown,Wheat,Urea
126.58,69.79,92.81,7.67,944.9,27.52,Kolhapur,Dark Brown,Maize,Urea
147.07,80.93,30.35,8.03,366.28,32.58,Sangli,Black,Maize,MOP
137.26,84.6,139.43,6.91,840.91,31.09,Satara,Black,Sugarcane,Urea
139.67,78.85,77.8,8.35,1154.34,26.55,Solapur,Black,Sugarcane,DAP
145.72,81.56,45.74,7.73,450.77,27.54,Sangli,Dark Brown,Maize,MOP
133.7,72.06,46.43,7.36,754.33,23.5,Sangli,Dark Brown,Maize,Urea
58.97,55.66,44.79,6.59,578.62,25.07,Satara,Black,Wheat,19:19:19 NPK
77.31,51.76,45.12,6.54,529.86,18.12,Satara,Black,Wheat,19:19:19 NPK
138.91,78.62,141.66,7.4,1287.74,27.76,Pune,Black,Sugarcane,Urea
138.91,81.95,105.68,7.79,1068.26,28.9,Satara,Black,Sugarcane,MOP
138.28,82.79,132.86,7.81,873.78,26.33,Satara,Black,Sugarcane,MOP
136.98,77.44,97.42,8.14,1113.21,31.04,Solapur,Black,Sugarcane,MOP
56.84,52.93,45.99,6.09,782.92,20.36,Kolhapur,Dark Brown,Wheat,Urea
96.9,61.25,75.21,8.19,1179.19,27.81,Kolhapur,Black,Sugarcane,MOP
62.1,37.48,32.62,7.48,524.94,14.94,Satara,Black,Wheat,Urea
119.67,54.92,34.95,6.59,861.61,19.43,Kolhapur,Dark Brown,Wheat,19:19:19 NPK
133.39,84.16,139.74,6.84,834.55,30.03,Satara,Black,Sugarcane,DAP
95.18,50.39,42.21,6.16,724.07,18.27,Kolhapur,Dark Brown,Wheat,19:19:19 NPK
134.96,82.01,147.49,7.8,1104.65,31.09,Pune,Black,Sugarcane,MOP
136.55,79.64,115.15,8.0,1044.51,31.57,Satara,Black,Sugarcane,DAP
92.37,44.15,58.41,6.31,851.4,20.53,Kolhapur,Dark Brown,Wheat,Urea
136.41,77.51,65.12,8.33,1132.99,29.87,Solapur,Black,Sugarcane,DAP
136.46,76.89,82.89,8.29,1089.37,28.56,Solapur,Black,Sugarcane,MOP
137.77,73.51,115.74,7.53,1192.56,24.71,Pune,Black,Sugarcane,Urea
128.23,79.43,144.56,8.43,1423.73,22.86,Pune,Black,Sugarcane,DAP
98.07,69.86,100.59,6.33,1018.15,28.91,Satara,Black,Sugarcane,Urea
134.38,81.82,134.48,8.17,988.6,27.1,Satara,Black,Sugarcane,DAP
100.03,54.58,45.88,5.96,877.68,24.36,Kolhapur,Dark Brown,Wheat,Urea
34.34,44.74,38.97,6.32,765.39,29.38,Satara,Black,Jowar,Urea
135.88,81.3,118.07,7.93,973.93,30.34,Satara,Black,Sugarcane,MOP
132.75,78.08,70.64,8.26,1116.52,31.76,Solapur,Black,Sugarcane,MOP
107.68,40.64,48.33,6.63,754.33,19.51,Sangli,Black,Wheat,Urea
140.57,83.75,138.31,6.79,838.34,30.5,Satara,Black,Sugarcane,Urea
133.9,84.13,142.71,6.76,913.36,28.86,Satara,Black,Sugarcane,MOP
99.27,52.94,56.66,6.25,783.18,20.93,Kolhapur,Dark Brown,Wheat,Urea
121.87,71.82,48.51,7.66,594.22,26.74,Kolhapur,Dark Brown,Maize,MOP
125.44,82.6,37.01,8.49,654.94,22.94,Solapur,Black,Cotton,DAP
113.72,68.02,98.77,8.18,1274.34,29.34,Solapur,Black,Sugarcane,MOP
86.08,58.9,56.91,5.98,782.22,18.24,Kolhapur,Dark Brown,Wheat,Urea
131.24,73.32,138.55,7.57,1267.13,30.43,Pune,Black,Sugarcane,MOP
145.22,78.86,48.96,7.61,537.52,27.77,Kolhapur,Dark Brown,Maize,SSP
131.9,77.43,36.35,7.21,534.67,21.49,Sangli,Black,Maize,Urea
116.89,49.02,42.92,6.89,862.35,21.42,Sangli,Black,Maize,SSP
135.43,82.31,135.34,7.62,923.03,30.72,Satara,Black,Sugarcane,MOP
137.36,73.89,135.13,7.39,1084.23,25.16,Satara,Black,Sugarcane,Urea
136.8,76.51,142.72,7.69,1284.0,25.93,Pune,Black,Sugarcane,Urea
139.28,80.58,114.45,8.28,1151.67,26.94,Satara,Black,Sugarcane,DAP
26.06,18.42,23.89,7.58,559.93,32.6,Kolhapur,Black,Jowar,Urea
91.23,54.6,35.53,5.98,743.45,17.69,Kolhapur,Dark Brown,Wheat,19:19:19 NPK
140.38,83.8,143.35,7.19,759.18,30.7,Satara,Black,Sugarcane,Urea
52.07,47.5,46.6,6.56,670.12,19.75,Satara,Black,Wheat,Urea
116.74,65.03,120.49,7.8,1279.26,23.6,Pune,Black,Sugarcane,Urea
102.63,49.12,37.89,6.08,758.58,19.35,Kolhapur,Dark Brown,Wheat,19:19:19 NPK
141.73,78.52,138.37,6.8,880.32,25.84,Satara,Black,Sugarcane,Urea
84.13,54.0,50.31,6.18,815.07,19.37,Kolhapur,Dark Brown,Wheat,Urea
98.27,52.43,50.62,6.02,847.53,20.94,Kolhapur,Dark Brown,Wheat,19:19:19 NPK
100.95,53.0,43.77,6.49,798.72,22.79,Kolhapur,Dark Brown,Wheat,19:19:19 NPK
111.14,52.87,77.14,7.39,670.21,20.39,Satara,Black,Wheat,Urea
140.93,77.56,136.67,7.28,1117.12,24.87,Pune,Black,Sugarcane,Urea
107.0,61.88,32.01,5.96,968.84,21.69,Kolhapur,Dark Brown,Wheat,19:19:19 NPK
24.85,17.53,24.81,7.17,575.11,32.35,Satara,Black,Jowar,Urea
126.59,56.04,31.09,6.29,908.62,21.87,Kolhapur,Dark Brown,Wheat,19:19:19 NPK
108.15,45.8,42.04,6.37,759.54,22.15,Kolhapur,Dark Brown,Wheat,19:19:19 NPK
73.49,57.04,83.08,7.66,1088.63,27.34,Kolhapur,Dark Brown,Sugarcane,MOP
141.09,84.05,144.02,6.87,829.13,25.51,Satara,Black,Sugarcane,Urea
131.6,76.76,120.98,7.57,996.39,32.64,Satara,Black,Sugarcane,DAP
136.89,69.16,119.91,7.84,1234.2,30.98,Pune,Black,Sugarcane,MOP
129.9,82.83,141.21,6.96,882.58,26.36,Satara,Black,Sugarcane,MOP
135.26,79.16,140.79,6.95,1178.44,32.7,Pune,Black,Sugarcane,Urea
124.05,61.28,81.35,7.02,900.14,24.23,Sangli,Black,Wheat,Urea
134.83,76.92,142.44,7.97,1109.5,26.9,Pune,Black,Sugarcane,Urea
101.82,57.65,49.82,5.85,786.15,21.9,Kolhapur,Dark Brown,Wheat,19:19:19 NPK
131.41,76.84,104.25,8.04,1115.72,31.34,Satara,Black,Sugarcane,MOP
143.56,76.2,41.66,8.15,432.23,30.3,Sangli,Black,Maize,MOP
97.04,56.74,52.27,5.88,908.24,25.55,Kolhapur,Dark Brown,Wheat,Urea
65.05,41.7,47.92,7.02,564.4,19.03,Satara,Black,Wheat,Urea
133.43,77.95,41.01,7.43,695.32,18.46,Sangli,Black,Maize,Urea
33.42,59.06,92.38,7.69,824.39,21.27,Kolhapur,Dark Brown,Maize,SSP
121.18,47.72,46.87,6.65,829.81,19.36,Sangli,Black,Wheat,Urea
36.51,49.32,57.26,6.21,991.04,27.91,Satara,Black,Ginger,Urea
120.61,83.23,143.56,7.93,1270.43,24.27,Pune,Black,Sugarcane,DAP
137.1,76.36,74.24,8.12,1194.65,34.0,Solapur,Black,Sugarcane,MOP
106.69,55.14,38.83,6.98,815.35,18.52,Sangli,Black,Wheat,Urea
116.51,62.08,37.9,6.8,829.72,21.82,Sangli,Black,Wheat,19:19:19 NPK
145.07,80.56,34.86,7.74,480.78,27.33,Kolhapur,Dark Brown,Maize,Urea
133.5,73.53,46.87,7.1,692.3,20.61,Sangli,Black,Maize,SSP
89.53,55.13,37.07,6.42,792.64,24.25,Satara,Black,Wheat,19:19:19 NPK
140.69,80.14,43.61,8.39,1122.93,29.16,Solapur,Black,Sugarcane,MOP
134.04,81.05,127.3,7.64,897.11,31.16,Satara,Black,Sugarcane,MOP
135.88,80.53,37.88,7.78,577.43,26.05,Kolhapur,Dark Brown,Maize,Urea
141.59,77.98,70.84,8.27,1155.02,31.01,Solapur,Black,Sugarcane,MOP
44.89,36.44,30.68,6.84,720.04,25.4,Satara,Black,Jowar,Urea
133.43,75.24,47.98,8.29,1104.24,29.8,Solapur,Black,Sugarcane,MOP
124.34,57.98,35.62,6.65,815.02,23.17,Kolhapur,Dark Brown,Wheat,19:19:19 NPK
137.8,80.51,119.22,7.99,963.62,29.16,Satara,Black,Sugarcane,DAP
138.71,83.12,145.07,6.92,991.09,30.15,Satara,Black,Sugarcane,MOP
122.09,75.1,133.14,7.69,1048.76,29.47,Satara,Black,Sugarcane,MOP
145.36,82.3,45.21,7.68,464.81,22.27,Kolhapur,Dark Brown,Maize,SSP
140.37,77.95,41.97,7.4,551.7,26.08,Sangli,Black,Maize,SSP
102.42,48.01,61.5,6.45,774.11,23.55,Sangli,Black,Wheat,19:19:19 NPK
129.55,78.44,131.11,7.95,1086.84,31.63,Satara,Black,Sugarcane,MOP
106.2,46.54,46.64,6.31,941.85,20.61,Kolhapur,Dark Brown,Wheat,19:19:19 NPK
141.16,77.62,140.09,7.3,1125.28,28.22,Satara,Black,Sugarcane,Urea
148.89,85.66,30.13,8.25,316.53,24.2,Kolhapur,Dark Brown,Maize,SSP
133.35,80.45,46.44,8.47,868.31,24.38,Solapur,Black,Sugarcane,DAP
107.67,48.23,43.08,6.3,919.39,20.99,Kolhapur,Dark Brown,Wheat,19:19:19 NPK
131.52,76.75,123.5,7.88,1013.32,28.22,Satara,Black,Sugarcane,MOP
90.84,59.27,61.65,5.88,762.71,18.87,Kolhapur,Dark Brown,Wheat,Urea
103.9,66.24,135.74,7.95,1358.91,29.96,Pune,Black,Sugarcane,MOP
132.17,73.44,48.34,7.36,554.67,27.19,Sangli,Black,Maize,MOP
99.25,68.72,80.85,8.09,1206.88,29.96,Solapur,Black,Sugarcane,MOP
91.9,46.35,42.22,6.4,648.4,21.02,Satara,Black,Wheat,19:19:19 NPK
145.29,79.48,95.48,7.42,794.28,29.96,Pune,Black,Maize,MOP
138.51,76.6,47.71,8.33,1133.27,30.0,Solapur,Black,Sugarcane,MOP
57.67,57.24,111.53,7.87,1341.76,29.2,Kolhapur,Black,Sugarcane,MOP
65.68,63.79,92.49,6.0,841.07,24.32,Satara,Black,Ginger,Urea
114.42,81.3,131.83,6.39,942.88,26.27,Satara,Black,Sugarcane,MOP
136.28,84.42,147.03,7.5,933.05,31.36,Satara,Black,Sugarcane,MOP
147.53,85.15,44.25,7.67,421.76,24.39,Kolhapur,Dark Brown,Maize,SSP
72.27,72.07,105.51,6.22,1023.82,29.61,Satara,Black,Ginger,Urea
117.61,58.0,37.76,6.32,928.2,23.12,Kolhapur,Dark Brown,Wheat,19:19:19 NPK
129.43,77.3,106.29,8.04,1041.24,30.42,Satara,Black,Sugarcane,MOP
84.1,54.83,108.29,7.88,1266.45,28.08,Kolhapur,Black,Sugarcane,Urea
122.96,65.87,132.7,7.88,1369.45,27.65,Pune,Black,Sugarcane,Urea
148.71,84.19,39.44,8.15,336.94,26.51,Kolhapur,Dark Brown,Maize,SSP
79.01,46.47,46.5,7.13,642.65,17.93,Kolhapur,Dark Brown,Wheat,Urea
119.66,76.39,126.49,8.04,1200.67,30.38,Pune,Black,Sugarcane,MOP
96.39,42.22,45.4,6.02,814.94,18.96,Kolhapur,Dark Brown,Wheat,19:19:19 NPK
71.26,58.67,117.71,8.1,1160.88,28.43,Pune,Black,Sugarcane,DAP
59.04,57.81,104.1,7.92,1229.52,26.07,Kolhapur,Black,Sugarcane,Urea
115.82,50.39,48.51,6.7,906.06,22.88,Sangli,Black,Wheat,19:19:19 NPK
101.9,50.18,48.76,6.18,685.83,19.35,Kolhapur,Dark Brown,Wheat,19:19:19 NPK
139.5,75.23,67.21,7.97,830.68,30.76,Solapur,Black,Sugarcane,MOP
113.05,79.17,134.21,7.53,1210.15,24.94,Satara,Black,Sugarcane,DAP
35.31,53.04,64.73,6.28,911.21,24.63,Satara,Black,Ginger,Urea
139.29,83.34,44.55,8.45,900.73,29.98,Solapur,Black,Sugarcane,MOP
72.02,49.83,56.6,5.95,811.85,18.44,Kolhapur,Dark Brown,Wheat,Urea
131.3,79.02,88.45,8.13,1167.49,31.91,Satara,Black,Sugarcane,DAP
132.99,82.48,137.51,7.33,1003.52,29.67,Satara,Black,Sugarcane,MOP
136.21,77.03,105.78,7.88,1092.76,32.93,Satara,Black,Sugarcane,MOP
130.91,78.77,144.76,7.92,1161.27,31.25,Pune,Black,Sugarcane,MOP
129.7,79.38,63.61,8.4,1108.8,28.29,Solapur,Black,Sugarcane,DAP
149.72,86.56,31.03,8.23,310.93,27.83,Kolhapur,Dark Brown,Maize,SSP
133.99,79.38,133.2,7.42,934.27,30.57,Satara,Black,Sugarcane,Urea
88.37,70.61,110.76,6.91,1091.05,28.57,Satara,Black,Sugarcane,DAP
102.43,53.31,48.34,6.17,726.72,19.14,Kolhapur,Dark Brown,Wheat,19:19:19 NPK
78.88,42.99,40.17,6.91,603.6,17.91,Satara,Dark Brown,Wheat,Urea
135.13,83.21,142.91,6.64,951.77,29.27,Satara,Black,Sugarcane,Urea
145.29,83.12,40.62,7.53,471.76,25.06,Sangli,Black,Maize,SSP
73.62,44.86,37.59,6.97,858.57,24.03,Kolhapur,Dark Brown,Wheat,Urea
97.05,57.26,48.62,5.82,810.8,21.25,Kolhapur,Dark Brown,Wheat,19:19:19 NPK
127.43,71.61,141.08,7.96,1275.92,30.56,Pune,Black,Sugarcane,MOP
149.7,87.73,21.07,8.4,303.16,25.81,Kolhapur,Dark Brown,Maize,SSP
102.2,67.36,81.01,7.84,882.98,27.24,Kolhapur,Dark Brown,Maize,MOP
94.08,37.92,50.45,6.64,831.59,14.58,Sangli,Black,Wheat,Urea
142.43,79.3,43.17,7.71,539.57,26.33,Kolhapur,Dark Brown,Maize,Urea
91.47,46.24,42.76,6.56,750.66,22.53,Satara,Black,Wheat,19:19:19 NPK
109.48,72.99,109.14,6.47,864.88,29.96,Satara,Black,Sugarcane,Urea
131.34,75.87,41.5,6.93,576.1,24.39,Sangli,Black,Maize,SSP
113.83,81.04,47.74,8.49,812.86,27.17,Solapur,Black,Cotton,DAP
72.08,54.16,50.18,6.11,704.33,18.56,Kolhapur,Dark Brown,Wheat,Urea
136.79,78.04,42.69,6.94,540.95,21.83,Sangli,Black,Maize,SSP
67.23,51.14,37.38,6.28,600.05,20.21,Satara,Black,Wheat,19:19:19 NPK
67.23,46.05,44.96,6.61,687.01,19.69,Kolhapur,Dark Brown,Wheat,Urea
130.15,75.01,40.81,6.83,582.51,24.82,Sangli,Black,Maize,SSP
32.38,36.21,36.64,6.33,738.84,25.33,Satara,Black,Jowar,Urea
134.08,74.06,135.76,7.76,1253.97,27.19,Pune,Black,Sugarcane,Urea
39.15,59.74,84.27,6.53,984.78,21.42,Satara,Black,Ginger,DAP
137.64,77.87,49.91,8.28,1134.21,31.47,Solapur,Black,Sugarcane,MOP
140.45,84.89,139.36,6.79,933.37,28.48,Satara,Black,Sugarcane,DAP
116.54,81.73,130.72,7.11,1015.7,31.4,Satara,Black,Sugarcane,DAP
147.22,82.6,42.62,7.97,419.35,24.45,Kolhapur,Dark Brown,Maize,SSP
102.23,45.62,44.25,6.87,858.18,19.42,Sangli,Black,Wheat,Urea
143.27,75.94,80.03,7.74,775.82,31.87,Pune,Black,Maize,MOP
84.89,53.35,54.62,6.51,598.85,23.04,Satara,Black,Wheat,19:19:19 NPK
95.58,63.77,110.91,7.8,1233.61,23.34,Kolhapur,Black,Sugarcane,Urea
128.17,67.69,105.53,8.18,1296.37,30.04,Pune,Black,Sugarcane,MOP
42.64,52.97,48.26,6.05,767.03,18.01,Satara,Black,Wheat,Ammonium Sulphate
137.87,85.45,41.08,8.46,930.74,30.33,Solapur,Black,Sugarcane,MOP
136.11,74.13,36.34,7.49,602.98,25.44,Sangli,Black,Maize,SSP
139.18,81.15,120.28,7.85,1015.32,31.29,Satara,Black,Sugarcane,MOP
99.29,47.8,44.48,6.05,804.56,21.44,Kolhapur,Dark Brown,Wheat,19:19:19 NPK
144.89,81.02,31.82,7.76,524.12,26.08,Kolhapur,Dark Brown,Maize,Urea
139.26,82.14,143.33,6.63,865.11,27.94,Satara,Black,Sugarcane,Urea
127.31,83.63,144.02,6.49,897.33,29.88,Satara,Black,Sugarcane,MOP
100.81,71.62,107.99,8.06,1159.2,27.81,Kolhapur,Black,Sugarcane,Urea
131.92,79.56,102.27,8.37,1133.36,28.48,Satara,Black,Sugarcane,DAP
120.16,70.0,110.67,7.03,872.09,25.42,Satara,Black,Sugarcane,Urea
117.59,49.12,37.46,6.51,926.8,24.36,Kolhapur,Dark Brown,Wheat,19:19:19 NPK
91.05,61.45,46.42,5.8,915.15,26.46,Kolhapur,Dark Brown,Wheat,19:19:19 NPK
134.86,74.68,106.71,8.18,1134.15,31.13,Pune,Black,Sugarcane,MOP
137.06,70.69,109.57,8.3,1251.8,32.14,Pune,Black,Sugarcane,MOP
60.46,50.66,59.44,6.14,764.07,20.61,Satara,Black,Wheat,Urea
140.9,85.09,143.59,6.91,848.08,29.5,Satara,Black,Sugarcane,Urea
80.36,62.49,75.2,6.85,635.71,28.98,Satara,Black,Wheat,19:19:19 NPK
147.48,82.92,37.56,8.11,358.93,29.93,Sangli,Black,Maize,MOP
145.71,81.02,29.57,7.88,439.53,24.64,Kolhapur,Dark Brown,Maize,Urea
135.54,73.43,54.15,7.03,699.37,27.42,Sangli,Black,Maize,Urea
138.65,76.55,128.86,7.07,930.76,24.22,Satara,Black,Sugarcane,Urea
134.39,82.31,142.31,7.42,966.95,28.68,Satara,Black,Sugarcane,MOP
110.29,60.22,39.97,7.01,682.93,21.1,Sangli,Black,Maize,Urea
90.57,53.51,55.09,5.86,838.5,20.99,Kolhapur,Dark Brown,Wheat,Urea
47.19,55.5,55.39,6.35,797.08,18.81,Satara,Black,Wheat,Urea
110.26,61.56,50.67,6.77,622.63,30.09,Sangli,Black,Maize,MOP
142.65,80.21,43.28,7.74,511.68,29.64,Sangli,Black,Maize,MOP
144.1,81.42,41.27,7.57,442.1,22.13,Sangli,Black,Maize,SSP
129.02,69.52,140.93,7.98,1368.78,29.17,Pune,Black,Sugarcane,Urea
58.17,81.36,116.65,8.5,971.73,24.54,Pune,Black,Cotton,DAP
140.35,81.31,54.77,8.39,966.74,29.37,Solapur,Black,Sugarcane,MOP
136.45,74.32,78.54,7.68,996.97,20.3,Pune,Black,Sugarcane,Urea
139.41,77.43,92.3,8.14,1103.8,29.97,Solapur,Black,Sugarcane,MOP
98.0,57.72,44.24,5.95,773.46,17.23,Kolhapur,Dark Brown,Wheat,19:19:19 NPK
107.34,60.34,39.48,5.97,806.96,22.41,Kolhapur,Dark Brown,Wheat,19:19:19 NPK
137.56,81.36,138.52,6.9,888.21,25.15,Satara,Black,Sugarcane,Urea
141.35,74.94,51.71,7.37,657.21,28.04,Kolhapur,Dark Brown,Maize,Urea
145.08,83.63,146.34,7.03,941.22,26.65,Satara,Black,Sugarcane,Urea
111.23,66.23,109.38,7.75,1215.56,25.35,Kolhapur,Black,Sugarcane,Urea
91.48,78.26,134.38,6.98,1129.63,23.83,Satara,Black,Sugarcane,DAP
87.62,43.04,49.37,7.86,468.55,15.47,Satara,Black,Wheat,Urea
129.45,75.42,38.26,7.69,545.57,29.34,Sangli,Black,Maize,MOP
110.84,77.62,124.29,6.31,843.03,24.78,Satara,Black,Sugarcane,19:19:19 NPK
134.74,80.78,86.11,8.36,1164.85,27.11,Solapur,Black,Sugarcane,DAP
133.9,83.15,142.28,7.91,1280.91,23.09,Pune,Black,Sugarcane,DAP
139.02,74.73,140.59,7.75,1219.37,21.58,Pune,Black,Sugarcane,Urea
135.83,75.99,51.36,8.3,1168.31,27.9,Solapur,Black,Sugarcane,MOP
103.0,61.36,42.16,5.85,731.41,21.3,Kolhapur,Dark Brown,Wheat,19:19:19 NPK
90.45,47.94,47.93,6.78,750.8,20.59,Kolhapur,Dark Brown,Wheat,Urea
83.69,45.8,42.7,6.5,573.09,20.44,Satara,Black,Wheat,19:19:19 NPK
106.53,57.25,48.46,6.07,852.77,23.68,Kolhapur,Dark Brown,Wheat,19:19:19 NPK
144.43,81.45,43.74,7.44,476.04,24.61,Sangli,Black,Maize,SSP
141.01,83.64,138.82,6.8,962.05,32.12,Satara,Black,Sugarcane,Urea
50.21,57.42,59.5,6.43,681.98,20.18,Satara,Black,Wheat,19:19:19 NPK
63.3,47.87,45.27,6.68,579.38,16.64,Kolhapur,Dark Brown,Wheat,Urea
77.9,29.7,41.76,7.2,845.11,24.6,Kolhapur,Dark Brown,Wheat,Urea
136.37,81.57,129.37,7.96,986.68,28.08,Satara,Black,Sugarcane,DAP
51.37,51.97,50.86,6.45,910.6,31.05,Satara,Black,Ginger,Urea
37.87,41.57,37.02,6.51,713.44,26.14,Satara,Black,Jowar,Urea
120.13,51.81,50.94,6.48,801.94,22.38,Kolhapur,Dark Brown,Wheat,19:19:19 NPK
128.03,81.75,130.3,6.91,972.06,31.61,Satara,Black,Sugarcane,DAP
143.24,81.75,44.3,8.43,1012.77,28.72,Solapur,Black,Sugarcane,MOP
124.9,55.6,37.57,6.65,910.72,19.53,Kolhapur,Dark Brown,Wheat,19:19:19 NPK
90.62,48.01,45.71,6.38,580.94,19.54,Kolhapur,Dark Brown,Wheat,19:19:19 NPK
111.83,51.35,50.44,6.76,905.82,16.66,Sangli,Black,Maize,SSP
132.23,73.57,112.91,7.28,988.47,25.41,Pune,Black,Sugarcane,Urea
136.06,76.52,46.94,8.29,1107.32,30.02,Solapur,Black,Sugarcane,MOP
93.0,55.13,47.17,5.94,897.62,23.31,Kolhapur,Dark Brown,Wheat,19:19:19 NPK
135.5,80.61,138.39,7.62,886.14,29.64,Satara,Black,Sugarcane,Urea
125.18,54.32,34.63,6.46,910.93,23.53,Kolhapur,Dark Brown,Wheat,19:19:19 NPK
130.9,81.32,133.07,6.42,1027.83,31.32,Satara,Black,Sugarcane,Urea
93.9,49.41,47.12,6.64,652.13,18.05,Kolhapur,Dark Brown,Wheat,Urea
116.7,62.25,94.09,7.71,1014.4,28.16,Kolhapur,Dark Brown,Sugarcane,MOP
122.9,81.3,127.52,7.19,1125.61,20.31,Satara,Black,Sugarcane,DAP
139.12,66.97,53.32,8.32,1085.49,30.64,Solapur,Black,Sugarcane,MOP
106.12,46.4,49.75,6.62,838.97,18.37,Sangli,Black,Wheat,Urea
135.19,82.08,133.91,7.64,842.13,24.85,Satara,Black,Sugarcane,DAP
139.45,84.71,138.54,6.69,892.06,31.83,Satara,Black,Sugarcane,Urea
142.8,85.52,146.76,7.19,815.95,28.64,Satara,Black,Sugarcane,Urea
135.38,76.84,45.5,6.93,564.47,25.59,Sangli,Black,Maize,SSP
134.74,76.36,141.55,7.72,1241.36,30.62,Pune,Black,Sugarcane,Urea
137.77,83.59,144.38,6.87,936.75,29.39,Satara,Black,Sugarcane,MOP
114.72,57.39,38.81,7.02,708.0,18.09,Sangli,Black,Maize,Urea
146.79,80.38,44.75,7.87,442.91,25.89,Kolhapur,Dark Brown,Maize,SSP
73.42,38.78,36.36,7.22,564.48,16.76,Satara,Black,Wheat,Urea
110.45,70.65,101.84,6.68,1004.75,32.43,Satara,Black,Sugarcane,Urea
139.18,79.23,44.12,7.1,594.97,26.46,Sangli,Black,Maize,SSP
127.0,78.81,124.63,8.06,1012.73,29.16,Satara,Black,Sugarcane,MOP
73.27,47.24,44.21,6.34,566.88,18.31,Satara,Black,Wheat,19:19:19 NPK
128.37,82.33,141.26,7.02,861.98,29.35,Satara,Black,Sugarcane,MOP
132.81,77.68,37.95,7.13,497.48,22.13,Sangli,Black,Maize,SSP
147.35,84.14,38.34,8.05,417.76,26.15,Kolhapur,Dark Brown,Maize,SSP
94.13,56.64,50.91,5.92,786.63,19.75,Kolhapur,Dark Brown,Wheat,19:19:19 NPK
135.93,82.13,144.49,6.94,784.29,26.08,Satara,Black,Sugarcane,MOP
134.79,81.93,144.6,6.9,888.35,29.21,Satara,Black,Sugarcane,MOP
95.84,49.29,45.48,6.49,715.36,18.94,Kolhapur,Dark Brown,Wheat,Urea
89.28,59.96,45.25,6.06,749.66,17.94,Kolhapur,Dark Brown,Wheat,19:19:19 NPK
122.77,82.88,36.77,8.48,801.86,28.94,Solapur,Black,Cotton,DAP
48.82,57.98,97.86,7.95,1140.06,25.93,Kolhapur,Dark Brown,Sugarcane,Urea
119.81,67.91,135.74,7.79,1330.02,29.61,Pune,Black,Sugarcane,MOP
109.64,69.49,83.64,8.2,1240.58,28.87,Solapur,Black,Sugarcane,MOP
85.27,59.86,51.25,5.91,729.68,17.77,Kolhapur,Dark Brown,Wheat,19:19:19 NPK
133.92,82.67,113.08,8.39,1173.22,25.29,Pune,Black,Sugarcane,DAP
127.54,78.18,67.47,8.29,1132.41,30.68,Solapur,Black,Sugarcane,DAP
78.64,43.0,38.03,6.87,535.86,16.63,Satara,Black,Wheat,19:19:19 NPK
140.31,78.77,135.82,7.32,1202.37,25.37,Pune,Black,Sugarcane,Urea
59.85,50.31,50.53,6.16,745.27,17.04,Kolhapur,Dark Brown,Wheat,Urea
27.21,31.27,35.14,6.47,725.85,29.15,Satara,Black,Jowar,Urea
122.5,80.8,132.49,6.17,1107.98,27.85,Satara,Black,Sugarcane,Urea
97.76,76.15,116.61,6.09,1047.85,27.29,Satara,Black,Sugarcane,Urea
97.89,57.33,50.88,6.02,854.34,19.49,Kolhapur,Dark Brown,Wheat,Urea
98.13,58.5,47.09,5.81,962.97,23.64,Kolhapur,Dark Brown,Wheat,Urea
132.09,77.78,140.03,7.91,1144.88,30.53,Pune,Black,Sugarcane,MOP
100.49,60.32,52.91,5.79,847.63,21.75,Kolhapur,Dark Brown,Wheat,Urea
64.52,54.14,41.03,6.3,686.19,18.52,Kolhapur,Dark Brown,Wheat,Urea
134.57,83.88,137.52,6.94,882.59,28.07,Satara,Black,Sugarcane,DAP
26.85,34.0,33.21,6.79,647.87,29.85,Satara,Black,Jowar,Urea
124.02,67.58,101.74,8.02,1238.42,31.67,Pune,Black,Sugarcane,MOP
74.57,51.42,54.73,6.0,824.72,23.16,Kolhapur,Dark Brown,Wheat,Urea
102.12,45.78,41.17,6.25,922.84,20.97,Kolhapur,Dark Brown,Wheat,19:19:19 NPK
135.4,73.58,131.9,7.42,1233.18,30.18,Pune,Black,Sugarcane,MOP
144.22,80.79,45.2,7.36,489.9,28.37,Sangli,Black,Maize,SSP
142.22,73.05,50.07,8.03,578.7,32.3,Sangli,Black,Maize,MOP
98.81,59.73,50.25,5.82,865.27,22.82,Kolhapur,Dark Brown,Wheat,19:19:19 NPK
138.0,80.97,125.3,7.92,936.68,26.8,Satara,Black,Sugarcane,MOP
147.66,84.56,48.83,7.68,410.38,24.29,Sangli,Black,Maize,SSP
137.05,81.0,132.19,7.42,916.68,32.42,Satara,Black,Sugarcane,Urea
70.05,43.74,34.68,6.76,524.38,15.83,Satara,Dark Brown,Wheat,Urea
50.91,55.72,108.74,7.8,1185.65,26.54,Kolhapur,Black,Sugarcane,MOP
136.6,67.59,109.96,8.08,1183.88,32.24,Pune,Black,Sugarcane,MOP
70.34,51.4,44.82,6.36,610.81,20.97,Satara,Black,Wheat,19:19:19 NPK
140.07,78.25,51.84,7.61,555.24,29.98,Sangli,Black,Maize,MOP
134.4,74.49,130.33,7.27,690.18,21.56,Satara,Black,Sugarcane,Urea
130.1,78.48,55.61,8.44,1048.94,27.57,Solapur,Black,Sugarcane,DAP
93.34,56.51,52.06,6.15,683.11,18.54,Kolhapur,Dark Brown,Wheat,19:19:19 NPK
86.85,59.77,57.64,5.68,830.64,22.65,Kolhapur,Dark Brown,Wheat,Urea
143.01,81.63,42.65,7.53,498.25,24.67,Sangli,Black,Maize,SSP
115.79,68.26,64.16,7.8,767.63,29.23,Kolhapur,Dark Brown,Maize,MOP
33.54,44.65,49.75,6.46,860.62,29.29,Satara,Black,Ginger,Urea
142.1,85.1,141.62,6.61,859.68,30.68,Satara,Black,Sugarcane,Urea
110.01,43.36,51.56,6.73,837.36,19.07,Sangli,Black,Wheat,Urea
148.36,80.92,38.9,8.05,356.81,28.21,Kolhapur,Dark Brown,Maize,SSP
105.5,55.73,49.51,6.0,787.16,20.04,Kolhapur,Dark Brown,Wheat,19:19:19 NPK
130.38,79.52,41.42,7.8,567.05,23.59,Kolhapur,Dark Brown,Maize,Urea
148.64,82.65,40.16,8.17,346.71,30.96,Sangli,Dark Brown,Maize,MOP
128.66,75.13,38.86,6.99,605.84,24.28,Sangli,Black,Maize,Urea
98.51,59.58,100.86,7.03,809.57,20.81,Satara,Black,Sugarcane,Urea
137.83,79.34,98.47,8.17,1065.19,28.99,Satara,Black,Sugarcane,MOP
141.55,78.35,135.45,7.33,1259.74,26.47,Pune,Black,Sugarcane,Urea
22.85,15.84,25.39,7.87,655.29,25.47,Kolhapur,Black,Urad,Urea
145.13,76.02,66.62,7.73,668.02,33.0,Pune,Black,Maize,MOP
97.01,53.35,50.48,5.95,853.86,22.68,Kolhapur,Dark Brown,Wheat,Urea
94.84,43.67,55.61,7.42,669.31,18.41,Sangli,Black,Wheat,Urea
101.72,50.82,47.97,6.66,760.28,22.78,Sangli,Black,Wheat,19:19:19 NPK
132.35,73.58,141.42,7.95,1245.84,26.46,Pune,Black,Sugarcane,Urea
130.36,72.08,112.67,7.67,1107.12,28.21,Pune,Black,Sugarcane,MOP
49.15,58.84,96.34,7.92,1157.28,26.42,Kolhapur,Dark Brown,Sugarcane,Urea
133.43,74.04,44.71,6.98,671.06,21.62,Sangli,Black,Maize,SSP
129.84,73.1,71.76,8.16,1155.19,30.61,Solapur,Black,Sugarcane,MOP
135.86,71.67,97.11,7.06,794.58,29.27,Sangli,Black,Sugarcane,MOP
129.11,58.53,32.48,6.46,884.66,25.41,Kolhapur,Dark Brown,Wheat,19:19:19 NPK
84.91,53.09,52.57,5.99,952.83,25.41,Kolhapur,Dark Brown,Wheat,Urea
136.9,80.7,119.51,7.97,948.0,28.1,Satara,Black,Sugarcane,DAP
128.46,71.28,123.36,7.84,1338.76,26.44,Pune,Black,Sugarcane,Urea
95.23,45.35,44.46,7.09,643.81,21.31,Kolhapur,Dark Brown,Wheat,Urea
130.5,83.12,138.13,7.62,926.68,28.5,Satara,Black,Sugarcane,DAP
132.53,75.75,140.52,7.83,1106.81,29.05,Pune,Black,Sugarcane,Urea
145.65,81.47,42.82,7.87,508.51,24.59,Kolhapur,Dark Brown,Maize,SSP
101.57,54.73,46.01,6.1,900.1,22.75,Kolhapur,Dark Brown,Wheat,19:19:19 NPK
129.63,83.54,134.52,6.98,982.24,29.76,Satara,Black,Sugarcane,DAP
70.9,42.45,40.44,7.35,698.38,16.07,Satara,Black,Wheat,Urea
114.85,65.08,41.18,6.67,630.54,22.49,Sangli,Black,Maize,SSP
81.18,47.34,57.15,7.16,630.96,18.14,Satara,Black,Wheat,Urea
138.91,79.99,41.46,7.64,646.97,26.39,Kolhapur,Dark Brown,Maize,Urea
140.39,83.87,143.07,8.27,1253.53,21.92,Pune,Black,Sugarcane,DAP
146.24,82.91,37.15,7.93,424.3,23.9,Kolhapur,Dark Brown,Maize,SSP
135.93,73.77,137.7,8.06,1303.74,30.71,Pune,Black,Sugarcane,MOP
86.79,52.1,46.96,6.42,605.79,17.41,Kolhapur,Dark Brown,Wheat,19:19:19 NPK
131.9,82.13,134.59,6.66,897.63,31.26,Satara,Black,Sugarcane,Urea
95.45,75.69,118.38,6.43,759.0,26.2,Satara,Black,Sugarcane,MOP
101.17,69.54,121.6,6.96,828.48,24.05,Satara,Black,Sugarcane,MOP
107.55,40.82,46.36,6.99,795.37,16.71,Sangli,Black,Wheat,Urea
111.71,54.87,81.5,6.88,638.28,23.41,Satara,Black,Wheat,Urea
128.4,70.66,107.65,6.74,856.23,27.57,Sangli,Black,Sugarcane,Urea
103.54,71.99,114.25,6.71,824.55,28.41,Satara,Black,Sugarcane,MOP
103.0,58.26,47.22,5.89,942.83,25.32,Kolhapur,Dark Brown,Wheat,Urea
88.34,56.59,47.46,6.6,723.41,22.49,Kolhapur,Dark Brown,Wheat,19:19:19 NPK
136.78,81.7,144.03,7.75,1104.49,32.66,Pune,Black,Sugarcane,MOP
104.25,44.42,44.9,6.66,793.99,20.37,Kolhapur,Dark Brown,Wheat,Urea
116.1,55.34,51.15,6.74,822.18,21.21,Sangli,Black,Wheat,Urea
140.57,73.63,46.26,8.01,544.85,30.33,Kolhapur,Dark Brown,Maize,MOP
96.42,47.34,47.99,6.55,687.85,18.12,Kolhapur,Dark Brown,Wheat,19:19:19 NPK
139.79,73.53,52.62,7.6,572.48,29.27,Kolhapur,Dark Brown,Maize,MOP
121.73,62.78,38.95,6.74,768.62,20.59,Sangli,Black,Wheat,Urea
110.6,50.28,35.89,6.75,807.99,16.11,Sangli,Black,Wheat,Urea
103.97,41.14,46.65,6.72,831.56,18.43,Sangli,Black,Wheat,Urea
134.67,64.22,34.72,7.0,757.12,21.71,Sangli,Black,Wheat,19:19:19 NPK
102.0,56.13,49.36,6.09,822.32,22.97,Kolhapur,Dark Brown,Wheat,Urea
109.87,80.01,126.09,6.13,1083.57,27.58,Satara,Black,Sugarcane,Urea
79.8,42.81,42.21,6.67,616.93,16.44,Satara,Black,Wheat,19:19:19 NPK
28.22,28.42,69.42,7.53,856.51,27.45,Pune,Black,Urad,DAP
93.5,66.11,73.66,7.07,683.14,26.22,Sangli,Black,Moong,MOP
142.29,75.66,131.53,7.37,1185.64,22.56,Pune,Black,Sugarcane,Urea
142.44,79.59,41.4,7.84,485.49,28.73,Kolhapur,Dark Brown,Maize,SSP
108.8,55.81,57.53,5.89,767.74,19.56,Kolhapur,Dark Brown,Wheat,Urea
95.17,44.47,47.89,6.53,716.85,20.46,Sangli,Black,Wheat,Urea
140.09,76.46,111.74,7.7,1149.49,23.24,Pune,Black,Sugarcane,Urea
96.54,56.79,58.11,5.96,852.19,20.48,Kolhapur,Dark Brown,Wheat,Urea
142.84,80.1,38.55,7.65,581.08,26.46,Kolhapur,Dark Brown,Maize,Urea
111.93,68.22,50.8,6.89,673.31,30.44,Sangli,Black,Maize,MOP
129.08,71.8,107.62,7.82,1218.44,29.32,Satara,Black,Sugarcane,MOP
102.47,58.44,44.81,6.05,731.1,19.63,Kolhapur,Dark Brown,Wheat,19:19:19 NPK
25.87,21.76,40.01,7.25,622.86,24.74,Kolhapur,Black,Jowar,Urea
143.4,82.0,42.0,7.54,596.03,23.04,Kolhapur,Dark Brown,Maize,Urea
148.35,83.95,35.85,8.03,354.69,26.79,Kolhapur,Dark Brown,Maize,SSP
135.94,82.94,145.16,7.42,890.02,29.87,Satara,Black,Sugarcane,Urea
45.73,54.52,59.74,6.19,888.39,24.03,Satara,Black,Ginger,Urea
106.51,49.87,42.08,6.14,844.53,21.86,Kolhapur,Dark Brown,Wheat,19:19:19 NPK
130.92,71.6,42.29,7.14,532.53,24.24,Sangli,Black,Maize,SSP
115.23,69.47,96.6,7.86,1039.62,27.12,Kolhapur,Dark Brown,Sugarcane,Urea
101.62,61.37,40.66,5.9,821.96,23.06,Kolhapur,Dark Brown,Wheat,19:19:19 NPK
118.42,62.0,97.02,7.97,1116.12,28.34,Kolhapur,Black,Sugarcane,MOP
146.57,84.37,43.84,7.83,437.32,24.23,Kolhapur,Dark Brown,Maize,Urea
80.35,52.04,56.95,6.87,508.43,21.2,Satara,Black,Wheat,19:19:19 NPK
25.85,30.42,52.86,7.1,740.27,28.96,Satara,Black,Jowar,Urea
133.19,82.1,140.75,7.35,943.42,26.5,Satara,Black,Sugarcane,MOP
94.09,58.15,46.81,5.77,900.38,20.22,Kolhapur,Dark Brown,Wheat,19:19:19 NPK
98.1,52.19,41.45,5.98,770.28,20.42,Kolhapur,Dark Brown,Wheat,19:19:19 NPK
135.86,82.02,137.62,7.34,950.34,31.72,Satara,Black,Sugarcane,MOP
106.86,54.89,45.62,6.19,888.9,24.13,Kolhapur,Dark Brown,Wheat,Urea
139.38,77.02,49.31,8.35,1064.33,29.4,Solapur,Black,Sugarcane,MOP
80.11,55.93,59.77,5.79,853.05,22.96,Kolhapur,Dark Brown,Wheat,Urea
115.65,73.72,116.6,6.3,923.17,24.42,Satara,Black,Sugarcane,Urea
137.86,78.45,135.8,7.42,962.35,23.2,Satara,Black,Sugarcane,Urea
118.71,76.42,137.5,8.13,1143.95,28.72,Pune,Black,Sugarcane,MOP
79.71,51.94,45.94,6.05,870.92,20.72,Kolhapur,Dark Brown,Wheat,19:19:19 NPK
139.67,77.89,76.88,8.29,1150.48,33.03,Solapur,Black,Sugarcane,MOP
68.37,70.09,103.86,6.42,1060.39,22.12,Satara,Black,Ginger,DAP
105.4,50.04,42.36,6.15,778.08,20.8,Kolhapur,Dark Brown,Wheat,19:19:19 NPK
135.22,77.71,108.94,8.1,1014.57,29.01,Satara,Black,Sugarcane,MOP
123.7,59.17,46.93,6.9,723.13,19.9,Sangli,Black,Maize,SSP
74.89,28.26,54.95,6.83,735.68,22.28,Kolhapur,Dark Brown,Wheat,Urea
109.34,47.01,44.97,6.73,843.52,22.06,Sangli,Black,Wheat,19:19:19 NPK
115.41,82.06,138.9,6.23,869.22,25.86,Satara,Black,Sugarcane,MOP
94.89,54.52,43.77,6.24,764.39,21.11,Kolhapur,Dark Brown,Wheat,19:19:19 NPK
134.98,76.18,142.4,7.55,1179.75,25.0,Pune,Black,Sugarcane,Urea
128.13,69.15,67.52,7.0,814.27,23.97,Sangli,Black,Maize,Urea
136.7,77.07,34.68,7.63,687.03,21.54,Kolhapur,Dark Brown,Maize,Urea
136.9,82.08,128.86,7.75,932.51,27.7,Satara,Black,Sugarcane,DAP
124.77,74.32,119.14,6.52,775.84,28.47,Satara,Black,Sugarcane,Urea
115.62,57.81,50.91,6.6,685.65,25.3,Sangli,Black,Wheat,Urea
138.2,82.57,139.22,7.36,918.59,31.2,Satara,Black,Sugarcane,Urea
142.87,84.98,36.07,8.47,922.67,28.4,Solapur,Black,Sugarcane,MOP
32.75,53.31,100.23,7.92,1207.95,27.82,Kolhapur,Dark Brown,Sugarcane,MOP
103.79,74.01,125.65,6.28,995.51,22.96,Satara,Black,Sugarcane,Urea
139.78,77.3,43.33,8.36,1091.59,29.33,Solapur,Black,Sugarcane,MOP
98.79,44.87,55.05,6.42,843.75,21.9,Kolhapur,Dark Brown,Wheat,Urea
122.34,49.99,45.52,6.79,933.61,18.64,Sangli,Black,Wheat,19:19:19 NPK
124.58,76.17,144.51,7.73,1155.52,29.29,Pune,Black,Sugarcane,MOP
140.24,80.8,78.87,8.37,1128.14,28.29,Solapur,Black,Sugarcane,MOP
24.55,26.32,34.74,6.78,720.52,25.86,Satara,Black,Jowar,Urea
134.7,79.82,53.63,8.44,1009.34,27.67,Solapur,Black,Sugarcane,DAP
101.77,60.76,98.61,7.74,1063.5,27.37,Kolhapur,Dark Brown,Sugarcane,MOP
74.29,50.82,48.86,6.29,630.18,17.29,Kolhapur,Dark Brown,Wheat,19:19:19 NPK
45.63,56.17,104.58,7.35,1122.9,27.57,Satara,Black,Ginger,DAP
134.45,83.17,144.89,7.04,896.64,29.17,Satara,Black,Sugarcane,MOP
49.06,51.01,49.31,6.21,708.54,19.0,Satara,Black,Wheat,Urea
124.09,56.2,44.33,7.02,764.2,19.86,Sangli,Black,Maize,SSP
144.0,83.37,139.83,8.12,1257.74,24.32,Pune,Black,Sugarcane,DAP
83.81,62.16,48.21,5.79,1057.15,27.25,Kolhapur,Dark Brown,Wheat,Urea
111.95,58.08,41.21,6.07,834.71,23.52,Kolhapur,Dark Brown,Wheat,19:19:19 NPK
131.82,77.45,141.53,7.91,1116.0,31.58,Pune,Black,Sugarcane,MOP
83.13,55.23,88.28,7.99,1213.14,28.06,Kolhapur,Black,Sugarcane,MOP
128.85,54.88,38.31,6.46,840.49,23.83,Kolhapur,Dark Brown,Wheat,19:19:19 NPK
109.69,52.6,46.8,6.19,788.46,20.46,Kolhapur,Dark Brown,Wheat,19:19:19 NPK
74.7,39.5,39.35,7.18,536.82,16.35,Kolhapur,Dark Brown,Wheat,Urea
134.99,76.77,45.2,7.7,779.63,22.36,Sangli,Black,Maize,Urea
86.18,59.08,58.21,7.01,723.02,23.09,Sangli,Black,Wheat,19:19:19 NPK
108.24,57.55,46.49,5.91,766.02,22.12,Kolhapur,Dark Brown,Wheat,19:19:19 NPK
141.36,81.72,139.04,7.06,789.05,27.13,Satara,Black,Sugarcane,Urea
144.17,81.21,28.01,7.6,442.57,28.05,Sangli,Black,Maize,MOP
102.21,53.89,50.32,6.09,715.72,16.57,Kolhapur,Dark Brown,Wheat,19:19:19 NPK
129.26,84.02,141.67,6.85,932.49,25.53,Satara,Black,Sugarcane,DAP
140.08,81.17,121.26,7.91,948.67,29.82,Satara,Black,Sugarcane,MOP
134.35,80.14,63.56,8.45,1053.09,25.37,Solapur,Black,Sugarcane,DAP
136.1,76.14,80.33,8.24,1071.76,29.68,Solapur,Black,Sugarcane,MOP
104.86,42.98,37.27,7.05,743.2,19.24,Sangli,Black,Wheat,Urea
66.56,54.31,118.03,7.86,1274.76,26.81,Kolhapur,Black,Sugarcane,MOP
142.75,85.05,146.88,7.2,844.38,27.44,Satara,Black,Sugarcane,Urea
93.34,54.86,48.67,6.19,770.82,20.84,Kolhapur,Dark Brown,Wheat,Urea
121.69,69.71,125.43,8.08,1241.92,29.95,Pune,Black,Sugarcane,MOP
108.75,54.06,46.82,6.75,743.45,17.0,Sangli,Black,Wheat,Urea
133.19,77.56,47.05,8.34,1156.41,29.38,Solapur,Black,Sugarcane,MOP
136.96,81.31,143.16,7.49,871.28,27.82,Satara,Black,Sugarcane,Urea
146.21,82.36,46.82,7.5,492.37,27.31,Kolhapur,Dark Brown,Maize,SSP
136.89,83.72,145.32,7.47,917.27,30.49,Satara,Black,Sugarcane,MOP
26.84,18.85,27.01,7.34,605.53,28.69,Kolhapur,Black,Jowar,Urea
138.27,84.6,145.23,6.83,829.85,27.21,Satara,Black,Sugarcane,MOP
135.91,80.78,134.82,7.97,1008.74,32.62,Pune,Black,Sugarcane,MOP
127.39,80.23,109.38,8.36,1220.24,29.92,Pune,Black,Sugarcane,DAP
75.69,45.17,36.73,7.05,661.91,18.34,Kolhapur,Dark Brown,Wheat,Urea
124.61,81.94,41.19,8.48,789.74,28.37,Solapur,Black,Cotton,DAP
130.13,74.78,71.69,8.11,1137.86,29.66,Solapur,Black,Sugarcane,MOP
133.47,75.8,50.15,7.68,901.75,20.51,Kolhapur,Dark Brown,Maize,Urea
133.1,83.46,142.93,6.85,960.1,31.1,Satara,Black,Sugarcane,MOP
115.99,82.77,138.42,6.23,994.89,27.44,Satara,Black,Sugarcane,DAP
128.85,74.74,138.38,7.56,1118.73,28.25,Pune,Black,Sugarcane,Urea
139.44,76.02,36.79,7.18,667.68,21.8,Sangli,Black,Maize,SSP
46.57,51.28,50.97,6.11,892.49,25.88,Satara,Black,Ginger,Urea
90.99,47.38,53.34,6.16,844.79,22.92,Kolhapur,Dark Brown,Wheat,19:19:19 NPK
43.35,46.55,41.91,6.26,780.06,24.69,Satara,Black,Jowar,Urea
46.8,49.71,105.78,7.86,1237.98,26.55,Kolhapur,Black,Sugarcane,Urea
58.37,67.19,105.78,6.36,1018.57,26.96,Satara,Black,Ginger,DAP
73.54,55.48,44.77,6.06,639.68,20.14,Kolhapur,Dark Brown,Wheat,19:19:19 NPK
100.63,45.91,35.1,6.51,698.58,20.89,Satara,Black,Wheat,19:19:19 NPK
134.94,81.61,133.85,7.18,939.97,29.41,Satara,Black,Sugarcane,Urea
51.13,56.12,101.67,8.0,1252.65,28.41,Kolhapur,Black,Sugarcane,MOP
131.08,70.9,62.13,8.19,1112.27,29.95,Solapur,Black,Sugarcane,MOP
137.61,79.38,115.35,7.94,971.52,30.97,Satara,Black,Sugarcane,MOP
143.88,75.88,48.5,7.76,488.98,31.51,Sangli,Dark Brown,Maize,MOP
101.63,44.16,51.82,6.13,813.86,20.43,Kolhapur,Dark Brown,Wheat,19:19:19 NPK
69.78,55.89,49.4,6.44,591.11,26.15,Satara,Black,Wheat,19:19:19 NPK
75.94,50.07,45.23,6.28,653.93,18.0,Kolhapur,Dark Brown,Wheat,19:19:19 NPK
100.52,58.62,46.56,6.02,837.32,21.81,Kolhapur,Dark Brown,Wheat,Urea
89.96,48.29,55.0,6.01,847.23,22.51,Kolhapur,Dark Brown,Wheat,Urea
25.46,18.5,32.16,7.34,597.81,29.79,Kolhapur,Black,Jowar,Urea
73.72,53.29,46.89,6.15,599.43,17.37,Kolhapur,Dark Brown,Wheat,19:19:19 NPK
147.04,82.33,45.22,7.9,396.24,23.69,Kolhapur,Dark Brown,Maize,SSP
117.62,58.94,58.49,6.59,745.95,25.87,Sangli,Black,Maize,SSP
94.6,70.11,83.51,8.09,1223.01,30.52,Solapur,Black,Sugarcane,MOP
107.7,52.17,45.16,6.28,906.66,22.85,Kolhapur,Dark Brown,Wheat,19:19:19 NPK
137.88,74.84,134.47,7.7,1261.34,28.44,Pune,Black,Sugarcane,Urea
134.23,74.53,58.73,8.26,1077.85,29.6,Solapur,Black,Sugarcane,MOP
125.29,60.17,45.27,7.06,816.32,23.37,Sangli,Black,Wheat,19:19:19 NPK
112.01,55.36,50.71,6.08,781.43,22.7,Kolhapur,Dark Brown,Wheat,19:19:19 NPK
135.34,77.58,38.58,7.1,584.08,22.52,Sangli,Black,Maize,Urea
134.55,70.14,130.12,7.65,1346.7,24.3,Pune,Black,Sugarcane,Urea
93.21,61.74,119.01,8.0,1315.48,28.47,Pune,Black,Sugarcane,MOP
101.0,47.24,50.8,6.99,824.57,18.81,Sangli,Black,Wheat,Urea
93.35,49.24,51.61,6.01,849.1,22.64,Kolhapur,Dark Brown,Wheat,Urea
135.8,78.55,95.17,8.12,1129.6,31.08,Satara,Black,Sugarcane,MOP
132.22,81.69,140.69,7.73,971.43,30.63,Satara,Black,Sugarcane,MOP
99.85,56.96,49.63,6.09,858.44,24.43,Kolhapur,Dark Brown,Wheat,19:19:19 NPK
119.72,49.43,39.39,6.52,897.04,22.84,Kolhapur,Dark Brown,Wheat,19:19:19 NPK
138.97,75.98,48.16,8.29,1129.85,30.02,Solapur,Black,Sugarcane,MOP
132.46,75.79,125.78,8.17,1185.91,31.64,Pune,Black,Sugarcane,MOP
148.58,86.03,33.63,8.15,355.36,22.81,Kolhapur,Dark Brown,Maize,SSP
125.02,63.9,108.44,7.61,1071.87,18.11,Pune,Black,Wheat,Urea
129.08,71.33,138.24,7.92,1240.38,27.59,Pune,Black,Sugarcane,Urea
97.84,59.74,82.79,6.87,630.54,22.28,Satara,Black,Wheat,Urea
123.26,60.68,53.03,6.63,872.0,16.83,Sangli,Black,Wheat,19:19:19 NPK
45.82,54.27,59.21,5.87,815.28,20.87,Satara,Black,Wheat,Urea
118.32,49.98,39.26,6.71,928.53,21.86,Sangli,Black,Wheat,19:19:19 NPK
138.17,73.04,127.67,7.42,748.2,21.06,Satara,Black,Sugarcane,Urea
144.73,84.59,41.47,7.75,483.65,20.48,Kolhapur,Dark Brown,Maize,Urea
92.97,39.82,46.79,6.69,623.44,18.25,Kolhapur,Dark Brown,Wheat,Urea
140.99,84.89,137.6,6.92,950.3,28.2,Satara,Black,Sugarcane,DAP
46.15,54.8,75.3,6.81,958.19,30.61,Satara,Black,Ginger,Urea
136.76,74.72,74.31,7.48,943.53,22.89,Pune,Black,Maize,Urea
70.47,71.57,111.06,6.44,1008.65,23.67,Satara,Black,Ginger,DAP
64.48,66.41,95.72,6.38,673.01,22.96,Satara,Black,Wheat,19:19:19 NPK
133.8,83.8,145.84,7.46,890.39,30.01,Satara,Black,Sugarcane,MOP
137.29,73.98,41.82,7.99,419.97,30.47,Kolhapur,Dark Brown,Maize,MOP
122.22,66.9,130.45,7.94,1273.02,30.69,Pune,Black,Sugarcane,MOP
142.2,82.13,141.44,7.21,790.78,28.6,Satara,Black,Sugarcane,Urea
98.63,58.53,50.21,5.93,955.53,24.9,Kolhapur,Dark Brown,Wheat,Urea
45.0,50.46,57.53,6.19,702.75,21.43,Satara,Black,Wheat,Urea
129.75,75.63,46.77,8.33,1139.23,29.55,Solapur,Black,Sugarcane,MOP
82.49,62.53,113.05,7.95,1294.91,28.91,Kolhapur,Black,Sugarcane,MOP
124.62,54.59,33.44,6.47,854.9,22.24,Kolhapur,Dark Brown,Wheat,19:19:19 NPK
95.51,50.83,47.57,6.59,748.68,20.14,Kolhapur,Dark Brown,Wheat,Urea
37.1,33.94,34.51,6.79,679.49,22.0,Kolhapur,Black,Jowar,Urea
63.95,62.61,84.12,6.41,670.25,23.82,Satara,Black,Wheat,19:19:19 NPK
44.84,60.8,85.01,6.27,1031.24,25.04,Satara,Black,Ginger,DAP
125.22,75.11,142.02,8.03,1219.45,30.33,Pune,Black,Sugarcane,MOP
87.55,53.2,52.88,5.99,825.12,20.84,Kolhapur,Dark Brown,Wheat,Urea
136.46,83.0,130.63,8.41,1331.68,21.25,Pune,Black,Sugarcane,DAP
139.67,83.96,140.61,8.22,1195.62,22.91,Pune,Black,Sugarcane,DAP
65.85,71.04,97.13,6.01,1077.44,29.17,Satara,Black,Ginger,Urea
101.46,52.45,57.86,6.17,892.12,23.27,Kolhapur,Dark Brown,Wheat,Urea
77.87,61.25,132.79,7.86,1337.74,26.31,Kolhapur,Black,Sugarcane,MOP
73.18,64.31,90.88,7.99,1257.09,28.77,Kolhapur,Black,Sugarcane,MOP
140.87,82.03,145.16,7.42,959.47,25.99,Satara,Black,Sugarcane,Urea
107.54,43.86,49.9,6.4,854.29,19.36,Kolhapur,Dark Brown,Wheat,19:19:19 NPK
145.39,79.55,46.54,7.98,416.79,29.33,Kolhapur,Dark Brown,Maize,MOP
141.23,76.39,107.15,7.61,1233.18,25.74,Pune,Black,Sugarcane,Urea
134.59,80.43,131.9,8.03,988.51,31.61,Satara,Black,Sugarcane,MOP
130.29,77.04,137.25,7.93,1139.95,30.93,Pune,Black,Sugarcane,MOP
139.74,79.24,42.1,7.66,461.31,29.23,Sangli,Black,Maize,MOP
130.23,75.52,101.53,8.02,1142.53,31.47,Satara,Black,Sugarcane,MOP
48.57,50.57,97.11,7.65,987.83,29.25,Pune,Black,Ginger,DAP
147.22,81.29,46.7,7.67,407.1,27.39,Kolhapur,Dark Brown,Maize,SSP
101.82,44.11,43.82,6.22,691.89,18.31,Kolhapur,Dark Brown,Wheat,19:19:19 NPK
103.44,55.01,45.83,6.59,831.4,21.94,Kolhapur,Dark Brown,Wheat,19:19:19 NPK
140.27,82.94,145.53,7.11,923.75,28.2,Satara,Black,Sugarcane,Urea
54.14,57.31,63.17,6.19,969.3,28.73,Satara,Black,Ginger,Urea
101.35,56.04,48.11,5.96,839.24,23.06,Kolhapur,Dark Brown,Wheat,19:19:19 NPK
94.44,47.63,46.85,6.23,921.43,20.62,Kolhapur,Dark Brown,Wheat,Urea
110.4,47.43,44.28,6.39,905.64,20.5,Kolhapur,Dark Brown,Wheat,19:19:19 NPK
137.03,84.53,141.24,8.02,930.05,25.13,Satara,Black,Sugarcane,DAP
129.13,74.21,75.61,8.25,1119.06,28.97,Solapur,Black,Sugarcane,MOP
88.04,54.35,56.34,6.15,770.94,20.17,Kolhapur,Dark Brown,Wheat,19:19:19 NPK
100.88,52.9,50.8,6.15,905.54,22.36,Kolhapur,Dark Brown,Wheat,Urea
113.74,66.48,61.97,7.25,708.26,33.31,Sangli,Black,Moong,MOP
137.21,78.51,42.69,7.69,646.4,24.84,Kolhapur,Dark Brown,Maize,Urea
140.37,82.44,128.56,8.16,989.57,26.74,Satara,Black,Sugarcane,DAP
74.3,72.62,106.19,6.44,1012.85,26.33,Satara,Black,Ginger,DAP
135.87,80.7,138.77,7.45,900.92,30.22,Satara,Black,Sugarcane,Urea
140.22,70.69,100.96,7.89,1037.99,32.26,Pune,Black,Sugarcane,MOP
90.98,55.12,54.0,5.87,902.43,23.49,Kolhapur,Dark Brown,Wheat,Urea
138.7,86.27,144.87,6.58,800.59,29.18,Satara,Black,Sugarcane,Urea
140.92,78.62,47.02,7.18,526.89,27.46,Sangli,Black,Maize,SSP
103.9,55.06,43.07,5.94,765.85,21.61,Kolhapur,Dark Brown,Wheat,19:19:19 NPK
118.97,53.48,47.98,6.76,935.66,22.11,Sangli,Black,Wheat,19:19:19 NPK
105.92,65.6,33.76,6.07,1094.16,26.16,Kolhapur,Dark Brown,Wheat,19:19:19 NPK
85.97,47.58,47.46,6.44,570.56,18.68,Kolhapur,Dark Brown,Wheat,19:19:19 NPK
102.98,54.79,58.82,6.68,695.48,23.74,Sangli,Black,Wheat,Urea
138.04,79.97,108.03,8.2,1088.39,29.96,Satara,Black,Sugarcane,DAP
147.45,82.68,37.52,8.09,395.07,23.32,Kolhapur,Dark Brown,Maize,SSP
81.4,56.67,102.95,8.11,1261.08,28.03,Kolhapur,Black,Sugarcane,MOP
133.01,74.27,52.36,6.84,721.46,25.56,Sangli,Black,Maize,Urea
91.92,51.22,55.64,6.0,767.23,18.32,Kolhapur,Dark Brown,Wheat,Urea
92.43,60.55,56.35,5.76,827.94,21.52,Kolhapur,Dark Brown,Wheat,19:19:19 NPK
90.98,44.06,44.63,7.82,698.32,17.25,Satara,Black,Wheat,Urea
112.53,48.01,48.26,6.46,794.22,20.82,Kolhapur,Dark Brown,Wheat,19:19:19 NPK
100.49,52.23,43.31,6.08,943.87,25.11,Kolhapur,Dark Brown,Wheat,Urea
114.28,51.5,52.3,6.63,813.78,24.31,Sangli,Black,Wheat,19:19:19 NPK
120.2,69.45,111.18,7.1,697.68,18.6,Satara,Black,Sugarcane,Urea
87.57,44.27,43.69,6.46,601.66,18.42,Kolhapur,Dark Brown,Wheat,Urea
139.46,84.21,142.89,7.06,891.77,29.7,Satara,Black,Sugarcane,MOP
83.21,51.05,74.12,6.95,635.61,18.96,Satara,Black,Wheat,Urea
101.14,44.07,51.7,6.22,788.8,21.69,Kolhapur,Dark Brown,Wheat,19:19:19 NPK
103.2,40.78,48.06,6.65,792.99,17.8,Sangli,Black,Wheat,19:19:19 NPK
141.19,77.19,123.92,7.99,1227.93,33.27,Pune,Black,Sugarcane,MOP
131.29,72.81,127.19,8.17,1318.59,29.5,Pune,Black,Sugarcane,MOP
132.84,63.76,41.34,7.17,769.14,22.07,Sangli,Black,Maize,SSP
97.08,75.41,66.95,8.28,1256.42,29.98,Solapur,Black,Sugarcane,MOP
68.3,47.49,48.54,6.31,677.86,18.52,Satara,Black,Wheat,Urea
102.99,50.85,47.33,5.94,826.75,19.9,Kolhapur,Dark Brown,Wheat,Urea
67.83,49.57,44.71,6.32,645.54,18.53,Kolhapur,Dark Brown,Wheat,Urea
109.78,75.98,126.64,6.26,1040.89,28.47,Satara,Black,Sugarcane,MOP
141.95,83.17,140.12,6.84,811.98,25.59,Satara,Black,Sugarcane,Urea
97.25,51.99,55.63,6.28,645.67,17.19,Kolhapur,Dark Brown,Wheat,Urea
136.4,72.91,128.09,7.38,798.0,23.37,Satara,Black,Sugarcane,Urea
94.26,57.38,57.23,5.67,829.66,22.85,Kolhapur,Dark Brown,Wheat,Urea
120.6,77.43,131.52,6.4,940.22,27.77,Satara,Black,Sugarcane,Urea
90.85,54.39,52.51,6.01,933.76,22.99,Kolhapur,Dark Brown,Wheat,Urea
140.62,75.27,71.45,7.52,978.29,25.72,Pune,Black,Maize,Urea
127.22,73.13,59.05,8.29,1151.71,28.84,Solapur,Black,Sugarcane,MOP
143.68,79.13,122.92,7.67,1123.61,33.78,Pune,Black,Sugarcane,MOP
102.97,52.58,48.8,6.52,835.9,20.71,Kolhapur,Dark Brown,Wheat,19:19:19 NPK
97.56,51.7,47.56,6.18,865.41,27.6,Kolhapur,Dark Brown,Wheat,Urea
38.75,30.12,27.18,7.36,604.23,27.54,Kolhapur,Black,Jowar,Urea
107.62,71.11,117.37,6.6,640.28,21.11,Satara,Black,Sugarcane,Urea
51.89,52.56,96.21,7.94,1289.64,29.97,Kolhapur,Black,Sugarcane,MOP
105.04,49.25,49.03,6.08,775.34,20.07,Kolhapur,Dark Brown,Wheat,19:19:19 NPK
140.6,79.35,42.03,7.29,560.4,27.09,Sangli,Black,Maize,SSP
103.62,62.68,96.88,6.5,774.45,20.3,Satara,Black,Wheat,Urea
134.63,83.83,138.78,7.84,938.44,26.32,Satara,Black,Sugarcane,DAP
125.53,70.05,138.49,7.94,1326.66,29.3,Pune,Black,Sugarcane,Urea
103.36,41.38,55.02,6.54,847.89,17.49,Sangli,Black,Wheat,19:19:19 NPK
86.59,53.9,42.4,6.63,788.78,23.71,Kolhapur,Dark Brown,Wheat,19:19:19 NPK
90.95,56.48,41.47,6.18,713.34,20.36,Kolhapur,Dark Brown,Wheat,19:19:19 NPK
126.17,60.72,53.58,6.89,733.41,24.37,Sangli,Black,Maize,SSP
96.49,62.78,52.54,5.74,810.19,22.65,Kolhapur,Dark Brown,Wheat,19:19:19 NPK
141.65,81.19,40.79,8.44,979.44,26.62,Solapur,Black,Sugarcane,MOP
97.38,62.91,33.79,5.83,834.6,22.37,Kolhapur,Dark Brown,Wheat,19:19:19 NPK
136.74,78.49,44.85,7.18,592.86,24.51,Sangli,Black,Maize,SSP
132.55,75.1,141.03,7.53,1260.12,28.76,Pune,Black,Sugarcane,Urea
137.62,82.36,130.27,8.24,1128.86,24.24,Satara,Black,Sugarcane,DAP
107.96,53.6,44.63,6.07,798.04,22.12,Kolhapur,Dark Brown,Wheat,19:19:19 NPK
142.58,83.92,141.89,6.76,852.58,30.74,Satara,Black,Sugarcane,Urea
116.59,57.05,48.04,6.63,707.76,24.62,Sangli,Black,Maize,SSP
127.2,73.01,139.85,7.78,1342.15,28.93,Pune,Black,Sugarcane,Urea
70.29,51.76,51.17,6.18,533.98,17.81,Satara,Black,Wheat,19:19:19 NPK
46.8,52.52,48.98,6.21,675.58,16.38,Satara,Black,Wheat,19:19:19 NPK
119.3,68.48,99.51,8.08,1203.01,29.19,Pune,Black,Sugarcane,MOP
136.55,79.28,71.76,8.42,1094.32,28.22,Solapur,Black,Sugarcane,DAP
85.1,42.2,41.28,6.98,686.94,20.3,Kolhapur,Dark Brown,Wheat,Urea
121.03,53.41,56.95,6.5,927.47,22.12,Sangli,Black,Wheat,19:19:19 NPK
137.01,80.5,113.73,7.98,1072.72,31.17,Satara,Black,Sugarcane,DAP
104.61,70.81,95.69,8.08,1247.65,30.56,Pune,Black,Sugarcane,MOP
78.94,49.67,48.84,6.47,800.29,19.7,Kolhapur,Dark Brown,Wheat,Urea
101.21,48.01,50.39,6.01,872.9,22.38,Kolhapur,Dark Brown,Wheat,Urea
115.47,52.57,55.24,6.64,897.64,21.87,Sangli,Black,Wheat,19:19:19 NPK
135.51,74.2,133.44,7.39,833.34,22.72,Satara,Black,Sugarcane,Urea
106.42,48.58,53.5,6.63,906.32,16.6,Sangli,Black,Wheat,19:19:19 NPK
125.7,71.44,141.23,8.03,1359.35,29.17,Pune,Black,Sugarcane,Urea
143.83,78.67,39.69,7.64,644.35,25.23,Kolhapur,Dark Brown,Maize,Urea
101.88,61.7,111.15,7.84,1249.54,26.65,Kolhapur,Black,Sugarcane,Urea
140.59,79.65,44.08,7.43,538.52,27.95,Sangli,Black,Maize,MOP
131.83,82.23,139.15,6.35,951.55,27.01,Satara,Black,Sugarcane,Urea
57.4,49.21,51.39,6.43,709.32,22.66,Satara,Black,Wheat,Urea
31.55,38.9,43.52,6.52,695.4,19.62,Kolhapur,Black,Jowar,Urea
71.93,50.52,47.07,6.43,699.92,20.18,Kolhapur,Dark Brown,Wheat,Urea
103.44,78.66,121.29,6.64,1082.22,30.23,Satara,Black,Sugarcane,DAP
107.63,72.52,110.4,7.22,781.09,29.75,Satara,Black,Sugarcane,MOP
118.2,69.27,48.13,7.38,674.23,26.44,Sangli,Black,Maize,MOP
72.96,53.48,53.69,6.08,704.44,16.83,Kolhapur,Dark Brown,Wheat,Urea
143.05,83.74,43.04,7.87,513.41,19.31,Kolhapur,Dark Brown,Maize,Urea
100.21,63.14,57.93,5.77,884.07,24.61,Kolhapur,Dark Brown,Wheat,Urea
132.86,81.52,140.62,7.25,940.56,34.11,Pune,Black,Sugarcane,MOP
88.61,50.75,52.86,6.71,796.23,20.6,Satara,Black,Wheat,19:19:19 NPK
111.09,51.38,34.83,6.26,957.4,23.37,Kolhapur,Dark Brown,Wheat,19:19:19 NPK
96.05,56.0,48.58,6.08,913.45,21.84,Kolhapur,Dark Brown,Wheat,Urea
34.65,54.14,96.46,6.98,1059.87,24.99,Satara,Black,Ginger,DAP
140.25,78.58,38.29,7.67,576.76,25.48,Kolhapur,Dark Brown,Maize,Urea
144.51,77.8,124.27,7.59,1107.67,31.18,Pune,Black,Sugarcane,MOP
141.48,78.96,43.6,8.36,1118.83,30.51,Solapur,Black,Sugarcane,MOP
141.09,83.88,140.9,6.59,980.29,30.98,Satara,Black,Sugarcane,Urea
83.22,32.22,50.27,6.89,810.74,22.9,Kolhapur,Dark Brown,Wheat,Urea
131.7,77.79,139.0,8.04,1123.02,30.57,Pune,Black,Sugarcane,MOP
138.98,78.81,42.68,7.87,508.33,28.07,Kolhapur,Dark Brown,Maize,SSP
96.47,55.12,47.95,6.13,771.42,20.45,Kolhapur,Dark Brown,Wheat,Urea
125.23,77.43,143.76,7.89,1134.01,30.74,Pune,Black,Sugarcane,MOP
131.09,80.77,133.75,7.39,938.17,31.28,Satara,Black,Sugarcane,DAP
133.48,75.8,37.67,6.93,578.63,24.4,Sangli,Black,Maize,SSP
109.91,56.47,42.22,6.07,838.67,21.76,Kolhapur,Dark Brown,Wheat,19:19:19 NPK
100.96,66.24,86.64,8.09,1245.9,30.44,Solapur,Black,Sugarcane,MOP
97.15,50.67,51.7,6.66,811.44,22.33,Kolhapur,Dark Brown,Wheat,Urea
147.94,84.37,41.28,7.91,376.19,27.19,Kolhapur,Dark Brown,Maize,SSP
106.12,45.39,50.32,6.62,837.81,20.42,Kolhapur,Dark Brown,Wheat,19:19:19 NPK
139.04,82.47,131.66,7.41,913.61,28.66,Satara,Black,Sugarcane,DAP
137.69,83.54,142.88,7.44,958.61,29.71,Satara,Black,Sugarcane,MOP
116.59,68.51,82.85,7.04,780.46,25.85,Sangli,Black,Maize,Urea
103.85,47.98,45.14,6.13,829.6,21.06,Kolhapur,Dark Brown,Wheat,19:19:19 NPK
79.95,65.24,93.15,6.3,970.81,26.71,Satara,Black,Ginger,Urea
104.43,54.73,53.33,5.9,832.14,22.81,Kolhapur,Dark Brown,Wheat,Urea
127.18,69.05,101.98,7.11,858.14,24.49,Satara,Black,Sugarcane,Urea
143.05,83.65,141.44,6.77,850.26,29.09,Satara,Black,Sugarcane,Urea
127.69,74.17,43.48,7.25,641.15,25.57,Sangli,Black,Maize,MOP
131.34,69.52,129.91,7.8,1302.27,27.87,Pune,Black,Sugarcane,Urea
107.95,67.75,70.55,8.16,1218.87,28.97,Solapur,Black,Sugarcane,MOP
69.6,55.7,36.51,6.97,660.1,24.83,Solapur,Black,Wheat,19:19:19 NPK
90.54,63.71,46.04,5.73,870.4,23.23,Kolhapur,Dark Brown,Wheat,19:19:19 NPK
103.2,79.13,137.05,7.68,1281.42,26.0,Pune,Black,Sugarcane,DAP
143.06,77.34,77.66,7.8,709.72,30.94,Pune,Black,Maize,MOP
89.35,55.89,58.84,6.07,824.59,18.81,Kolhapur,Dark Brown,Wheat,Urea
30.01,40.41,39.23,6.14,674.11,22.04,Satara,Black,Jowar,Urea
118.24,67.71,105.2,7.53,833.94,21.54,Satara,Black,Sugarcane,Urea
46.85,44.29,41.97,6.92,632.26,25.47,Satara,Black,Jowar,Urea
102.55,58.81,43.88,5.95,762.26,22.45,Kolhapur,Dark Brown,Wheat,19:19:19 NPK
86.04,48.21,46.91,6.31,641.59,20.14,Kolhapur,Dark Brown,Wheat,19:19:19 NPK
137.48,74.97,38.95,7.4,639.04,25.97,Sangli,Black,Maize,MOP
114.1,55.84,42.83,6.84,767.15,19.06,Sangli,Black,Wheat,SSP
79.35,71.95,97.53,6.13,1121.7,27.55,Satara,Black,Ginger,Urea
133.68,66.25,38.86,7.19,710.1,24.52,Sangli,Black,Maize,19:19:19 NPK
103.13,58.12,49.26,5.79,756.8,20.73,Kolhapur,Dark Brown,Wheat,19:19:19 NPK
138.99,84.21,144.07,6.96,951.01,31.02,Satara,Black,Sugarcane,MOP
133.2,79.87,112.7,7.98,1101.3,30.81,Satara,Black,Sugarcane,DAP
134.55,84.42,140.8,7.38,974.53,25.69,Satara,Black,Sugarcane,DAP
57.94,44.43,48.19,6.64,524.64,19.77,Satara,Black,Wheat,19:19:19 NPK
139.37,83.42,134.48,8.27,1193.26,23.37,Pune,Black,Sugarcane,DAP
84.36,61.87,55.08,5.86,914.12,24.89,Kolhapur,Dark Brown,Wheat,Urea
97.53,43.49,55.66,6.16,784.56,19.15,Kolhapur,Dark Brown,Wheat,19:19:19 NPK
96.71,47.25,50.16,6.15,875.53,21.08,Kolhapur,Dark Brown,Wheat,19:19:19 NPK
136.08,84.42,145.05,7.43,862.41,30.07,Satara,Black,Sugarcane,MOP
90.5,49.1,57.45,6.17,825.04,18.91,Kolhapur,Dark Brown,Wheat,Urea
138.49,82.86,138.46,7.35,867.7,30.86,Satara,Black,Sugarcane,MOP
112.27,65.29,91.55,8.02,1269.29,30.6,Solapur,Black,Sugarcane,MOP
78.73,36.49,43.04,7.05,750.18,23.82,Kolhapur,Dark Brown,Wheat,Urea
130.17,82.88,136.17,6.47,941.14,24.9,Satara,Black,Sugarcane,Urea
99.04,55.08,50.84,5.88,869.17,20.18,Kolhapur,Dark Brown,Wheat,Urea
116.59,58.26,39.87,6.78,810.35,17.39,Sangli,Black,Wheat,Urea
101.52,55.46,41.03,5.9,785.16,21.01,Kolhapur,Dark Brown,Wheat,19:19:19 NPK
146.29,82.26,52.29,7.61,480.83,25.32,Kolhapur,Dark Brown,Maize,SSP
135.16,82.58,131.3,8.39,1204.37,26.75,Pune,Black,Sugarcane,DAP
68.18,45.19,42.42,6.65,695.07,20.01,Kolhapur,Dark Brown,Wheat,Urea
104.64,62.0,41.25,5.82,754.12,22.47,Kolhapur,Dark Brown,Wheat,19:19:19 NPK
138.22,80.68,145.64,7.29,1203.04,30.89,Pune,Black,Sugarcane,MOP
117.31,80.05,135.14,6.22,995.95,26.2,Satara,Black,Sugarcane,Urea
142.4,77.64,49.21,7.94,574.33,29.74,Sangli,Dark Brown,Maize,MOP
102.29,43.51,41.84,6.57,612.49,17.82,Kolhapur,Dark Brown,Wheat,19:19:19 NPK
87.37,43.14,43.66,6.55,624.44,17.9,Satara,Dark Brown,Wheat,19:19:19 NPK
139.62,78.05,59.15,8.35,1107.45,29.43,Solapur,Black,Sugarcane,MOP
142.85,79.02,46.63,7.51,703.5,26.85,Kolhapur,Dark Brown,Maize,Urea
144.63,79.51,50.9,7.96,440.3,26.66,Kolhapur,Dark Brown,Maize,SSP
110.41,53.73,32.74,6.17,945.97,21.65,Kolhapur,Dark Brown,Wheat,19:19:19 NPK
79.54,58.79,51.25,6.1,693.79,16.74,Kolhapur,Dark Brown,Wheat,Urea
144.91,82.35,40.4,7.57,537.89,23.9,Kolhapur,Dark Brown,Maize,Urea
70.5,39.12,38.71,7.25,512.43,15.56,Satara,Black,Wheat,Urea
59.67,59.41,105.71,7.95,1202.39,28.22,Kolhapur,Black,Sugarcane,MOP
143.98,81.71,38.46,8.42,928.51,25.53,Solapur,Black,Sugarcane,MOP
145.68,81.51,49.87,7.6,528.72,26.05,Kolhapur,Dark Brown,Maize,SSP
98.71,66.56,129.39,8.02,1269.72,28.97,Pune,Black,Sugarcane,MOP
137.32,79.27,141.19,7.04,1128.96,29.24,Pune,Black,Sugarcane,Urea
136.89,81.55,133.13,7.53,949.79,30.19,Satara,Black,Sugarcane,DAP
72.78,57.68,42.58,6.08,637.54,18.35,Kolhapur,Dark Brown,Wheat,19:19:19 NPK
73.36,60.81,125.4,7.92,1302.79,26.87,Kolhapur,Black,Sugarcane,Urea
26.53,21.86,27.22,7.15,563.99,30.22,Satara,Black,Jowar,Urea
103.65,52.29,76.89,7.6,910.97,15.54,Pune,Black,Wheat,Urea
137.1,79.75,143.3,7.74,1007.35,30.11,Satara,Black,Sugarcane,Urea
120.58,53.27,42.35,6.57,843.93,22.5,Kolhapur,Dark Brown,Wheat,19:19:19 NPK
79.0,54.23,62.89,6.42,564.64,26.14,Satara,Black,Wheat,19:19:19 NPK
132.09,75.06,43.35,6.72,598.16,24.83,Sangli,Black,Maize,Urea
137.52,77.22,130.88,7.38,822.62,21.88,Satara,Black,Sugarcane,Urea
121.14,65.6,53.88,6.86,630.84,24.73,Sangli,Black,Maize,SSP
21.96,20.96,57.63,7.93,787.86,23.58,Pune,Black,Urad,DAP
35.4,51.93,97.82,7.83,1244.98,25.14,Kolhapur,Black,Sugarcane,Urea
106.87,54.62,39.68,6.04,759.37,20.6,Kolhapur,Dark Brown,Wheat,19:19:19 NPK
96.71,43.0,48.8,6.64,707.86,17.19,Kolhapur,Dark Brown,Wheat,19:19:19 NPK
134.32,66.64,47.76,7.13,768.1,27.28,Sangli,Black,Maize,SSP
36.75,42.11,41.09,6.25,748.71,25.58,Satara,Black,Jowar,Urea
138.72,84.64,145.4,6.73,855.48,26.25,Satara,Black,Sugarcane,Urea
142.82,82.63,43.6,7.48,474.35,23.46,Sangli,Black,Maize,SSP
105.34,55.87,45.44,6.03,784.95,22.57,Kolhapur,Dark Brown,Wheat,19:19:19 NPK
130.33,78.18,137.23,7.83,1026.15,30.45,Satara,Black,Sugarcane,MOP
90.08,63.16,92.86,7.79,977.42,28.19,Kolhapur,Dark Brown,Sugarcane,MOP
129.46,76.66,139.82,7.97,1224.15,29.27,Pune,Black,Sugarcane,MOP
106.01,49.6,50.91,6.1,731.41,20.88,Kolhapur,Dark Brown,Wheat,19:19:19 NPK
136.58,78.42,81.38,8.36,1153.08,26.96,Solapur,Black,Sugarcane,DAP
56.92,55.82,35.07,6.1,664.3,19.66,Satara,Dark Brown,Wheat,19:19:19 NPK
138.19,79.1,115.73,7.83,1092.24,33.33,Satara,Black,Sugarcane,DAP
146.16,80.79,51.16,7.54,437.4,24.92,Sangli,Black,Maize,SSP
131.13,66.32,38.8,7.28,759.14,22.04,Sangli,Black,Wheat,19:19:19 NPK
68.33,45.84,42.04,6.57,632.3,17.45,Satara,Black,Wheat,Urea
126.31,61.77,42.31,6.98,798.64,22.05,Sangli,Black,Wheat,19:19:19 NPK
100.64,46.37,51.27,6.47,677.33,18.51,Kolhapur,Dark Brown,Wheat,Urea
123.42,71.5,48.73,7.75,682.32,25.71,Kolhapur,Dark Brown,Maize,Urea
139.25,80.08,91.08,8.38,1163.52,25.74,Solapur,Black,Sugarcane,DAP
126.66,69.09,50.63,7.62,626.59,28.96,Kolhapur,Dark Brown,Maize,MOP
137.15,75.86,67.11,7.73,620.58,28.01,Kolhapur,Dark Brown,Maize,MOP
139.06,81.61,116.03,8.35,1174.24,25.06,Pune,Black,Sugarcane,DAP
26.85,40.99,65.55,6.86,897.05,24.91,Satara,Black,Ginger,DAP
136.37,73.3,137.51,7.54,1297.43,26.34,Pune,Black,Sugarcane,Urea
65.22,61.88,78.44,8.21,1209.51,28.57,Kolhapur,Black,Sugarcane,MOP
139.21,83.1,142.85,7.34,875.66,30.71,Satara,Black,Sugarcane,Urea
114.84,54.68,52.92,6.64,749.19,21.46,Sangli,Black,Maize,SSP
131.98,78.67,94.55,8.41,1227.29,27.93,Solapur,Black,Sugarcane,DAP
131.08,72.58,132.08,8.12,1272.59,30.66,Pune,Black,Sugarcane,MOP
108.6,59.34,48.62,5.88,829.81,18.48,Kolhapur,Dark Brown,Wheat,19:19:19 NPK
102.01,77.6,122.66,6.17,1044.99,29.22,Satara,Black,Sugarcane,DAP
99.72,70.12,79.07,8.15,1165.11,27.6,Solapur,Black,Sugarcane,MOP
56.0,58.81,84.95,8.19,1261.59,29.22,Kolhapur,Black,Sugarcane,MOP
142.11,78.72,139.65,7.31,848.38,22.48,Satara,Black,Sugarcane,Urea
114.16,53.3,38.53,6.32,878.69,21.41,Kolhapur,Dark Brown,Wheat,19:19:19 NPK
88.34,47.39,41.03,6.43,630.52,20.44,Satara,Black,Wheat,19:19:19 NPK
139.82,72.88,121.41,7.81,1080.65,31.66,Pune,Black,Sugarcane,MOP
106.34,56.08,48.56,5.89,831.35,21.07,Kolhapur,Dark Brown,Wheat,Urea
97.92,70.38,135.76,8.12,1369.48,23.38,Pune,Black,Sugarcane,DAP
109.2,57.74,36.3,6.07,859.4,22.06,Kolhapur,Dark Brown,Wheat,19:19:19 NPK
133.36,80.73,144.42,7.25,990.41,30.31,Satara,Black,Sugarcane,MOP
73.04,51.77,49.65,6.52,811.76,19.7,Kolhapur,Dark Brown,Wheat,Urea
132.99,83.1,134.87,6.44,988.65,32.42,Satara,Black,Sugarcane,Urea
134.32,77.84,35.7,7.65,481.67,28.15,Sangli,Black,Maize,MOP
137.0,76.24,144.26,7.84,1266.85,25.91,Pune,Black,Sugarcane,Urea
104.36,40.7,52.07,6.47,897.94,16.32,Sangli,Black,Wheat,19:19:19 NPK
143.11,78.11,72.12,7.13,679.13,28.97,Sangli,Black,Maize,MOP
135.11,75.44,109.23,7.26,903.8,27.14,Pune,Black,Sugarcane,Urea
139.87,81.1,141.44,7.28,956.34,29.89,Satara,Black,Sugarcane,Urea
92.35,59.19,48.89,5.97,811.96,21.67,Kolhapur,Dark Brown,Wheat,Urea
129.91,77.66,129.72,8.17,1094.02,29.84,Pune,Black,Sugarcane,MOP
139.55,78.32,49.94,8.31,1108.88,30.71,Solapur,Black,Sugarcane,MOP
92.46,45.99,45.71,6.79,615.62,15.24,Kolhapur,Dark Brown,Wheat,19:19:19 NPK
128.69,73.57,56.93,7.56,664.66,27.89,Kolhapur,Dark Brown,Maize,Urea
89.43,42.91,52.47,6.39,874.19,22.09,Kolhapur,Dark Brown,Wheat,Urea
112.67,73.87,65.42,8.2,1218.18,30.56,Solapur,Black,Sugarcane,MOP
134.02,80.5,142.12,7.75,1096.43,30.22,Pune,Black,Sugarcane,MOP
138.91,75.76,135.29,7.32,1142.88,28.61,Pune,Black,Sugarcane,Urea
129.59,72.93,38.73,6.64,625.43,25.74,Sangli,Black,Maize,Urea
131.21,79.73,142.73,8.39,1457.15,24.3,Pune,Black,Sugarcane,DAP
85.74,47.64,48.12,6.57,747.48,19.11,Kolhapur,Dark Brown,Wheat,Urea
123.38,67.93,111.06,8.19,1259.09,31.54,Pune,Black,Sugarcane,MOP
64.49,53.83,39.19,6.35,629.03,25.91,Satara,Black,Wheat,19:19:19 NPK
109.98,48.91,56.27,6.72,877.09,19.88,Sangli,Black,Wheat,19:19:19 NPK
76.03,73.27,120.72,7.16,1134.5,26.43,Satara,Black,Ginger,DAP
143.08,83.67,128.03,8.3,1197.5,24.79,Pune,Black,Sugarcane,DAP
132.01,80.05,38.8,7.82,544.42,24.8,Kolhapur,Dark Brown,Maize,Urea
144.24,81.35,40.44,7.51,629.75,26.27,Kolhapur,Dark Brown,Maize,Urea
97.93,54.11,68.82,6.7,566.99,21.43,Satara,Black,Wheat,Urea
130.61,83.33,142.75,8.06,1265.73,23.37,Pune,Black,Sugarcane,DAP
58.18,58.1,105.36,7.21,1070.51,23.37,Satara,Black,Ginger,DAP
138.13,85.15,138.17,7.02,869.19,28.0,Satara,Black,Sugarcane,DAP
67.39,54.5,75.98,6.54,801.99,23.01,Satara,Black,Ginger,Urea
105.89,56.03,48.5,6.03,726.17,20.57,Kolhapur,Dark Brown,Wheat,19:19:19 NPK
138.81,82.22,143.19,7.33,908.13,30.43,Satara,Black,Sugarcane,Urea
84.62,64.41,134.15,7.91,1318.86,26.93,Pune,Black,Sugarcane,Urea
119.44,72.95,69.14,8.19,1174.76,31.8,Solapur,Black,Sugarcane,MOP
140.45,73.36,52.67,7.57,703.5,28.49,Kolhapur,Dark Brown,Maize,Urea
102.83,44.03,48.82,6.8,752.16,21.2,Sangli,Black,Wheat,Urea
108.45,47.34,59.66,7.03,832.8,20.06,Sangli,Black,Wheat,Urea
94.98,44.79,51.48,6.04,843.96,22.21,Kolhapur,Dark Brown,Wheat,Urea
78.44,45.07,38.35,6.61,546.75,16.92,Kolhapur,Dark Brown,Wheat,Urea
95.47,61.73,45.7,5.77,801.4,22.68,Kolhapur,Dark Brown,Wheat,19:19:19 NPK
131.02,82.21,134.84,6.32,1039.99,31.81,Satara,Black,Sugarcane,Urea
116.21,74.66,120.23,7.22,1118.26,31.93,Satara,Black,Sugarcane,DAP
95.76,59.03,50.02,5.75,824.11,21.32,Kolhapur,Dark Brown,Wheat,19:19:19 NPK
139.68,76.75,72.22,7.39,906.39,22.43,Pune,Black,Maize,Urea
137.57,69.89,38.22,7.24,666.82,25.09,Sangli,Black,Maize,SSP
87.0,49.48,49.64,6.31,749.39,20.6,Kolhapur,Dark Brown,Wheat,Urea
76.55,50.48,35.59,6.58,670.17,25.57,Satara,Black,Wheat,19:19:19 NPK
131.79,66.18,122.97,7.48,838.84,20.38,Satara,Black,Sugarcane,Urea
93.38,44.17,50.76,7.27,647.76,17.16,Sangli,Black,Wheat,Urea
123.3,71.14,34.09,7.02,592.36,21.16,Sangli,Black,Maize,Urea
131.72,80.49,140.48,8.06,1034.5,30.96,Pune,Black,Sugarcane,MOP
137.22,75.4,99.15,7.11,834.27,31.38,Sangli,Black,Sugarcane,MOP
138.92,85.15,137.91,7.34,789.75,31.06,Satara,Black,Sugarcane,MOP
39.14,51.33,50.62,6.26,926.21,21.92,Satara,Black,Ginger,Urea
139.25,84.35,137.56,7.48,817.59,28.68,Satara,Black,Sugarcane,MOP
108.59,49.45,41.09,6.31,852.48,20.51,Kolhapur,Dark Brown,Wheat,19:19:19 NPK
99.39,56.79,46.03,6.28,981.28,23.54,Kolhapur,Dark Brown,Wheat,19:19:19 NPK
113.5,46.18,40.07,6.38,915.83,20.67,Kolhapur,Dark Brown,Wheat,19:19:19 NPK
102.37,62.85,47.83,5.77,722.93,22.59,Kolhapur,Dark Brown,Wheat,19:19:19 NPK
131.37,78.28,130.67,7.94,1040.95,30.8,Satara,Black,Sugarcane,MOP
118.95,71.81,133.76,7.92,1167.97,27.92,Pune,Black,Sugarcane,Urea
108.55,73.75,120.47,8.1,1200.95,29.93,Pune,Black,Sugarcane,MOP
91.56,41.32,44.16,6.6,615.53,16.67,Kolhapur,Dark Brown,Wheat,19:19:19 NPK
146.22,84.31,38.01,7.92,391.78,23.66,Kolhapur,Dark Brown,Maize,SSP
134.98,82.83,129.62,7.46,875.23,30.85,Satara,Black,Sugarcane,DAP
101.32,39.84,42.05,6.64,827.43,16.7,Sangli,Black,Wheat,Urea
87.02,52.12,34.63,6.15,723.46,24.84,Satara,Black,Wheat,19:19:19 NPK
105.0,60.16,35.41,5.99,874.68,23.19,Kolhapur,Dark Brown,Wheat,19:19:19 NPK
145.01,74.05,47.92,7.74,452.98,31.06,Sangli,Dark Brown,Maize,MOP
112.07,68.13,51.7,6.92,636.82,30.63,Sangli,Black,Maize,MOP
67.33,46.87,46.92,7.06,531.66,17.75,Satara,Black,Wheat,Urea
47.08,52.77,113.53,7.96,1273.66,27.35,Kolhapur,Black,Sugarcane,MOP
140.21,76.66,42.74,7.41,676.3,23.96,Kolhapur,Dark Brown,Maize,Urea
92.14,55.54,51.67,6.36,744.1,18.23,Kolhapur,Dark Brown,Wheat,Urea
127.63,78.33,142.22,7.96,1067.9,30.3,Pune,Black,Sugarcane,MOP
139.28,79.7,141.84,7.55,999.3,28.15,Satara,Black,Sugarcane,Urea
28.27,42.02,72.78,6.96,968.0,27.81,Satara,Black,Ginger,DAP
100.22,56.43,52.29,5.82,922.77,24.47,Kolhapur,Dark Brown,Wheat,Urea
107.98,57.55,51.28,5.87,750.07,21.9,Kolhapur,Dark Brown,Wheat,19:19:19 NPK
85.33,71.7,107.34,6.65,880.87,27.69,Satara,Black,Sugarcane,MOP
52.95,57.24,46.92,6.23,662.04,22.77,Satara,Black,Wheat,19:19:19 NPK
130.01,74.59,52.26,8.37,1126.37,29.11,Solapur,Black,Sugarcane,MOP
124.45,79.13,126.29,7.74,976.02,31.1,Satara,Black,Sugarcane,MOP
125.86,74.66,50.15,8.26,1136.8,30.04,Solapur,Black,Sugarcane,MOP
90.45,45.27,48.88,6.7,631.1,15.34,Satara,Dark Brown,Wheat,19:19:19 NPK
149.7,85.56,28.61,8.34,310.03,29.49,Kolhapur,Dark Brown,Maize,SSP
132.88,71.53,119.5,7.63,1264.78,24.26,Pune,Black,Sugarcane,Urea
140.84,77.73,134.0,7.4,1209.75,25.28,Pune,Black,Sugarcane,Urea
45.85,37.26,43.81,6.71,703.5,22.66,Kolhapur,Dark Brown,Wheat,Urea
66.83,64.99,69.07,6.55,814.77,19.09,Satara,Black,Wheat,19:19:19 NPK
132.18,80.81,142.88,7.65,1017.06,30.4,Satara,Black,Sugarcane,MOP
28.32,30.72,33.15,6.79,692.52,28.11,Satara,Black,Jowar,Urea
140.96,83.84,133.67,7.42,894.93,29.81,Satara,Black,Sugarcane,MOP
91.95,39.19,47.83,6.48,891.6,16.77,Sangli,Black,Wheat,Urea
114.02,65.25,43.51,6.73,708.05,26.05,Sangli,Black,Wheat,19:19:19 NPK
56.47,65.18,88.28,6.22,969.02,24.67,Satara,Black,Ginger,Urea
94.67,52.89,56.05,6.06,826.09,22.91,Kolhapur,Dark Brown,Wheat,19:19:19 NPK
137.56,84.25,145.64,6.87,894.01,29.42,Satara,Black,Sugarcane,MOP
148.33,82.48,36.5,8.01,365.95,27.38,Kolhapur,Dark Brown,Maize,SSP
104.12,51.58,47.47,6.1,812.66,21.08,Kolhapur,Dark Brown,Wheat,19:19:19 NPK
136.7,85.2,143.92,7.96,967.13,24.2,Satara,Black,Sugarcane,DAP
132.12,82.78,140.33,7.67,1158.88,26.17,Satara,Black,Sugarcane,DAP
131.39,75.75,51.86,8.25,1089.97,29.68,Solapur,Black,Sugarcane,MOP
103.18,60.32,77.34,6.93,643.39,21.29,Satara,Black,Wheat,Urea
81.07,51.28,53.13,6.34,800.55,20.97,Kolhapur,Dark Brown,Wheat,Urea
94.46,54.81,46.2,5.84,930.3,23.93,Kolhapur,Dark Brown,Wheat,Urea
105.49,57.16,42.67,6.06,902.91,22.68,Kolhapur,Dark Brown,Wheat,19:19:19 NPK
106.67,53.28,37.19,6.06,812.1,22.06,Kolhapur,Dark Brown,Wheat,19:19:19 NPK
101.75,47.02,48.03,6.69,798.39,23.83,Kolhapur,Dark Brown,Wheat,Urea
139.01,85.65,142.3,6.85,797.28,30.29,Satara,Black,Sugarcane,DAP
131.45,72.05,118.99,7.31,787.84,22.32,Satara,Black,Sugarcane,Urea
93.98,37.59,47.55,6.78,724.04,16.87,Sangli,Black,Wheat,Urea
104.62,53.5,42.3,5.98,779.62,22.61,Kolhapur,Dark Brown,Wheat,19:19:19 NPK
135.79,76.6,102.67,7.59,861.35,27.61,Kolhapur,Dark Brown,Maize,MOP
105.49,49.47,53.0,6.37,719.63,19.0,Kolhapur,Dark Brown,Wheat,Urea
136.97,83.69,144.19,7.2,830.81,29.26,Satara,Black,Sugarcane,MOP
54.29,55.45,69.97,7.07,986.52,31.36,Satara,Black,Ginger,Urea
134.13,83.24,144.27,7.43,908.65,27.05,Satara,Black,Sugarcane,MOP
84.62,59.52,58.86,5.7,864.31,21.77,Kolhapur,Dark Brown,Wheat,Urea
138.97,81.61,143.28,7.0,954.68,33.04,Satara,Black,Sugarcane,MOP
135.47,79.54,106.02,7.95,1091.54,31.36,Satara,Black,Sugarcane,MOP
131.25,78.94,70.32,8.43,1089.96,26.57,Solapur,Black,Sugarcane,DAP
136.22,81.41,122.47,7.88,1045.1,30.42,Satara,Black,Sugarcane,DAP
118.56,82.01,130.94,6.44,976.24,24.66,Satara,Black,Sugarcane,DAP
112.69,73.83,70.1,8.27,1163.86,29.74,Solapur,Black,Sugarcane,MOP
142.76,78.98,48.56,8.35,1139.28,29.97,Solapur,Black,Sugarcane,MOP
132.44,75.75,40.57,7.9,541.75,27.13,Kolhapur,Dark Brown,Maize,SSP
133.73,74.57,104.13,7.66,1185.69,20.15,Pune,Black,Sugarcane,Urea
86.88,54.97,53.71,6.28,759.09,18.1,Kolhapur,Dark Brown,Wheat,Urea
109.88,81.02,128.77,6.3,1011.61,22.87,Satara,Black,Sugarcane,DAP
143.35,83.95,143.48,6.76,1000.41,30.72,Satara,Black,Sugarcane,Urea
136.78,84.3,139.92,6.71,884.77,30.19,Satara,Black,Sugarcane,DAP
108.17,43.65,52.51,6.29,848.63,19.51,Kolhapur,Dark Brown,Wheat,19:19:19 NPK
91.78,52.36,51.08,5.97,885.76,24.33,Kolhapur,Dark Brown,Wheat,Urea
91.34,63.33,41.43,5.89,734.9,19.32,Kolhapur,Dark Brown,Wheat,19:19:19 NPK
139.46,83.39,41.44,8.44,1038.71,29.67,Solapur,Black,Sugarcane,MOP
149.17,82.95,36.61,8.2,326.52,31.69,Kolhapur,Dark Brown,Maize,MOP
140.61,85.24,147.03,6.92,904.81,30.66,Satara,Black,Sugarcane,MOP
105.46,48.3,48.17,6.11,685.13,17.74,Kolhapur,Dark Brown,Wheat,19:19:19 NPK
90.97,52.86,47.53,6.12,708.59,18.55,Kolhapur,Dark Brown,Wheat,19:19:19 NPK
112.58,43.65,49.71,6.29,843.44,21.09,Kolhapur,Dark Brown,Wheat,19:19:19 NPK
78.81,40.15,37.86,7.6,572.32,15.99,Kolhapur,Dark Brown,Wheat,Urea
136.39,84.0,137.02,8.25,934.76,24.88,Satara,Black,Sugarcane,DAP
125.18,73.41,91.87,7.74,1154.13,19.36,Pune,Black,Wheat,Urea
135.01,76.78,113.91,7.46,1071.1,32.71,Pune,Black,Sugarcane,MOP
111.22,52.27,40.44,6.27,827.35,21.15,Kolhapur,Dark Brown,Wheat,19:19:19 NPK
125.3,83.57,136.03,6.48,966.3,26.33,Satara,Black,Sugarcane,DAP
135.22,82.3,142.59,7.71,978.19,31.51,Satara,Black,Sugarcane,MOP
133.0,57.76,41.26,6.76,753.61,22.88,Sangli,Black,Wheat,19:19:19 NPK
87.03,62.52,82.83,6.95,572.11,20.56,Satara,Black,Wheat,19:19:19 NPK
104.82,68.52,129.6,8.06,1231.91,29.28,Pune,Black,Sugarcane,Urea
116.12,58.52,62.34,6.7,718.6,23.56,Sangli,Black,Wheat,Urea
106.52,76.2,130.12,6.29,886.25,24.26,Satara,Black,Sugarcane,Urea
98.84,63.07,52.57,5.76,823.45,22.62,Kolhapur,Dark Brown,Wheat,19:19:19 NPK
135.54,82.57,123.9,7.49,1072.72,26.18,Satara,Black,Sugarcane,MOP
143.34,70.83,74.59,7.93,780.09,32.7,Pune,Black,Maize,MOP
99.1,47.77,50.11,6.06,764.38,18.61,Kolhapur,Dark Brown,Wheat,19:19:19 NPK
83.87,55.33,54.18,6.15,677.6,19.98,Kolhapur,Dark Brown,Wheat,Urea
117.21,67.86,41.79,6.68,633.76,22.92,Sangli,Black,Maize,SSP
135.86,75.03,67.46,7.59,676.68,29.16,Sangli,Black,Maize,MOP
96.82,51.7,45.07,6.45,914.3,22.13,Kolhapur,Dark Brown,Wheat,Urea
130.43,80.77,126.94,6.92,964.79,33.92,Satara,Black,Sugarcane,Urea
117.39,79.59,44.95,7.85,604.58,23.19,Kolhapur,Dark Brown,Maize,Urea
25.56,31.32,39.22,6.89,765.65,27.7,Satara,Black,Jowar,Urea
122.72,78.66,134.48,6.53,797.43,25.11,Satara,Black,Sugarcane,Urea
131.16,82.76,139.78,7.55,885.95,29.99,Satara,Black,Sugarcane,MOP
139.75,72.08,75.09,7.85,808.9,30.68,Pune,Black,Maize,MOP
110.56,67.76,134.4,8.03,1284.86,29.49,Pune,Black,Sugarcane,MOP
142.18,82.12,143.39,6.83,876.68,27.21,Satara,Black,Sugarcane,Urea
98.27,44.42,55.81,6.41,726.67,19.43,Kolhapur,Dark Brown,Wheat,Urea
74.82,40.45,56.21,6.75,777.03,19.61,Kolhapur,Dark Brown,Wheat,Urea
55.66,50.45,58.82,6.32,718.17,20.38,Satara,Black,Wheat,Urea
137.48,77.53,71.5,8.28,1092.44,30.38,Solapur,Black,Sugarcane,MOP
143.04,79.63,42.01,7.9,506.36,27.52,Kolhapur,Dark Brown,Maize,SSP
137.35,82.81,136.4,7.37,944.77,27.83,Satara,Black,Sugarcane,DAP
119.92,52.15,39.47,6.38,866.44,20.36,Kolhapur,Dark Brown,Wheat,19:19:19 NPK
91.94,52.26,48.57,5.89,840.7,22.99,Kolhapur,Dark Brown,Wheat,Urea
145.33,81.77,42.5,7.64,426.95,22.73,Sangli,Black,Maize,SSP
135.72,82.01,128.33,7.55,875.48,29.98,Satara,Black,Sugarcane,DAP
140.63,82.68,39.34,7.88,495.45,25.54,Kolhapur,Dark Brown,Maize,Urea
147.41,83.59,35.07,8.14,405.52,24.61,Kolhapur,Dark Brown,Maize,SSP
134.28,83.69,139.87,6.35,902.7,30.25,Satara,Black,Sugarcane,Urea
130.41,70.37,126.2,7.45,919.91,20.83,Satara,Black,Sugarcane,Urea
76.91,40.16,39.45,7.08,604.04,15.59,Satara,Black,Wheat,Urea
116.19,70.66,137.59,7.84,1265.23,30.0,Pune,Black,Sugarcane,MOP
135.95,81.29,133.88,8.06,960.04,27.32,Satara,Black,Sugarcane,DAP
138.4,80.09,56.23,8.41,1066.99,29.71,Solapur,Black,Sugarcane,MOP
133.59,74.95,46.39,7.39,771.9,22.36,Sangli,Black,Maize,Urea
120.35,52.98,48.97,6.73,947.4,22.68,Sangli,Black,Wheat,19:19:19 NPK
139.55,84.3,138.15,7.58,885.61,27.85,Satara,Black,Sugarcane,MOP
96.52,42.42,51.55,6.81,767.2,18.91,Sangli,Black,Wheat,Urea
98.66,48.23,51.64,6.07,893.6,24.3,Kolhapur,Dark Brown,Wheat,Urea
68.86,54.23,60.5,6.09,758.94,16.67,Kolhapur,Dark Brown,Wheat,Urea
139.98,76.91,94.74,7.66,902.09,31.67,Pune,Black,Sugarcane,MOP
113.15,66.11,93.63,6.92,899.69,25.91,Satara,Black,Sugarcane,Urea
47.42,36.81,34.75,7.25,656.08,22.13,Kolhapur,Dark Brown,Wheat,Urea
132.57,78.57,117.7,7.68,968.66,31.08,Satara,Black,Sugarcane,MOP
96.62,59.1,53.53,5.8,836.81,22.55,Kolhapur,Dark Brown,Wheat,19:19:19 NPK
95.91,48.64,45.5,6.12,695.43,19.58,Kolhapur,Dark Brown,Wheat,19:19:19 NPK
42.16,36.99,37.63,6.19,726.88,22.41,Kolhapur,Dark Brown,Jowar,Urea
141.28,81.06,136.85,7.26,956.04,29.62,Satara,Black,Sugarcane,Urea
60.74,56.79,59.11,6.93,623.6,22.69,Satara,Black,Wheat,19:19:19 NPK
130.92,66.84,104.6,6.9,1085.74,23.04,Pune,Black,Sugarcane,Urea
138.26,81.96,44.17,8.46,847.97,26.94,Solapur,Black,Sugarcane,MOP
141.14,79.24,44.84,7.2,565.39,27.34,Sangli,Black,Maize,SSP
59.33,63.74,62.85,7.83,850.33,25.58,Kolhapur,Dark Brown,Maize,MOP
133.38,80.78,132.81,7.92,975.07,29.39,Satara,Black,Sugarcane,MOP
119.38,52.64,46.52,6.83,894.25,19.6,Sangli,Black,Wheat,19:19:19 NPK
148.84,83.07,36.54,8.12,342.37,28.41,Kolhapur,Dark Brown,Maize,MOP
109.97,52.27,43.0,6.06,714.65,20.34,Kolhapur,Dark Brown,Wheat,19:19:19 NPK
141.54,82.76,44.49,8.42,1034.78,29.33,Solapur,Black,Sugarcane,MOP
66.15,57.97,68.05,6.66,841.95,27.38,Satara,Black,Ginger,Urea
135.66,79.36,41.77,8.44,961.01,28.33,Solapur,Black,Sugarcane,DAP
53.01,57.0,62.46,5.93,749.29,21.31,Satara,Black,Wheat,Urea
139.62,84.28,138.19,7.59,810.34,24.49,Satara,Black,Sugarcane,DAP
138.97,78.64,49.77,6.96,641.8,26.99,Sangli,Black,Maize,Urea
147.55,82.69,43.33,7.97,397.6,26.49,Kolhapur,Dark Brown,Maize,SSP
58.92,49.25,45.13,6.24,723.7,19.24,Satara,Black,Wheat,Urea
123.74,75.58,114.13,7.17,926.84,32.5,Pune,Black,Sugarcane,MOP
34.13,50.97,99.27,7.9,1303.08,26.47,Kolhapur,Black,Sugarcane,Urea
128.18,82.5,127.14,6.79,1071.6,27.35,Satara,Black,Sugarcane,MOP
85.72,54.68,52.32,5.79,840.92,19.47,Kolhapur,Dark Brown,Wheat,Urea
147.85,82.9,40.53,7.94,381.63,24.77,Kolhapur,Dark Brown,Maize,SSP
134.26,85.17,140.44,6.95,816.04,32.12,Satara,Black,Sugarcane,MOP
59.84,55.41,100.82,7.9,1251.4,26.92,Kolhapur,Black,Sugarcane,MOP
132.41,72.56,94.86,7.51,1154.56,22.37,Pune,Black,Sugarcane,Urea
129.56,70.38,43.24,7.29,668.79,26.89,Sangli,Black,Maize,MOP
116.8,68.82,45.6,6.91,640.61,19.86,Sangli,Black,Maize,SSP
84.42,75.06,120.33,6.6,996.93,28.44,Satara,Black,Sugarcane,DAP
100.08,38.51,48.64,6.57,830.93,17.94,Kolhapur,Dark Brown,Wheat,Urea
96.89,52.79,44.58,6.25,944.05,24.35,Kolhapur,Dark Brown,Wheat,Urea
134.92,81.41,127.1,7.77,939.99,27.85,Satara,Black,Sugarcane,MOP
28.43,42.88,41.98,6.46,776.97,28.3,Satara,Black,Ginger,Urea
125.01,65.62,113.82,7.6,1041.03,20.26,Pune,Black,Sugarcane,Urea
69.02,62.0,76.96,6.48,904.5,28.24,Satara,Black,Ginger,Urea
145.82,81.57,39.49,8.05,389.15,27.98,Kolhapur,Dark Brown,Maize,MOP
77.9,29.13,54.85,6.82,728.05,21.17,Kolhapur,Dark Brown,Wheat,Urea
124.9,57.64,30.3,6.59,897.66,27.07,Kolhapur,Dark Brown,Wheat,19:19:19 NPK
139.69,80.91,38.98,7.53,595.96,25.87,Kolhapur,Dark Brown,Maize,Urea
132.41,72.24,143.69,7.9,1341.46,29.9,Pune,Black,Sugarcane,MOP
98.54,59.25,45.2,5.88,733.9,18.81,Kolhapur,Dark Brown,Wheat,19:19:19 NPK
60.82,56.43,59.01,6.16,588.53,21.88,Satara,Black,Wheat,19:19:19 NPK
69.91,53.66,64.83,6.75,742.04,22.75,Satara,Black,Wheat,Urea
90.37,51.02,54.89,6.18,726.4,17.36,Kolhapur,Dark Brown,Wheat,Urea
127.86,81.69,133.37,6.42,977.68,27.85,Satara,Black,Sugarcane,Urea
129.53,73.87,65.5,7.46,704.72,32.45,Sangli,Black,Maize,MOP
99.04,54.7,46.7,5.93,959.0,25.06,Kolhapur,Dark Brown,Wheat,Urea
48.99,52.5,53.87,6.16,796.19,19.56,Satara,Black,Wheat,Urea
102.72,65.18,75.09,7.89,865.49,27.8,Kolhapur,Dark Brown,Maize,MOP
114.33,55.12,38.21,6.13,877.6,21.72,Kolhapur,Dark Brown,Wheat,19:19:19 NPK
26.05,20.78,37.05,8.12,618.99,32.46,Pune,Black,Urad,Urea
94.9,49.26,49.57,7.03,654.5,19.87,Sangli,Black,Wheat,Urea
106.45,74.46,46.58,7.75,681.73,25.02,Kolhapur,Dark Brown,Maize,Urea
137.38,71.22,83.91,7.11,954.45,24.14,Pune,Black,Sugarcane,Urea
115.06,48.49,44.78,6.58,878.77,22.8,Kolhapur,Dark Brown,Wheat,19:19:19 NPK
129.44,77.95,128.98,7.37,922.92,28.52,Pune,Black,Sugarcane,MOP
139.37,82.01,123.72,8.3,1099.93,26.1,Pune,Black,Sugarcane,DAP
136.81,82.55,144.22,7.31,986.44,29.61,Satara,Black,Sugarcane,Urea
108.21,44.31,53.3,6.36,777.86,20.97,Kolhapur,Dark Brown,Wheat,19:19:19 NPK
143.26,81.77,47.71,7.97,470.17,26.28,Kolhapur,Dark Brown,Maize,SSP
57.5,62.13,73.38,6.23,947.89,26.93,Satara,Black,Ginger,Urea
90.41,44.02,53.62,6.1,830.0,21.46,Kolhapur,Dark Brown,Wheat,Urea
51.44,53.03,60.35,6.33,834.88,24.23,Satara,Black,Ginger,Urea
122.05,53.44,41.31,6.61,899.53,22.81,Sangli,Black,Wheat,19:19:19 NPK
136.07,75.5,57.06,7.24,600.05,31.08,Sangli,Black,Maize,MOP
111.03,41.7,48.65,6.54,820.44,20.59,Kolhapur,Dark Brown,Wheat,19:19:19 NPK
115.15,53.0,46.88,6.27,856.62,23.16,Kolhapur,Dark Brown,Wheat,19:19:19 NPK
97.78,47.17,45.14,6.19,770.97,19.35,Kolhapur,Dark Brown,Wheat,19:19:19 NPK
103.99,55.92,81.14,7.11,638.6,20.29,Satara,Black,Wheat,Urea
122.11,57.88,43.86,6.94,911.88,18.31,Sangli,Black,Wheat,19:19:19 NPK
99.18,58.74,51.66,5.85,846.67,23.76,Kolhapur,Dark Brown,Wheat,19:19:19 NPK
112.17,82.05,97.65,8.49,1147.19,21.86,Pune,Black,Cotton,DAP
125.07,60.5,45.88,6.94,878.5,20.3,Sangli,Black,Wheat,19:19:19 NPK
145.08,78.32,39.54,8.09,398.87,32.49,Sangli,Black,Maize,MOP
41.88,37.75,42.05,6.64,712.0,23.47,Kolhapur,Black,Jowar,Urea
105.02,51.61,44.72,6.18,768.0,21.79,Kolhapur,Dark Brown,Wheat,19:19:19 NPK
83.66,66.49,95.06,6.99,696.96,26.13,Satara,Black,Wheat,MOP
135.64,80.76,131.58,7.6,891.59,28.13,Satara,Black,Sugarcane,MOP
116.93,67.0,111.52,7.9,1098.07,28.96,Kolhapur,Black,Sugarcane,MOP
98.14,40.4,45.18,6.22,751.24,17.44,Kolhapur,Dark Brown,Wheat,19:19:19 NPK
140.62,84.03,138.33,7.04,848.46,30.35,Satara,Black,Sugarcane,Urea
138.16,77.53,53.09,8.34,1129.26,28.72,Solapur,Black,Sugarcane,MOP
146.47,78.3,49.07,7.84,438.54,29.31,Kolhapur,Dark Brown,Maize,MOP
133.25,80.24,142.44,7.27,981.66,31.43,Satara,Black,Sugarcane,MOP
133.09,76.56,144.99,8.02,1281.96,26.43,Pune,Black,Sugarcane,Urea
143.02,73.93,77.43,7.6,759.98,32.19,Kolhapur,Dark Brown,Maize,MOP
119.67,79.77,134.78,6.21,898.76,27.93,Satara,Black,Sugarcane,Urea
70.27,53.63,45.26,6.04,743.75,18.21,Kolhapur,Dark Brown,Wheat,Urea
134.95,83.09,138.89,7.66,854.19,30.2,Satara,Black,Sugarcane,MOP
94.6,42.89,40.71,6.77,594.56,17.85,Kolhapur,Dark Brown,Wheat,Urea
56.85,41.39,41.19,7.25,605.12,20.9,Satara,Black,Wheat,Urea
56.71,49.13,32.59,6.3,689.29,21.28,Solapur,Dark Brown,Wheat,19:19:19 NPK
103.68,49.67,47.0,6.51,828.36,20.86,Kolhapur,Dark Brown,Wheat,Urea
143.2,77.71,139.87,7.41,1001.71,21.14,Satara,Black,Sugarcane,Urea
103.97,77.56,126.95,6.76,1197.88,28.21,Satara,Black,Sugarcane,DAP
123.95,73.22,121.51,6.68,828.3,24.43,Satara,Black,Sugarcane,Urea
144.22,80.76,53.16,7.77,470.34,23.74,Kolhapur,Dark Brown,Maize,SSP
124.68,69.61,73.87,8.18,1190.54,28.78,Solapur,Black,Sugarcane,MOP
105.33,57.69,49.55,5.99,712.08,21.64,Kolhapur,Dark Brown,Wheat,19:19:19 NPK
111.76,58.99,43.62,6.06,831.92,23.47,Kolhapur,Dark Brown,Wheat,19:19:19 NPK
146.33,83.63,38.43,7.81,505.38,25.03,Kolhapur,Dark Brown,Maize,Urea
149.78,85.88,25.74,8.31,307.34,30.28,Kolhapur,Dark Brown,Maize,SSP
63.55,48.11,45.74,6.79,696.58,23.0,Kolhapur,Dark Brown,Wheat,Urea
113.12,51.1,47.73,6.5,728.49,24.63,Sangli,Black,Maize,SSP
108.81,58.68,38.23,6.71,768.85,23.48,Sangli,Black,Wheat,19:19:19 NPK
77.42,71.28,102.93,6.25,891.69,29.6,Satara,Black,Ginger,Urea
132.2,81.76,140.21,7.22,915.53,29.96,Satara,Black,Sugarcane,MOP
46.37,28.71,53.47,6.89,668.67,20.47,Kolhapur,Dark Brown,Wheat,Urea
124.02,72.2,41.02,6.82,601.18,24.73,Sangli,Black,Maize,SSP
148.22,81.96,37.0,8.05,364.97,27.27,Kolhapur,Dark Brown,Maize,SSP
86.16,44.67,45.54,6.66,523.87,16.34,Kolhapur,Dark Brown,Wheat,Urea
145.9,77.67,49.89,7.86,459.64,29.98,Kolhapur,Dark Brown,Maize,MOP
139.37,77.16,49.41,8.35,1124.19,29.5,Solapur,Black,Sugarcane,MOP
142.11,82.2,140.99,7.25,884.39,28.64,Satara,Black,Sugarcane,Urea
132.56,80.34,126.01,8.15,1023.76,30.41,Satara,Black,Sugarcane,DAP
112.52,70.33,130.19,8.02,1270.12,29.43,Pune,Black,Sugarcane,MOP
97.71,50.63,49.26,5.99,851.24,22.5,Kolhapur,Dark Brown,Wheat,Urea
142.77,86.3,141.64,7.16,894.01,27.94,Satara,Black,Sugarcane,MOP
90.7,56.72,51.47,6.12,854.95,19.13,Kolhapur,Dark Brown,Wheat,Urea
92.9,59.7,86.58,7.99,977.84,29.22,Kolhapur,Black,Sugarcane,MOP
142.42,83.84,145.81,7.19,893.54,30.57,Satara,Black,Sugarcane,Urea
133.28,79.24,56.0,8.37,1091.1,30.5,Solapur,Black,Sugarcane,DAP
135.0,83.88,143.31,7.09,888.6,32.17,Satara,Black,Sugarcane,MOP
126.77,66.64,136.86,7.8,1332.82,28.69,Pune,Black,Sugarcane,MOP
127.37,78.04,136.6,7.01,897.16,27.22,Satara,Black,Sugarcane,MOP
101.56,65.02,41.98,5.94,823.35,23.34,Kolhapur,Dark Brown,Wheat,19:19:19 NPK
117.19,64.19,39.36,6.12,971.41,24.61,Kolhapur,Dark Brown,Wheat,19:19:19 NPK
118.31,58.79,30.6,6.66,778.59,24.39,Kolhapur,Dark Brown,Wheat,19:19:19 NPK
134.55,77.97,145.79,7.77,1291.02,32.4,Pune,Black,Sugarcane,MOP
97.92,60.11,44.47,6.03,707.65,19.3,Kolhapur,Dark Brown,Wheat,19:19:19 NPK
142.95,84.77,145.81,6.76,796.7,30.17,Satara,Black,Sugarcane,Urea
114.49,54.21,42.16,6.72,993.89,19.08,Sangli,Black,Wheat,19:19:19 NPK
137.23,82.36,141.97,7.38,984.67,30.82,Satara,Black,Sugarcane,MOP
121.79,53.82,46.66,6.63,869.07,20.06,Kolhapur,Dark Brown,Wheat,19:19:19 NPK
145.18,78.42,46.93,7.93,437.39,26.9,Kolhapur,Dark Brown,Maize,SSP
127.22,81.85,134.15,8.33,1158.8,26.18,Pune,Black,Sugarcane,DAP
30.42,43.67,58.21,6.82,790.24,29.4,Satara,Black,Ginger,Urea
98.99,39.58,51.25,6.41,885.72,20.03,Kolhapur,Dark Brown,Wheat,19:19:19 NPK
131.88,76.6,124.56,7.83,993.26,30.09,Satara,Black,Sugarcane,MOP
84.91,57.64,50.03,5.87,864.36,20.46,Kolhapur,Dark Brown,Wheat,Urea
86.54,46.05,44.41,6.75,635.71,20.46,Satara,Black,Wheat,19:19:19 NPK
107.98,80.49,137.03,7.73,1172.57,27.69,Pune,Black,Sugarcane,DAP
111.67,78.11,129.19,6.98,816.75,23.03,Satara,Black,Sugarcane,MOP
94.59,49.69,47.46,6.37,784.34,20.99,Kolhapur,Dark Brown,Wheat,Urea
131.83,76.02,55.61,8.27,1154.96,28.88,Solapur,Black,Sugarcane,MOP
95.51,50.24,33.45,6.26,728.47,21.9,Kolhapur,Dark Brown,Wheat,19:19:19 NPK
109.6,43.6,38.21,6.78,840.54,17.48,Sangli,Black,Wheat,Urea
113.21,52.85,34.58,6.16,882.16,20.94,Kolhapur,Dark Brown,Wheat,19:19:19 NPK
128.94,77.04,121.6,7.57,1064.16,29.94,Satara,Black,Sugarcane,MOP
65.23,44.77,44.62,6.75,540.57,18.59,Satara,Black,Wheat,Urea
144.55,78.21,47.33,7.55,600.32,27.18,Kolhapur,Dark Brown,Maize,SSP
116.88,80.56,130.66,7.52,1279.38,28.44,Satara,Black,Sugarcane,DAP
112.84,42.63,37.59,6.35,936.33,17.9,Kolhapur,Dark Brown,Wheat,19:19:19 NPK
138.71,73.83,71.39,8.33,1117.87,31.41,Solapur,Black,Sugarcane,MOP
146.53,81.08,44.4,7.79,408.12,26.25,Kolhapur,Dark Brown,Maize,SSP
131.21,69.93,62.04,8.33,1199.38,29.59,Solapur,Black,Sugarcane,MOP
141.48,78.37,43.24,8.39,1112.62,30.16,Solapur,Black,Sugarcane,MOP
131.03,73.05,144.85,7.86,1363.99,29.11,Pune,Black,Sugarcane,MOP
88.15,49.51,46.87,6.23,632.95,20.6,Kolhapur,Dark Brown,Wheat,19:19:19 NPK
86.19,58.84,55.23,6.72,610.27,28.7,Satara,Black,Wheat,19:19:19 NPK
131.69,80.38,58.89,8.41,1128.14,28.71,Solapur,Black,Sugarcane,DAP
89.41,61.12,42.24,6.01,772.44,17.82,Kolhapur,Dark Brown,Wheat,19:19:19 NPK
109.41,48.94,48.79,6.29,724.48,21.94,Kolhapur,Dark Brown,Wheat,19:19:19 NPK
105.52,56.68,50.54,6.02,791.91,20.65,Kolhapur,Dark Brown,Wheat,19:19:19 NPK
132.62,77.93,132.71,6.69,884.16,26.29,Satara,Black,Sugarcane,Urea
63.17,69.64,108.86,6.09,950.47,23.2,Satara,Black,Ginger,Ammonium Sulphate
138.9,72.19,60.5,7.9,679.36,31.16,Sangli,Black,Maize,MOP
113.47,71.26,41.04,7.84,510.34,28.44,Kolhapur,Dark Brown,Maize,MOP
101.25,62.58,43.53,5.95,917.01,23.35,Kolhapur,Dark Brown,Wheat,19:19:19 NPK
99.9,55.41,47.51,6.29,858.48,21.89,Kolhapur,Dark Brown,Wheat,Urea
92.55,44.12,51.68,7.23,773.21,23.47,Kolhapur,Dark Brown,Wheat,Urea
96.02,67.78,74.3,7.74,857.39,28.12,Kolhapur,Dark Brown,Maize,MOP
31.75,33.08,34.09,6.84,687.62,25.32,Satara,Black,Jowar,Urea
101.44,56.76,57.02,6.08,804.98,20.01,Kolhapur,Dark Brown,Wheat,Urea
94.23,38.12,41.08,6.88,719.26,16.91,Sangli,Black,Wheat,Urea
135.09,72.97,45.32,7.82,564.74,29.34,Kolhapur,Dark Brown,Maize,MOP
125.28,56.86,32.49,6.62,833.55,23.57,Kolhapur,Dark Brown,Wheat,19:19:19 NPK
135.35,73.07,52.35,7.11,611.84,30.17,Sangli,Black,Maize,SSP
101.89,55.76,56.52,6.12,826.68,18.64,Kolhapur,Dark Brown,Wheat,Urea
132.19,72.26,117.31,7.58,963.06,28.35,Pune,Black,Sugarcane,MOP
81.36,47.05,51.79,6.82,752.02,20.74,Kolhapur,Dark Brown,Wheat,Urea
125.41,66.02,71.43,7.46,1002.28,19.62,Pune,Black,Wheat,Urea
141.61,75.67,78.04,7.34,788.15,32.77,Pune,Black,Maize,MOP
135.49,83.66,134.7,6.46,1026.87,30.99,Satara,Black,Sugarcane,Urea
107.09,54.32,44.6,6.18,804.51,19.79,Kolhapur,Dark Brown,Wheat,19:19:19 NPK
134.22,82.42,146.02,7.57,1010.78,29.94,Satara,Black,Sugarcane,MOP
22.74,18.28,39.18,7.81,667.2,29.27,Pune,Black,Urad,DAP
114.05,72.34,125.67,7.63,972.32,30.1,Pune,Black,Sugarcane,MOP
61.47,57.8,48.3,6.1,645.62,18.09,Satara,Dark Brown,Wheat,19:19:19 NPK
100.35,50.92,47.15,6.41,826.5,20.39,Kolhapur,Dark Brown,Wheat,Urea
33.42,32.75,48.88,7.2,786.69,31.01,Satara,Black,Jowar,Urea
94.13,42.27,52.26,6.31,880.99,16.82,Kolhapur,Dark Brown,Wheat,19:19:19 NPK
147.3,82.62,47.0,7.6,397.29,24.96,Kolhapur,Dark Brown,Maize,SSP
86.23,43.91,43.89,6.58,550.93,16.14,Kolhapur,Dark Brown,Wheat,19:19:19 NPK
91.11,62.72,121.43,7.87,1339.04,24.65,Kolhapur,Black,Sugarcane,Urea
117.11,66.3,135.79,7.88,1341.77,27.71,Pune,Black,Sugarcane,Urea
101.83,67.03,126.22,7.96,1239.43,28.6,Pune,Black,Sugarcane,Urea
104.47,57.05,43.66,5.97,785.09,21.49,Kolhapur,Dark Brown,Wheat,19:19:19 NPK
80.73,60.37,52.38,5.77,968.16,23.72,Kolhapur,Dark Brown,Wheat,Urea
121.56,67.79,36.5,6.76,676.51,21.67,Sangli,Black,Wheat,Urea
106.51,60.55,49.8,5.77,726.54,23.16,Kolhapur,Dark Brown,Wheat,19:19:19 NPK
56.74,61.31,76.03,6.6,961.09,29.57,Satara,Black,Ginger,Urea
110.44,63.4,65.59,7.32,803.49,25.64,Sangli,Black,Maize,MOP
80.28,60.81,99.81,8.05,1299.12,29.15,Kolhapur,Black,Sugarcane,MOP
131.48,75.0,142.29,7.74,1291.81,26.07,Pune,Black,Sugarcane,Urea
104.99,45.07,46.91,6.43,759.7,19.91,Kolhapur,Dark Brown,Wheat,19:19:19 NPK
82.34,46.25,41.08,6.45,531.33,19.79,Satara,Black,Wheat,19:19:19 NPK
121.4,79.33,126.67,7.09,941.52,30.53,Satara,Black,Sugarcane,MOP
103.64,49.3,45.8,6.18,739.12,20.6,Kolhapur,Dark Brown,Wheat,19:19:19 NPK
138.37,73.15,45.12,7.83,505.24,29.13,Kolhapur,Dark Brown,Maize,MOP
130.49,82.11,136.56,7.32,925.85,27.39,Satara,Black,Sugarcane,MOP
96.32,57.58,52.39,6.28,868.63,21.41,Kolhapur,Dark Brown,Wheat,Urea
147.14,84.13,44.12,7.69,419.22,23.72,Sangli,Black,Maize,SSP
124.92,63.86,33.05,6.92,642.41,22.69,Sangli,Black,Maize,Urea
143.03,82.24,145.88,7.63,998.01,25.37,Satara,Black,Sugarcane,Urea
109.57,72.23,111.2,6.36,824.53,24.74,Satara,Black,Sugarcane,Urea
138.79,70.86,130.82,8.0,1317.07,31.24,Pune,Black,Sugarcane,MOP
121.05,77.1,141.61,7.21,1003.9,26.68,Pune,Black,Sugarcane,MOP
128.29,75.93,123.99,6.58,900.84,27.48,Satara,Black,Sugarcane,Urea
123.28,80.47,130.18,6.24,1118.99,28.75,Satara,Black,Sugarcane,Urea
137.25,80.58,118.2,7.99,920.55,27.93,Satara,Black,Sugarcane,MOP
90.81,57.69,46.34,5.96,1004.78,25.46,Kolhapur,Dark Brown,Wheat,Urea
110.02,42.26,53.02,6.35,927.62,18.51,Kolhapur,Dark Brown,Wheat,19:19:19 NPK
55.72,53.1,48.23,5.9,653.74,14.96,Kolhapur,Dark Brown,Wheat,19:19:19 NPK
141.36,81.57,48.77,8.42,1048.01,28.09,Solapur,Black,Sugarcane,MOP
141.43,84.07,140.41,6.68,894.34,31.6,Satara,Black,Sugarcane,Urea
77.77,57.13,49.19,6.01,635.07,16.76,Kolhapur,Dark Brown,Wheat,19:19:19 NPK
96.55,55.22,45.42,6.18,907.6,23.85,Kolhapur,Dark Brown,Wheat,Urea
32.78,55.33,84.72,7.76,1037.22,23.71,Kolhapur,Dark Brown,Maize,Urea
141.77,80.63,41.1,7.59,508.78,29.49,Sangli,Black,Maize,MOP
136.46,75.97,134.24,7.23,987.95,25.2,Satara,Black,Sugarcane,Urea
125.03,72.59,128.39,7.01,865.46,27.75,Satara,Black,Sugarcane,MOP
136.47,83.52,141.83,6.79,861.43,28.06,Satara,Black,Sugarcane,Urea
123.79,81.49,130.03,6.72,1031.26,26.11,Satara,Black,Sugarcane,DAP
125.06,53.75,51.16,7.08,766.21,22.38,Sangli,Black,Maize,SSP
85.1,45.98,46.38,6.04,843.65,22.05,Kolhapur,Dark Brown,Wheat,19:19:19 NPK
72.55,51.5,45.96,6.26,596.65,16.91,Kolhapur,Dark Brown,Wheat,19:19:19 NPK
40.92,53.42,50.3,6.13,815.11,22.23,Satara,Black,Ginger,Urea
141.81,79.6,54.23,7.41,631.19,24.8,Sangli,Dark Brown,Maize,Urea
138.65,79.55,130.62,7.53,890.96,29.9,Satara,Black,Sugarcane,Urea
120.11,76.51,57.52,8.22,1134.29,29.34,Solapur,Black,Sugarcane,MOP
111.44,71.55,48.57,7.79,765.52,24.92,Kolhapur,Dark Brown,Maize,Urea
138.73,82.09,45.48,8.43,1030.14,30.65,Solapur,Black,Sugarcane,MOP
142.66,82.8,142.41,6.53,988.73,29.16,Satara,Black,Sugarcane,Urea
101.49,67.24,120.94,7.92,1237.83,26.19,Kolhapur,Black,Sugarcane,Urea
123.28,66.61,91.66,7.33,928.46,23.2,Sangli,Black,Sugarcane,Urea
98.07,59.23,52.27,5.73,774.09,22.46,Kolhapur,Dark Brown,Wheat,19:19:19 NPK
73.32,57.25,52.22,5.93,746.2,16.74,Kolhapur,Dark Brown,Wheat,Urea
100.11,49.89,49.81,6.17,811.56,21.82,Kolhapur,Dark Brown,Wheat,Urea
135.04,72.78,77.57,7.55,931.49,27.33,Kolhapur,Dark Brown,Maize,Urea
93.16,39.47,41.54,6.79,824.19,16.06,Kolhapur,Dark Brown,Wheat,Urea
139.04,81.94,141.98,7.47,812.99,28.14,Satara,Black,Sugarcane,Urea
138.61,78.87,41.24,7.74,527.8,25.8,Kolhapur,Dark Brown,Maize,SSP
130.83,77.42,119.82,8.03,1041.48,28.77,Satara,Black,Sugarcane,MOP
130.24,74.34,35.23,7.11,565.6,22.34,Sangli,Black,Maize,Urea
139.67,83.34,139.24,8.38,1281.84,21.31,Pune,Black,Sugarcane,DAP
119.9,68.85,124.41,7.93,1228.55,31.17,Pune,Black,Sugarcane,Urea
120.13,82.95,143.18,7.9,1236.37,24.74,Pune,Black,Sugarcane,DAP
90.68,60.36,49.99,5.71,865.92,24.98,Kolhapur,Dark Brown,Wheat,Urea
143.05,74.11,78.42,7.72,818.04,33.0,Pune,Black,Maize,MOP
118.1,80.57,130.09,6.11,1033.76,27.25,Satara,Black,Sugarcane,Urea
137.23,80.94,141.11,7.32,1029.3,30.44,Satara,Black,Sugarcane,Urea
50.42,46.58,40.04,6.27,736.14,16.72,Kolhapur,Dark Brown,Wheat,Urea
96.84,51.9,47.11,6.02,830.07,20.64,Kolhapur,Dark Brown,Wheat,Urea
125.51,73.33,110.17,7.89,1226.97,21.19,Pune,Black,Sugarcane,Urea
85.53,60.88,84.85,6.78,643.41,21.79,Satara,Black,Wheat,19:19:19 NPK
112.91,59.68,67.3,6.7,678.16,21.26,Sangli,Black,Wheat,Urea
44.39,52.43,46.82,6.11,801.0,18.91,Satara,Black,Wheat,Urea
133.9,75.89,107.05,8.12,1139.32,28.9,Satara,Black,Sugarcane,DAP
128.75,71.6,41.55,7.33,675.81,24.61,Sangli,Black,Maize,MOP
141.64,85.7,143.81,6.69,853.71,31.0,Satara,Black,Sugarcane,Urea
129.01,77.51,129.29,8.27,1099.18,32.13,Pune,Black,Sugarcane,MOP
129.85,73.94,92.67,7.23,744.38,30.28,Sangli,Black,Sugarcane,MOP
116.9,59.15,45.98,6.59,681.28,25.45,Sangli,Black,Maize,Urea
105.47,47.55,57.13,7.03,771.18,19.81,Sangli,Black,Wheat,Urea
131.55,80.77,141.77,6.82,850.79,27.82,Satara,Black,Sugarcane,Urea
84.1,61.17,84.89,7.75,1094.88,26.58,Kolhapur,Dark Brown,Sugarcane,Urea
93.21,49.94,45.3,6.12,732.19,18.44,Kolhapur,Dark Brown,Wheat,19:19:19 NPK
125.05,67.52,42.44,6.92,706.93,20.78,Sangli,Black,Maize,SSP
138.41,69.97,108.61,7.61,1005.77,31.82,Pune,Black,Sugarcane,MOP
112.48,45.11,46.47,6.6,908.84,17.42,Sangli,Black,Wheat,19:19:19 NPK
104.99,73.75,115.07,6.19,1052.8,30.4,Satara,Black,Sugarcane,Urea
92.73,39.17,46.38,6.9,652.12,19.45,Sangli,Black,Wheat,Urea
45.77,57.01,64.75,6.08,864.89,20.01,Satara,Black,Ginger,Urea
93.09,49.78,53.74,6.07,843.86,21.98,Kolhapur,Dark Brown,Wheat,Urea
68.25,63.68,55.92,6.61,598.02,29.23,Satara,Black,Wheat,19:19:19 NPK
97.72,52.42,51.49,5.88,784.53,21.51,Kolhapur,Dark Brown,Wheat,19:19:19 NPK
141.2,76.53,134.72,7.5,865.99,21.93,Satara,Black,Sugarcane,Urea
137.64,78.81,136.62,7.08,771.95,23.5,Satara,Black,Sugarcane,Urea
66.27,56.62,51.98,5.92,668.96,18.46,Kolhapur,Dark Brown,Wheat,19:19:19 NPK
119.62,54.74,30.45,6.28,938.11,22.15,Kolhapur,Dark Brown,Wheat,19:19:19 NPK
99.08,41.73,47.62,7.04,814.54,17.24,Kolhapur,Dark Brown,Wheat,Urea
129.8,71.05,132.34,7.89,1290.3,28.51,Pune,Black,Sugarcane,Urea
145.05,79.02,49.25,8.01,436.08,30.07,Kolhapur,Dark Brown,Maize,MOP
91.21,67.69,41.19,5.69,861.85,24.84,Kolhapur,Dark Brown,Wheat,19:19:19 NPK
146.88,79.64,44.06,7.92,411.01,29.78,Kolhapur,Dark Brown,Maize,MOP
146.44,80.4,49.06,7.7,445.58,24.85,Kolhapur,Dark Brown,Maize,SSP
42.23,54.6,43.29,6.05,647.29,21.11,Satara,Black,Wheat,19:19:19 NPK
22.76,17.78,29.51,7.38,586.51,28.24,Kolhapur,Black,Jowar,Urea
114.24,79.47,93.27,8.43,1121.93,27.39,Solapur,Black,Sugarcane,DAP
102.49,53.45,51.48,6.48,767.17,22.86,Kolhapur,Dark Brown,Wheat,Urea
72.04,59.5,60.67,7.58,849.83,25.37,Kolhapur,Dark Brown,Maize,MOP
92.18,59.09,55.15,5.99,797.51,18.79,Kolhapur,Dark Brown,Wheat,Urea
141.41,85.47,144.2,6.79,856.71,30.52,Satara,Black,Sugarcane,Urea
134.54,82.2,130.64,7.68,889.18,28.48,Satara,Black,Sugarcane,MOP
136.62,81.87,138.07,7.41,1040.74,31.08,Satara,Black,Sugarcane,MOP
107.37,43.94,47.39,6.4,806.32,18.35,Kolhapur,Dark Brown,Wheat,19:19:19 NPK
116.73,69.47,80.66,7.76,824.35,27.86,Kolhapur,Dark Brown,Maize,MOP
102.01,50.33,51.26,6.32,668.2,18.71,Kolhapur,Dark Brown,Wheat,19:19:19 NPK
140.61,85.88,142.67,7.08,847.91,30.23,Satara,Black,Sugarcane,MOP
132.09,78.79,124.03,8.02,1003.6,30.21,Satara,Black,Sugarcane,MOP
74.7,66.45,104.24,6.09,911.49,25.71,Satara,Black,Sugarcane,Urea
134.37,68.62,121.53,7.86,1114.76,31.76,Pune,Black,Sugarcane,MOP
137.97,75.04,63.7,7.23,897.35,24.49,Pune,Black,Maize,Urea
136.19,77.68,39.11,7.05,587.23,25.21,Sangli,Black,Maize,Urea
92.91,58.95,47.8,5.74,940.59,24.2,Kolhapur,Dark Brown,Wheat,Urea
138.35,76.59,75.25,7.44,867.18,24.71,Pune,Black,Maize,Urea
140.84,83.23,142.16,7.06,890.02,30.53,Satara,Black,Sugarcane,Urea
43.37,55.16,65.01,6.15,957.68,27.74,Satara,Black,Ginger,Urea
53.17,67.2,96.48,6.13,1064.52,26.01,Satara,Black,Ginger,DAP
132.52,73.56,41.28,6.93,669.65,24.22,Sangli,Black,Maize,Urea
125.17,72.81,90.03,8.07,1132.46,30.53,Satara,Black,Sugarcane,MOP
97.13,39.42,42.22,6.75,766.7,19.48,Sangli,Black,Wheat,Urea
130.01,74.27,82.74,8.1,1031.6,29.39,Solapur,Black,Sugarcane,MOP
114.41,42.95,51.54,6.49,767.15,19.14,Sangli,Black,Wheat,19:19:19 NPK
100.14,57.48,49.72,5.96,900.8,24.73,Kolhapur,Dark Brown,Wheat,Urea
68.33,56.67,43.66,6.13,625.09,18.85,Kolhapur,Dark Brown,Wheat,19:19:19 NPK
102.69,48.05,57.05,6.49,748.54,22.04,Sangli,Black,Wheat,Urea
130.91,73.69,48.94,7.18,664.37,25.09,Sangli,Black,Maize,MOP
141.31,83.92,142.52,6.81,917.76,32.78,Satara,Black,Sugarcane,Urea
69.08,62.94,121.4,8.03,1284.46,25.48,Kolhapur,Black,Sugarcane,Urea
146.64,82.27,44.39,7.86,473.98,22.66,Kolhapur,Dark Brown,Maize,SSP
123.71,64.84,111.91,7.71,947.35,20.45,Pune,Black,Sugarcane,Urea
122.97,58.78,38.81,6.55,900.91,22.75,Sangli,Black,Wheat,19:19:19 NPK
136.7,82.65,144.77,7.35,976.44,29.24,Satara,Black,Sugarcane,Urea
129.8,83.75,96.41,8.48,1159.08,22.26,Pune,Black,Sugarcane,DAP
136.63,79.54,103.85,8.03,1041.06,30.82,Satara,Black,Sugarcane,MOP
124.09,82.03,141.14,7.77,1274.98,25.83,Pune,Black,Sugarcane,DAP
104.72,54.5,48.65,6.02,765.44,21.67,Kolhapur,Dark Brown,Wheat,19:19:19 NPK
146.09,80.0,46.8,7.95,397.74,25.73,Sangli,Dark Brown,Maize,SSP
116.18,58.28,32.4,6.16,978.53,22.59,Kolhapur,Dark Brown,Wheat,19:19:19 NPK
102.7,52.72,51.14,6.02,800.48,20.31,Kolhapur,Dark Brown,Wheat,Urea
101.97,62.64,89.18,6.95,846.27,23.84,Satara,Black,Sugarcane,Urea
138.81,81.07,139.93,6.56,935.61,30.31,Satara,Black,Sugarcane,Urea
99.83,53.66,48.62,6.3,636.85,17.79,Kolhapur,Dark Brown,Wheat,19:19:19 NPK
135.54,74.1,138.64,7.54,1248.3,25.76,Pune,Black,Sugarcane,Urea
140.6,78.62,57.7,7.68,641.93,25.19,Kolhapur,Dark Brown,Maize,MOP
131.77,76.76,135.48,8.1,1206.81,30.41,Pune,Black,Sugarcane,MOP
108.59,46.18,48.5,6.57,856.76,18.05,Sangli,Black,Wheat,19:19:19 NPK
130.8,72.88,47.98,7.26,770.12,20.28,Sangli,Black,Wheat,Urea
134.44,72.01,109.25,7.63,1203.99,21.75,Pune,Black,Sugarcane,Urea
96.0,52.23,48.35,6.05,887.78,22.33,Kolhapur,Dark Brown,Wheat,Urea
129.27,77.54,128.44,6.61,987.24,28.78,Satara,Black,Sugarcane,Urea
38.48,51.3,47.35,5.98,832.87,24.41,Satara,Black,Ginger,Urea
120.5,72.36,141.2,8.06,1337.71,29.91,Pune,Black,Sugarcane,MOP
133.73,83.49,142.36,7.99,1178.53,23.0,Pune,Black,Sugarcane,DAP
137.55,84.12,137.39,7.1,871.73,29.99,Satara,Black,Sugarcane,DAP
125.08,54.63,47.87,6.99,903.22,20.58,Sangli,Black,Wheat,19:19:19 NPK
134.16,80.57,115.85,8.26,1155.32,27.91,Satara,Black,Sugarcane,DAP
56.74,64.84,92.28,6.44,1076.08,23.36,Satara,Black,Ginger,DAP
149.21,84.47,37.36,8.1,330.35,29.71,Kolhapur,Dark Brown,Maize,SSP
103.44,52.29,36.55,6.08,795.95,21.03,Kolhapur,Dark Brown,Wheat,19:19:19 NPK
138.04,76.25,60.74,8.22,1147.88,31.39,Solapur,Black,Sugarcane,MOP
48.28,58.02,98.28,7.74,1168.77,26.42,Kolhapur,Dark Brown,Sugarcane,MOP
91.23,40.24,49.54,6.26,770.7,18.48,Kolhapur,Dark Brown,Wheat,19:19:19 NPK
146.41,86.01,37.87,7.76,422.41,21.63,Sangli,Black,Maize,SSP
106.48,61.61,36.4,6.11,1024.11,24.93,Kolhapur,Dark Brown,Wheat,19:19:19 NPK
133.79,77.08,33.42,7.71,487.37,28.61,Sangli,Black,Maize,MOP
77.24,45.15,39.05,6.59,526.07,16.67,Kolhapur,Dark Brown,Wheat,19:19:19 NPK
100.66,57.13,49.0,6.03,817.39,23.91,Kolhapur,Dark Brown,Wheat,19:19:19 NPK
127.0,70.66,93.82,8.03,1176.28,30.48,Pune,Black,Sugarcane,MOP
120.09,59.12,44.67,6.64,760.25,22.02,Sangli,Black,Wheat,Urea
67.82,50.15,61.42,6.81,647.2,18.93,Satara,Black,Wheat,Urea
63.63,50.4,44.03,6.32,598.62,16.43,Satara,Dark Brown,Wheat,Urea
136.77,78.65,109.9,8.04,1042.33,29.1,Satara,Black,Sugarcane,MOP
143.16,77.57,129.74,7.71,1172.12,33.59,Pune,Black,Sugarcane,MOP
112.24,50.37,48.29,6.39,847.09,22.89,Kolhapur,Dark Brown,Wheat,19:19:19 NPK
148.99,85.35,40.41,8.2,352.18,25.06,Kolhapur,Dark Brown,Maize,SSP
133.75,75.83,140.86,7.69,1075.47,22.75,Satara,Black,Sugarcane,Urea
136.6,79.83,31.6,7.73,543.36,25.41,Kolhapur,Dark Brown,Maize,Urea
74.51,67.31,95.64,6.65,855.14,22.77,Satara,Black,Ginger,Urea
83.89,55.09,41.13,6.47,721.0,25.52,Kolhapur,Dark Brown,Wheat,19:19:19 NPK
147.93,83.67,37.53,7.94,388.51,29.37,Sangli,Black,Maize,MOP
149.39,85.76,39.51,8.13,330.92,25.17,Sangli,Black,Maize,SSP
53.58,49.71,49.46,6.27,651.01,18.28,Satara,Black,Wheat,Urea
103.5,52.69,46.66,6.23,928.22,23.69,Kolhapur,Dark Brown,Wheat,Urea
100.57,58.12,48.34,6.11,794.42,19.68,Kolhapur,Dark Brown,Wheat,Urea
139.28,84.84,142.22,7.45,838.74,29.39,Satara,Black,Sugarcane,MOP
67.64,49.95,36.05,6.36,672.88,22.76,Kolhapur,Dark Brown,Wheat,19:19:19 NPK
32.93,54.07,82.89,7.85,1058.3,23.0,Kolhapur,Dark Brown,Maize,Urea
121.92,56.18,47.61,6.53,911.6,19.53,Sangli,Black,Wheat,SSP
81.48,59.47,31.97,6.0,721.54,17.58,Kolhapur,Dark Brown,Wheat,19:19:19 NPK
97.05,65.91,122.89,8.17,1192.28,27.98,Pune,Black,Sugarcane,DAP
118.15,60.83,37.68,7.02,809.43,22.15,Sangli,Black,Wheat,19:19:19 NPK
36.22,53.38,72.88,6.73,986.11,27.25,Satara,Black,Ginger,DAP
133.27,80.19,131.98,7.93,966.57,30.95,Satara,Black,Sugarcane,MOP
93.44,52.8,45.7,6.09,925.74,25.32,Kolhapur,Dark Brown,Wheat,19:19:19 NPK
61.61,66.52,80.71,6.24,1032.75,31.1,Satara,Black,Ginger,Urea
113.02,76.75,136.24,7.85,1272.19,27.25,Pune,Black,Sugarcane,DAP
139.64,77.52,49.97,7.33,580.65,28.61,Sangli,Black,Maize,MOP
117.04,51.39,52.69,6.71,744.38,16.77,Sangli,Black,Wheat,SSP
97.77,56.02,50.59,5.98,856.07,21.39,Kolhapur,Dark Brown,Wheat,Urea
142.03,80.96,143.74,7.52,1035.81,24.94,Satara,Black,Sugarcane,Urea
142.09,80.07,42.73,7.47,540.7,28.68,Sangli,Black,Maize,MOP
96.29,62.3,54.68,5.7,905.83,25.15,Kolhapur,Dark Brown,Wheat,Urea
137.15,82.32,130.4,7.73,971.43,28.06,Satara,Black,Sugarcane,MOP
143.49,82.24,145.4,6.78,913.19,28.94,Satara,Black,Sugarcane,Urea
138.31,74.77,55.82,7.48,605.41,26.65,Kolhapur,Dark Brown,Maize,MOP
137.95,83.0,128.57,8.33,1187.37,24.64,Pune,Black,Sugarcane,DAP
99.45,56.43,51.27,5.87,922.63,24.98,Kolhapur,Dark Brown,Wheat,Urea
135.28,79.73,105.01,8.29,1077.39,27.05,Satara,Black,Sugarcane,DAP
104.77,57.71,48.05,5.98,905.71,21.39,Kolhapur,Dark Brown,Wheat,Urea
147.63,82.59,45.02,7.83,393.09,27.25,Kolhapur,Dark Brown,Maize,SSP
99.89,37.88,48.97,6.56,713.34,17.97,Kolhapur,Dark Brown,Wheat,19:19:19 NPK
141.88,78.64,140.8,7.55,1333.27,21.04,Pune,Black,Sugarcane,Urea
110.04,73.73,94.3,8.08,1196.25,29.25,Solapur,Black,Sugarcane,MOP
139.29,76.56,111.22,8.11,1160.18,31.89,Pune,Black,Sugarcane,MOP
140.93,85.26,142.0,6.37,896.2,29.65,Satara,Black,Sugarcane,Urea
131.45,82.43,137.44,7.63,855.51,30.96,Satara,Black,Sugarcane,MOP
96.52,58.1,47.34,5.81,815.02,20.61,Kolhapur,Dark Brown,Wheat,19:19:19 NPK
101.51,42.25,54.16,6.36,839.91,18.68,Sangli,Black,Wheat,19:19:19 NPK
66.9,53.94,73.23,6.39,640.93,19.29,Satara,Black,Wheat,Urea
110.88,45.61,49.11,6.65,890.56,16.23,Sangli,Black,Wheat,19:19:19 NPK
119.5,75.13,82.92,8.16,1132.82,30.82,Solapur,Black,Sugarcane,MOP
104.35,59.9,45.78,6.0,781.37,20.96,Kolhapur,Dark Brown,Wheat,19:19:19 NPK
38.96,46.82,103.96,7.99,1132.97,25.09,Pune,Black,Ginger,DAP
83.81,60.47,58.16,5.64,842.04,22.25,Kolhapur,Dark Brown,Wheat,Urea
135.81,82.21,127.42,7.63,899.78,30.75,Satara,Black,Sugarcane,MOP
103.5,70.32,100.12,6.55,704.62,21.86,Satara,Black,Sugarcane,19:19:19 NPK
126.39,82.74,137.12,6.39,974.57,29.33,Satara,Black,Sugarcane,Urea
97.89,53.69,53.56,7.04,845.34,24.91,Satara,Black,Wheat,Urea
133.67,81.96,91.6,8.47,1071.71,25.09,Solapur,Black,Sugarcane,DAP
137.4,77.5,143.21,7.82,1328.85,26.45,Pune,Black,Sugarcane,Urea
64.98,48.52,44.26,6.72,709.84,21.7,Kolhapur,Dark Brown,Wheat,Urea
140.21,81.66,46.62,8.4,1105.77,28.71,Solapur,Black,Sugarcane,MOP
133.22,82.58,138.86,6.79,943.39,28.4,Satara,Black,Sugarcane,Urea
91.71,65.22,45.02,5.69,788.8,22.64,Kolhapur,Dark Brown,Wheat,19:19:19 NPK
62.96,54.98,101.61,8.04,1218.96,28.2,Kolhapur,Black,Sugarcane,MOP
98.5,76.06,137.42,7.4,1303.46,25.67,Pune,Black,Sugarcane,DAP
144.99,81.11,47.16,7.59,629.04,25.86,Kolhapur,Dark Brown,Maize,Urea
61.06,44.82,43.06,6.51,539.57,20.35,Satara,Black,Wheat,19:19:19 NPK
143.09,81.62,42.95,7.57,586.7,23.64,Kolhapur,Dark Brown,Maize,Urea
66.71,58.96,105.12,8.06,1299.88,29.33,Kolhapur,Black,Sugarcane,MOP
90.13,59.21,49.29,5.88,958.59,25.4,Kolhapur,Dark Brown,Wheat,Urea
91.87,53.1,49.06,6.35,765.41,19.85,Kolhapur,Dark Brown,Wheat,Urea
124.1,77.97,61.04,8.3,1116.54,31.76,Solapur,Black,Sugarcane,DAP
25.13,51.15,106.82,7.9,1107.36,24.94,Kolhapur,Dark Brown,Maize,SSP
106.5,54.25,52.55,5.94,842.66,22.3,Kolhapur,Dark Brown,Wheat,19:19:19 NPK
138.46,84.47,142.35,7.33,886.21,27.92,Satara,Black,Sugarcane,MOP
70.61,25.7,50.92,7.0,714.85,21.44,Kolhapur,Dark Brown,Wheat,Urea
146.66,81.71,52.36,7.94,406.18,28.65,Kolhapur,Dark Brown,Maize,SSP
107.38,62.48,98.43,7.03,738.79,22.61,Satara,Black,Sugarcane,Urea
132.29,73.0,136.96,7.41,1164.92,27.42,Pune,Black,Sugarcane,Urea
136.73,76.68,93.61,7.34,912.54,25.21,Pune,Black,Sugarcane,Urea
129.25,67.45,113.2,7.58,926.17,18.3,Satara,Black,Sugarcane,Urea
127.21,64.77,46.09,6.95,808.7,22.96,Sangli,Black,Maize,SSP
138.21,84.02,136.61,7.31,915.37,26.31,Satara,Black,Sugarcane,DAP
60.99,51.7,39.45,6.29,655.01,19.86,Satara,Black,Wheat,19:19:19 NPK
92.45,46.77,47.62,6.82,720.8,18.89,Kolhapur,Dark Brown,Wheat,Urea
92.62,63.68,101.28,8.19,1274.02,29.33,Kolhapur,Black,Sugarcane,MOP
135.08,81.09,82.72,8.23,1143.89,30.79,Satara,Black,Sugarcane,DAP
130.42,80.98,135.51,6.71,1100.67,28.14,Satara,Black,Sugarcane,DAP
33.69,53.14,83.93,7.73,984.14,26.27,Kolhapur,Dark Brown,Maize,MOP
107.66,44.49,48.8,6.35,884.56,20.29,Kolhapur,Dark Brown,Wheat,19:19:19 NPK
141.8,83.53,144.41,6.67,878.53,28.5,Satara,Black,Sugarcane,Urea
137.5,76.88,101.13,8.13,1104.22,31.73,Solapur,Black,Sugarcane,MOP
115.44,68.45,125.77,8.01,1314.39,31.42,Pune,Black,Sugarcane,MOP
140.66,83.72,137.67,6.39,930.86,31.96,Satara,Black,Sugarcane,Urea
95.53,49.5,49.81,6.2,649.68,16.26,Kolhapur,Dark Brown,Wheat,19:19:19 NPK
138.07,77.98,124.94,7.46,1058.53,32.4,Pune,Black,Sugarcane,MOP
127.88,81.6,121.22,8.27,1129.66,28.95,Satara,Black,Sugarcane,DAP
126.19,60.43,50.01,6.97,785.87,21.71,Sangli,Black,Maize,SSP
42.15,49.99,51.88,6.33,797.42,25.48,Satara,Black,Ginger,Urea
120.37,71.77,76.2,8.16,1162.16,29.93,Solapur,Black,Sugarcane,MOP
106.97,49.64,46.69,6.63,866.4,17.66,Sangli,Black,Wheat,Urea
55.41,24.38,50.86,7.22,676.98,20.1,Kolhapur,Dark Brown,Wheat,Urea
87.15,62.89,134.46,7.96,1313.32,28.64,Pune,Black,Sugarcane,MOP
105.82,47.36,42.66,6.16,867.68,20.99,Kolhapur,Dark Brown,Wheat,19:19:19 NPK
68.78,65.8,76.6,6.37,962.28,29.03,Satara,Black,Ginger,Urea
144.8,82.72,44.97,7.43,488.29,22.8,Sangli,Black,Maize,SSP
116.18,56.1,36.37,6.57,846.91,22.15,Kolhapur,Dark Brown,Wheat,19:19:19 NPK
53.49,50.88,57.42,6.34,675.41,17.63,Satara,Dark Brown,Wheat,Urea
125.75,71.85,140.37,7.89,1363.72,28.54,Pune,Black,Sugarcane,Urea
103.83,74.4,137.91,8.02,1331.48,20.1,Pune,Black,Sugarcane,DAP
134.08,72.76,44.56,7.12,677.58,27.25,Sangli,Black,Maize,SSP
130.62,77.73,114.82,8.04,1112.77,30.3,Satara,Black,Sugarcane,MOP
91.77,45.34,45.27,6.52,660.87,18.75,Kolhapur,Dark Brown,Wheat,19:19:19 NPK
88.67,59.57,54.07,5.83,832.99,22.57,Kolhapur,Dark Brown,Wheat,Urea
97.69,58.09,48.82,5.83,832.39,19.76,Kolhapur,Dark Brown,Wheat,Urea
98.11,52.88,46.39,6.24,725.52,17.65,Kolhapur,Dark Brown,Wheat,19:19:19 NPK
140.4,84.26,137.69,7.09,922.24,26.63,Satara,Black,Sugarcane,DAP
122.22,63.49,104.11,7.43,668.26,19.13,Satara,Black,Sugarcane,Urea
100.75,39.53,48.49,6.42,785.58,16.3,Kolhapur,Dark Brown,Wheat,19:19:19 NPK
132.68,81.49,136.7,6.52,946.33,30.94,Satara,Black,Sugarcane,Urea
78.56,39.08,42.75,7.5,633.68,14.57,Sangli,Black,Wheat,Urea
138.58,83.69,142.07,8.29,1411.51,22.09,Pune,Black,Sugarcane,DAP
140.12,83.07,147.58,7.49,1111.46,28.66,Pune,Black,Sugarcane,Urea
142.85,80.37,44.29,7.59,504.91,25.41,Sangli,Black,Maize,SSP
145.55,80.38,42.27,7.86,453.62,26.16,Kolhapur,Dark Brown,Maize,SSP
75.54,54.36,42.07,6.35,637.12,21.35,Satara,Black,Wheat,19:19:19 NPK
144.05,82.77,47.74,7.26,533.01,22.49,Sangli,Black,Maize,Urea
112.65,71.42,92.41,8.08,1198.58,30.02,Solapur,Black,Sugarcane,MOP
130.7,77.38,138.43,7.54,1162.58,28.56,Pune,Black,Sugarcane,MOP
128.78,68.88,109.52,7.65,953.72,16.43,Pune,Black,Sugarcane,Urea
109.44,55.82,38.44,6.16,903.81,22.43,Kolhapur,Dark Brown,Wheat,19:19:19 NPK
69.39,51.03,48.08,6.16,683.38,20.48,Satara,Black,Wheat,19:19:19 NPK
141.25,81.02,42.44,7.44,548.56,20.81,Sangli,Black,Maize,Urea
131.7,72.02,65.11,7.57,679.51,28.71,Kolhapur,Dark Brown,Maize,MOP
67.75,36.92,33.59,7.41,487.95,15.24,Satara,Black,Wheat,Urea
106.56,57.77,40.57,6.08,840.15,23.82,Kolhapur,Dark Brown,Wheat,19:19:19 NPK
114.58,71.04,75.83,8.12,1210.75,30.1,Solapur,Black,Sugarcane,MOP
